ID,请求ID,AccessKey名称,模型,消耗token,类型,金额（元）,时间
643149,tk-20260518235834-b25v1f,MX,seedance2.0,324900,消费,-14.9454,"2026-05-18 23:58:34"
643160,tk-20260518235740-i144kj,MX,seedance2.0,324900,消费,-14.9454,"2026-05-18 23:57:40"
643151,tk-20260518235728-9irljf,MX,seedance2.0,195300,消费,-8.9838,"2026-05-18 23:57:28"
643150,tk-20260518235707-hwmu3m,MX,seedance2.0,324900,消费,-14.9454,"2026-05-18 23:57:07"
643146,tk-20260518235412-l2zbks,MX,seedance2.0,324900,消费,-14.9454,"2026-05-18 23:54:12"
643136,tk-20260518235255-ucusoj,MX,seedance2.0,324900,消费,-14.9454,"2026-05-18 23:52:55"
643147,tk-20260518234840-wh2iyi,MX,seedance2.0,87300,消费,-4.0158,"2026-05-18 23:48:40"
643134,tk-20260518234729-t6gba4,MX,seedance2.0,152100,消费,-6.9966,"2026-05-18 23:47:29"
643126,tk-20260518234304-mfdx06,MX,seedance2.0,324900,消费,-14.9454,"2026-05-18 23:43:04"
643125,tk-20260518234212-jpdnvj,MX,seedance2.0,152100,消费,-6.9966,"2026-05-18 23:42:12"
643115,tk-20260518234007-8cekai,MX,seedance2.0,324900,消费,-14.9454,"2026-05-18 23:40:07"
643116,tk-20260518233702-0ekgdq,MX,seedance2.0,130500,消费,-6.0030,"2026-05-18 23:37:02"
643111,tk-20260518233201-dmbdri,MX,seedance2.0,87300,消费,-4.0158,"2026-05-18 23:32:01"
643101,tk-20260518232920-fa1oc4,MX,seedance2.0,324900,消费,-14.9454,"2026-05-18 23:29:20"
643098,tk-20260518232714-kcecmh,MX,seedance2.0,324900,消费,-14.9454,"2026-05-18 23:27:14"
643091,tk-20260518231952-bio66n,MX,seedance2.0,152100,消费,-6.9966,"2026-05-18 23:19:52"
643086,tk-20260518231648-v7g09u,MX,seedance2.0,173700,消费,-7.9902,"2026-05-18 23:16:48"
643090,tk-20260518231537-3hkof1,MX,seedance2.0,216900,消费,-9.9774,"2026-05-18 23:15:37"
643083,tk-20260518231448-jo5wt0,MX,seedance2.0,324900,消费,-14.9454,"2026-05-18 23:14:48"
643081,tk-20260518231236-17cso6,MX,seedance2.0,108900,消费,-5.0094,"2026-05-18 23:12:36"
643079,tk-20260518231207-73096u,MX,seedance2.0,130500,消费,-6.0030,"2026-05-18 23:12:07"
643085,tk-20260518231201-mj4u12,MX,seedance2.0,324900,消费,-14.9454,"2026-05-18 23:12:01"
643073,tk-20260518230926-m7bh7s,MX,seedance2.0,152100,消费,-6.9966,"2026-05-18 23:09:26"
643072,tk-20260518230911-hvyuen,MX,seedance2.0,87300,消费,-4.0158,"2026-05-18 23:09:11"
643075,tk-20260518230704-h7ekpx,MX,seedance2.0,324900,消费,-14.9454,"2026-05-18 23:07:04"
643066,tk-20260518230524-doctr6,MX,seedance2.0,108900,消费,-5.0094,"2026-05-18 23:05:24"
643061,tk-20260518230229-orhufy,MX,seedance2.0,152100,消费,-6.9966,"2026-05-18 23:02:29"
643047,tk-20260518225435-duheyv,MX,seedance2.0,108900,消费,-5.0094,"2026-05-18 22:54:35"
643046,tk-20260518225103-gmxrnz,MX,seedance2.0,130500,消费,-6.0030,"2026-05-18 22:51:03"
643038,tk-20260518225008-g82l01,MX,seedance2.0,108900,消费,-5.0094,"2026-05-18 22:50:08"
643026,tk-20260518224256-5wo5j1,MX,seedance2.0,324900,消费,-14.9454,"2026-05-18 22:42:56"
643024,tk-20260518224249-ks7kl8,MX,seedance2.0,324900,消费,-14.9454,"2026-05-18 22:42:49"
643017,tk-20260518224142-v1pu5k,MX,seedance2.0,324900,消费,-14.9454,"2026-05-18 22:41:42"
643014,tk-20260518223740-s9dz3x,MX,seedance2.0,324900,消费,-14.9454,"2026-05-18 22:37:40"
643005,tk-20260518223546-cpkd3s,MX,seedance2.0,324900,消费,-14.9454,"2026-05-18 22:35:46"
642996,tk-20260518223200-qfo91w,MX,seedance2.0,324900,消费,-14.9454,"2026-05-18 22:32:00"
642965,tk-20260518222843-5gskr8,MX,seedance2.0,260100,消费,-11.9646,"2026-05-18 22:28:43"
642922,tk-20260518222313-02dqjw,MX,seedance2.0,324900,消费,-14.9454,"2026-05-18 22:23:13"
642903,tk-20260518222203-hfnznr,MX,seedance2.0,324900,消费,-14.9454,"2026-05-18 22:22:03"
642893,tk-20260518222155-kida52,MX,seedance2.0,324900,消费,-14.9454,"2026-05-18 22:21:55"
642872,tk-20260518221934-n21plc,MX,seedance2.0,260100,消费,-11.9646,"2026-05-18 22:19:34"
642846,tk-20260518221519-v06755,MX,seedance2.0,324900,消费,-14.9454,"2026-05-18 22:15:19"
642820,tk-20260518221450-bwm3qv,MX,seedance2.0,324900,消费,-14.9454,"2026-05-18 22:14:50"
642827,tk-20260518221324-mmb0el,MX,seedance2.0,324900,消费,-14.9454,"2026-05-18 22:13:24"
642809,tk-20260518221256-akxhcc,MX,seedance2.0,87300,消费,-4.0158,"2026-05-18 22:12:56"
642807,tk-20260518221244-y0mnch,MX,seedance2.0,108900,消费,-5.0094,"2026-05-18 22:12:44"
642802,tk-20260518220825-h9hi6l,MX,seedance2.0,324900,消费,-14.9454,"2026-05-18 22:08:25"
642790,tk-20260518220724-2andgn,MX,seedance2.0,324900,消费,-14.9454,"2026-05-18 22:07:24"
642788,tk-20260518220638-q8t8ux,MX,seedance2.0,130500,消费,-6.0030,"2026-05-18 22:06:38"
642794,tk-20260518220446-maqo4h,MX,seedance2.0,324900,消费,-14.9454,"2026-05-18 22:04:46"
642793,tk-20260518220444-a8ejzl,MX,seedance2.0,324900,消费,-14.9454,"2026-05-18 22:04:44"
642792,tk-20260518220421-ebv00c,MX,seedance2.0,324900,消费,-14.9454,"2026-05-18 22:04:21"
642772,tk-20260518220040-hcmgf9,MX,seedance2.0,324900,消费,-14.9454,"2026-05-18 22:00:40"
642760,tk-20260518215844-16d132,MX,seedance2.0,108900,消费,-5.0094,"2026-05-18 21:58:44"
642758,tk-20260518215821-ue31s4,MX,seedance2.0,260100,消费,-11.9646,"2026-05-18 21:58:21"
642770,tk-20260518215729-wxiufq,MX,seedance2.0,324900,消费,-14.9454,"2026-05-18 21:57:29"
642755,tk-20260518215710-eika2w,MX,seedance2.0,108900,消费,-5.0094,"2026-05-18 21:57:10"
642766,tk-20260518215703-3xpyyt,MX,seedance2.0,324900,消费,-14.9454,"2026-05-18 21:57:03"
642764,tk-20260518215652-m8y2cy,MX,seedance2.0,324900,消费,-14.9454,"2026-05-18 21:56:52"
642759,tk-20260518215535-r8fcl9,MX,seedance2.0,173700,消费,-7.9902,"2026-05-18 21:55:35"
642742,tk-20260518215309-228p89,MX,seedance2.0,108900,消费,-5.0094,"2026-05-18 21:53:09"
642752,tk-20260518215228-puat1z,MX,seedance2.0,216900,消费,-9.9774,"2026-05-18 21:52:28"
642730,tk-20260518215116-h2hy5e,MX,seedance2.0,324900,消费,-14.9454,"2026-05-18 21:51:16"
642724,tk-20260518215040-de4l3d,MX,seedance2.0,173700,消费,-7.9902,"2026-05-18 21:50:40"
642685,tk-20260518214919-zkmvdt,MX,seedance2.0,216900,消费,-9.9774,"2026-05-18 21:49:19"
642712,tk-20260518214657-hgqa20,MX,seedance2.0,324900,消费,-14.9454,"2026-05-18 21:46:57"
642700,tk-20260518214634-f2kscq,MX,seedance2.0,303300,消费,-13.9518,"2026-05-18 21:46:34"
642667,tk-20260518214549-hkprk8,MX,seedance2.0,324900,消费,-14.9454,"2026-05-18 21:45:49"
642647,tk-20260518214526-y2lwez,MX,seedance2.0,152100,消费,-6.9966,"2026-05-18 21:45:26"
642646,tk-20260518214515-hijvny,MX,seedance2.0,108900,消费,-5.0094,"2026-05-18 21:45:15"
642644,tk-20260518214451-zud9qg,MX,seedance2.0,216900,消费,-9.9774,"2026-05-18 21:44:51"
642659,tk-20260518214358-7xcjl5,MX,seedance2.0,324900,消费,-14.9454,"2026-05-18 21:43:58"
642654,tk-20260518214335-xlx3y8,MX,seedance2.0,324900,消费,-14.9454,"2026-05-18 21:43:35"
642649,tk-20260518214309-7hy6av,MX,seedance2.0,324900,消费,-14.9454,"2026-05-18 21:43:09"
642598,tk-20260518214229-fkz814,MX,seedance2.0,324900,消费,-14.9454,"2026-05-18 21:42:29"
642641,tk-20260518214134-ljq29b,MX,seedance2.0,216900,消费,-9.9774,"2026-05-18 21:41:34"
642588,tk-20260518214131-q7vphg,MX,seedance2.0,324900,消费,-14.9454,"2026-05-18 21:41:31"
642601,tk-20260518214030-ozja3z,MX,seedance2.0,281700,消费,-12.9582,"2026-05-18 21:40:30"
642596,tk-20260518213911-k4f4cy,MX,seedance2.0,324900,消费,-14.9454,"2026-05-18 21:39:11"
642571,tk-20260518213853-qbhyrq,MX,seedance2.0,130500,消费,-6.0030,"2026-05-18 21:38:53"
642642,tk-20260518213840-0v9zr7,MX,seedance2.0,324900,消费,-14.9454,"2026-05-18 21:38:40"
642584,tk-20260518213811-yq72fm,MX,seedance2.0,324900,消费,-14.9454,"2026-05-18 21:38:11"
642562,tk-20260518213727-u1lqt9,MX,seedance2.0,324900,消费,-14.9454,"2026-05-18 21:37:27"
642539,tk-20260518213643-zdj06j,MX,seedance2.0,108900,消费,-5.0094,"2026-05-18 21:36:43"
642573,tk-20260518213555-mvkhfd,MX,seedance2.0,281700,消费,-12.9582,"2026-05-18 21:35:55"
642570,tk-20260518213551-cq058m,MX,seedance2.0,324900,消费,-14.9454,"2026-05-18 21:35:51"
642569,tk-20260518213532-2p2fl5,MX,seedance2.0,324900,消费,-14.9454,"2026-05-18 21:35:32"
642567,tk-20260518213529-0jd7oq,MX,seedance2.0,260100,消费,-11.9646,"2026-05-18 21:35:29"
642550,tk-20260518213451-2dpqra,MX,seedance2.0,216900,消费,-9.9774,"2026-05-18 21:34:51"
642563,tk-20260518213433-cb9qrj,MX,seedance2.0,260100,消费,-11.9646,"2026-05-18 21:34:33"
642546,tk-20260518213422-51n077,MX,seedance2.0,324900,消费,-14.9454,"2026-05-18 21:34:22"
642558,tk-20260518213258-uoakek,MX,seedance2.0,324900,消费,-14.9454,"2026-05-18 21:32:58"
642530,tk-20260518213246-85lubn,MX,seedance2.0,216900,消费,-9.9774,"2026-05-18 21:32:46"
642554,tk-20260518213232-ittygz,MX,seedance2.0,324900,消费,-14.9454,"2026-05-18 21:32:32"
642553,tk-20260518213222-j09fvl,MX,seedance2.0,260100,消费,-11.9646,"2026-05-18 21:32:22"
642552,tk-20260518213216-jhanyf,MX,seedance2.0,324900,消费,-14.9454,"2026-05-18 21:32:16"
642524,tk-20260518213205-jpd3zn,MX,seedance2.0,324900,消费,-14.9454,"2026-05-18 21:32:05"
642519,tk-20260518213157-2jezl4,MX,seedance2.0,141034,消费,-6.4875,"2026-05-18 21:31:57"
642549,tk-20260518213143-wpc9pb,MX,seedance2.0,324900,消费,-14.9454,"2026-05-18 21:31:43"
642548,tk-20260518213138-9hnme6,MX,seedance2.0,324900,消费,-14.9454,"2026-05-18 21:31:38"
642515,tk-20260518213135-drju80,MX,seedance2.0,151078,消费,-6.9495,"2026-05-18 21:31:35"
642513,tk-20260518213123-4fuyt6,MX,seedance2.0,110902,消费,-5.1014,"2026-05-18 21:31:23"
642545,tk-20260518213115-t92ntq,MX,seedance2.0,324900,消费,-14.9454,"2026-05-18 21:31:15"
642543,tk-20260518213057-nltk7f,MX,seedance2.0,324900,消费,-14.9454,"2026-05-18 21:30:57"
642542,tk-20260518213040-cb5l5v,MX,seedance2.0,324900,消费,-14.9454,"2026-05-18 21:30:40"
642537,tk-20260518213027-jooe1w,MX,seedance2.0,324900,消费,-14.9454,"2026-05-18 21:30:27"
642533,tk-20260518213008-ha4v13,MX,seedance2.0,324900,消费,-14.9454,"2026-05-18 21:30:08"
642532,tk-20260518213002-6xakpe,MX,seedance2.0,324900,消费,-14.9454,"2026-05-18 21:30:02"
642508,tk-20260518212959-p3b9ia,MX,seedance2.0,80770,消费,-3.7154,"2026-05-18 21:29:59"
642507,tk-20260518212949-7sa01b,MX,seedance2.0,324900,消费,-14.9454,"2026-05-18 21:29:49"
642557,tk-20260518212946-bta2yj,MX,seedance2.0,324900,消费,-14.9454,"2026-05-18 21:29:46"
642505,tk-20260518212943-3cepgz,MX,seedance2.0,130500,消费,-6.0030,"2026-05-18 21:29:43"
642504,tk-20260518212928-e67j48,MX,seedance2.0,216900,消费,-9.9774,"2026-05-18 21:29:28"
642525,tk-20260518212907-nts8cv,MX,seedance2.0,324900,消费,-14.9454,"2026-05-18 21:29:07"
642660,tk-20260518212902-9j0m0g,MX,seedance2.0,324900,消费,-14.9454,"2026-05-18 21:29:02"
642520,tk-20260518212856-12n04b,MX,seedance2.0,324900,消费,-14.9454,"2026-05-18 21:28:56"
642518,tk-20260518212852-mmakm1,MX,seedance2.0,324900,消费,-14.9454,"2026-05-18 21:28:52"
642517,tk-20260518212840-4ytjm9,MX,seedance2.0,260100,消费,-11.9646,"2026-05-18 21:28:40"
642516,tk-20260518212830-atk0th,MX,seedance2.0,324900,消费,-14.9454,"2026-05-18 21:28:30"
642494,tk-20260518212820-ijk3df,MX,seedance2.0,100858,消费,-4.6394,"2026-05-18 21:28:20"
642487,tk-20260518212759-28idi0,MX,seedance2.0,324900,消费,-14.9454,"2026-05-18 21:27:59"
642488,tk-20260518212759-wy35dw,MX,seedance2.0,324900,消费,-14.9454,"2026-05-18 21:27:59"
642484,tk-20260518212740-gxthqy,MX,seedance2.0,130500,消费,-6.0030,"2026-05-18 21:27:40"
642503,tk-20260518212633-3j50v2,MX,seedance2.0,324900,消费,-14.9454,"2026-05-18 21:26:33"
642464,tk-20260518212622-nc00e7,MX,seedance2.0,324900,消费,-14.9454,"2026-05-18 21:26:22"
642500,tk-20260518212613-zvg9eu,MX,seedance2.0,324900,消费,-14.9454,"2026-05-18 21:26:13"
642457,tk-20260518212559-6hs6y0,MX,seedance2.0,324900,消费,-14.9454,"2026-05-18 21:25:59"
642498,tk-20260518212553-oyb5fw,MX,seedance2.0,324900,消费,-14.9454,"2026-05-18 21:25:53"
642497,tk-20260518212546-js3zdx,MX,seedance2.0,324900,消费,-14.9454,"2026-05-18 21:25:46"
642492,tk-20260518212511-ck6lml,MX,seedance2.0,324900,消费,-14.9454,"2026-05-18 21:25:11"
642444,tk-20260518212442-tu0jsj,MX,seedance2.0,324900,消费,-14.9454,"2026-05-18 21:24:42"
642483,tk-20260518212430-02d3z6,MX,seedance2.0,324900,消费,-14.9454,"2026-05-18 21:24:30"
642511,tk-20260518212422-s8g7l0,MX,seedance2.0,324900,消费,-14.9454,"2026-05-18 21:24:22"
642480,tk-20260518212408-ra9l23,MX,seedance2.0,324900,消费,-14.9454,"2026-05-18 21:24:08"
642476,tk-20260518212401-3it0o5,MX,seedance2.0,324900,消费,-14.9454,"2026-05-18 21:24:01"
642472,tk-20260518212357-c53rkn,MX,seedance2.0,324900,消费,-14.9454,"2026-05-18 21:23:57"
642469,tk-20260518212351-ibz7ya,MX,seedance2.0,324900,消费,-14.9454,"2026-05-18 21:23:51"
642470,tk-20260518212350-uqfwak,MX,seedance2.0,324900,消费,-14.9454,"2026-05-18 21:23:50"
642468,tk-20260518212334-ixf3sl,MX,seedance2.0,324900,消费,-14.9454,"2026-05-18 21:23:34"
642467,tk-20260518212328-9oi63r,MX,seedance2.0,324900,消费,-14.9454,"2026-05-18 21:23:28"
642461,tk-20260518212315-xmcyv4,MX,seedance2.0,324900,消费,-14.9454,"2026-05-18 21:23:15"
642434,tk-20260518212310-wx6227,MX,seedance2.0,216900,消费,-9.9774,"2026-05-18 21:23:10"
642433,tk-20260518212304-m1tz43,MX,seedance2.0,324900,消费,-14.9454,"2026-05-18 21:23:04"
642458,tk-20260518212255-s5wms7,MX,seedance2.0,324900,消费,-14.9454,"2026-05-18 21:22:55"
642451,tk-20260518212218-2rmjtl,MX,seedance2.0,324900,消费,-14.9454,"2026-05-18 21:22:18"
642454,tk-20260518212215-ov63bl,MX,seedance2.0,324900,消费,-14.9454,"2026-05-18 21:22:15"
642427,tk-20260518212212-dykv24,MX,seedance2.0,324900,消费,-14.9454,"2026-05-18 21:22:12"
642452,tk-20260518212211-dt6g6g,MX,seedance2.0,195300,消费,-8.9838,"2026-05-18 21:22:11"
642453,tk-20260518212211-q038a4,MX,seedance2.0,324900,消费,-14.9454,"2026-05-18 21:22:11"
642449,tk-20260518212208-yau7ac,MX,seedance2.0,324900,消费,-14.9454,"2026-05-18 21:22:08"
642448,tk-20260518212206-rcdnhp,MX,seedance2.0,324900,消费,-14.9454,"2026-05-18 21:22:06"
642447,tk-20260518212205-31kabd,MX,seedance2.0,324900,消费,-14.9454,"2026-05-18 21:22:05"
642423,tk-20260518212200-jb6u26,MX,seedance2.0,151078,消费,-6.9495,"2026-05-18 21:22:00"
642424,tk-20260518212158-b4f89h,MX,seedance2.0,50638,消费,-2.3293,"2026-05-18 21:21:58"
642420,tk-20260518212146-gb0g46,MX,seedance2.0,324900,消费,-14.9454,"2026-05-18 21:21:46"
642445,tk-20260518212140-8ejsm0,MX,seedance2.0,324900,消费,-14.9454,"2026-05-18 21:21:40"
642440,tk-20260518212117-mws9am,MX,seedance2.0,324900,消费,-14.9454,"2026-05-18 21:21:17"
642439,tk-20260518212113-ndbjrh,MX,seedance2.0,303300,消费,-13.9518,"2026-05-18 21:21:13"
642412,tk-20260518212105-ohqjdw,MX,seedance2.0,87300,消费,-4.0158,"2026-05-18 21:21:05"
642411,tk-20260518212101-2au7in,MX,seedance2.0,216900,消费,-9.9774,"2026-05-18 21:21:01"
642438,tk-20260518212047-n9q8jo,MX,seedance2.0,324900,消费,-14.9454,"2026-05-18 21:20:47"
642404,tk-20260518212044-f0tfld,MX,seedance2.0,324900,消费,-14.9454,"2026-05-18 21:20:44"
642401,tk-20260518212036-obnz77,MX,seedance2.0,324900,消费,-14.9454,"2026-05-18 21:20:36"
642391,tk-20260518211936-yajzcp,MX,seedance2.0,173700,消费,-7.9902,"2026-05-18 21:19:36"
642390,tk-20260518211931-jl25h1,MX,seedance2.0,324900,消费,-14.9454,"2026-05-18 21:19:31"
642429,tk-20260518211921-ex72pr,MX,seedance2.0,324900,消费,-14.9454,"2026-05-18 21:19:21"
642428,tk-20260518211918-ijr0e0,MX,seedance2.0,324900,消费,-14.9454,"2026-05-18 21:19:18"
642388,tk-20260518211913-ubm2zb,MX,seedance2.0,151078,消费,-6.9495,"2026-05-18 21:19:13"
642387,tk-20260518211911-r9u8tm,MX,seedance2.0,324900,消费,-14.9454,"2026-05-18 21:19:11"
642379,tk-20260518211844-gv65ii,MX,seedance2.0,324900,消费,-14.9454,"2026-05-18 21:18:44"
642419,tk-20260518211836-dnk0mu,MX,seedance2.0,324900,消费,-14.9454,"2026-05-18 21:18:36"
642418,tk-20260518211833-fsds5q,MX,seedance2.0,324900,消费,-14.9454,"2026-05-18 21:18:33"
642414,tk-20260518211819-hofjxq,MX,seedance2.0,324900,消费,-14.9454,"2026-05-18 21:18:19"
642375,tk-20260518211816-fjt58i,MX,seedance2.0,324900,消费,-14.9454,"2026-05-18 21:18:16"
642407,tk-20260518211753-9u2zmb,MX,seedance2.0,324900,消费,-14.9454,"2026-05-18 21:17:53"
642373,tk-20260518211752-vcni24,MX,seedance2.0,151078,消费,-6.9495,"2026-05-18 21:17:52"
642372,tk-20260518211745-39fsaq,MX,seedance2.0,130500,消费,-6.0030,"2026-05-18 21:17:45"
642402,tk-20260518211735-ebd49p,MX,seedance2.0,324900,消费,-14.9454,"2026-05-18 21:17:35"
642399,tk-20260518211721-mplx6e,MX,seedance2.0,324900,消费,-14.9454,"2026-05-18 21:17:21"
642398,tk-20260518211707-awam0y,MX,seedance2.0,324900,消费,-14.9454,"2026-05-18 21:17:07"
642397,tk-20260518211701-jtwrtl,MX,seedance2.0,324900,消费,-14.9454,"2026-05-18 21:17:01"
642368,tk-20260518211659-u04z2u,MX,seedance2.0,324900,消费,-14.9454,"2026-05-18 21:16:59"
642367,tk-20260518211658-a8ez20,MX,seedance2.0,324900,消费,-14.9454,"2026-05-18 21:16:58"
642396,tk-20260518211653-478jgx,MX,seedance2.0,324900,消费,-14.9454,"2026-05-18 21:16:53"
642395,tk-20260518211651-4zj68t,MX,seedance2.0,324900,消费,-14.9454,"2026-05-18 21:16:51"
642359,tk-20260518211559-p06dr2,MX,seedance2.0,130500,消费,-6.0030,"2026-05-18 21:15:59"
642385,tk-20260518211554-vkxg5j,MX,seedance2.0,324900,消费,-14.9454,"2026-05-18 21:15:54"
642541,tk-20260518211544-lty06b,MX,seedance2.0,324900,消费,-14.9454,"2026-05-18 21:15:44"
642351,tk-20260518211516-hbn9kq,MX,seedance2.0,324900,消费,-14.9454,"2026-05-18 21:15:16"
642354,tk-20260518211514-lgxbzj,MX,seedance2.0,130500,消费,-6.0030,"2026-05-18 21:15:14"
642374,tk-20260518211510-q4vxdg,MX,seedance2.0,216900,消费,-9.9774,"2026-05-18 21:15:10"
642350,tk-20260518211448-agfkg5,MX,seedance2.0,130500,消费,-6.0030,"2026-05-18 21:14:48"
642349,tk-20260518211444-fuoyp9,MX,seedance2.0,324900,消费,-14.9454,"2026-05-18 21:14:44"
642346,tk-20260518211440-yqgxpw,MX,seedance2.0,151078,消费,-6.9495,"2026-05-18 21:14:40"
642371,tk-20260518211432-w7rosx,MX,seedance2.0,324900,消费,-14.9454,"2026-05-18 21:14:32"
642394,tk-20260518211339-3neopo,MX,seedance2.0,324900,消费,-14.9454,"2026-05-18 21:13:39"
642393,tk-20260518211338-3sh5i2,MX,seedance2.0,324900,消费,-14.9454,"2026-05-18 21:13:38"
642365,tk-20260518211317-spxvrc,MX,seedance2.0,324900,消费,-14.9454,"2026-05-18 21:13:17"
642364,tk-20260518211312-1o44of,MX,seedance2.0,324900,消费,-14.9454,"2026-05-18 21:13:12"
642362,tk-20260518211308-on8g5q,MX,seedance2.0,324900,消费,-14.9454,"2026-05-18 21:13:08"
642361,tk-20260518211301-m63jzx,MX,seedance2.0,324900,消费,-14.9454,"2026-05-18 21:13:01"
642357,tk-20260518211252-tnacgj,MX,seedance2.0,324900,消费,-14.9454,"2026-05-18 21:12:52"
642327,tk-20260518211249-yfxn15,MX,seedance2.0,324900,消费,-14.9454,"2026-05-18 21:12:49"
642326,tk-20260518211243-x33dti,MX,seedance2.0,151078,消费,-6.9495,"2026-05-18 21:12:43"
642324,tk-20260518211241-3reotl,MX,seedance2.0,324900,消费,-14.9454,"2026-05-18 21:12:41"
642355,tk-20260518211235-xqxicc,MX,seedance2.0,324900,消费,-14.9454,"2026-05-18 21:12:35"
642352,tk-20260518211219-n67umm,MX,seedance2.0,151078,消费,-6.9495,"2026-05-18 21:12:19"
642313,tk-20260518211150-83kjys,MX,seedance2.0,324900,消费,-14.9454,"2026-05-18 21:11:50"
642347,tk-20260518211140-8h2ejy,MX,seedance2.0,324900,消费,-14.9454,"2026-05-18 21:11:40"
642348,tk-20260518211140-07am0s,MX,seedance2.0,216900,消费,-9.9774,"2026-05-18 21:11:40"
642267,tk-20260518211139-jst7yr,MX,seedance2.0,90814,消费,-4.1774,"2026-05-18 21:11:39"
642344,tk-20260518211137-jlzsj2,MX,seedance2.0,324900,消费,-14.9454,"2026-05-18 21:11:37"
642341,tk-20260518211133-mzbtaz,MX,seedance2.0,324900,消费,-14.9454,"2026-05-18 21:11:33"
642309,tk-20260518211131-x65vus,MX,seedance2.0,151078,消费,-6.9495,"2026-05-18 21:11:31"
642339,tk-20260518211122-73sy5i,MX,seedance2.0,324900,消费,-14.9454,"2026-05-18 21:11:22"
642337,tk-20260518211121-4h0gpp,MX,seedance2.0,324900,消费,-14.9454,"2026-05-18 21:11:21"
642302,tk-20260518211117-o1lab4,MX,seedance2.0,324900,消费,-14.9454,"2026-05-18 21:11:17"
642335,tk-20260518211108-p28f25,MX,seedance2.0,324900,消费,-14.9454,"2026-05-18 21:11:08"
642297,tk-20260518211046-0vmol1,MX,seedance2.0,87300,消费,-4.0158,"2026-05-18 21:10:46"
642430,tk-20260518211029-cr4tv0,MX,seedance2.0,324900,消费,-14.9454,"2026-05-18 21:10:29"
642290,tk-20260518211016-hj45lq,MX,seedance2.0,216900,消费,-9.9774,"2026-05-18 21:10:16"
642332,tk-20260518211011-yi0405,MX,seedance2.0,324900,消费,-14.9454,"2026-05-18 21:10:11"
642331,tk-20260518211010-94qkjj,MX,seedance2.0,216900,消费,-9.9774,"2026-05-18 21:10:10"
642330,tk-20260518211006-crt3zs,MX,seedance2.0,324900,消费,-14.9454,"2026-05-18 21:10:06"
642329,tk-20260518211002-hw2k38,MX,seedance2.0,324900,消费,-14.9454,"2026-05-18 21:10:02"
642289,tk-20260518210958-7i51gm,MX,seedance2.0,324900,消费,-14.9454,"2026-05-18 21:09:58"
642328,tk-20260518210952-ijn2xw,MX,seedance2.0,324900,消费,-14.9454,"2026-05-18 21:09:52"
642285,tk-20260518210946-rhypw1,MX,seedance2.0,216900,消费,-9.9774,"2026-05-18 21:09:46"
642323,tk-20260518210935-6l4duu,MX,seedance2.0,324900,消费,-14.9454,"2026-05-18 21:09:35"
642280,tk-20260518210934-n1xm81,MX,seedance2.0,324900,消费,-14.9454,"2026-05-18 21:09:34"
642321,tk-20260518210928-outk1p,MX,seedance2.0,324900,消费,-14.9454,"2026-05-18 21:09:28"
642319,tk-20260518210925-jlv85m,MX,seedance2.0,324900,消费,-14.9454,"2026-05-18 21:09:25"
642320,tk-20260518210925-vi9c81,MX,seedance2.0,324900,消费,-14.9454,"2026-05-18 21:09:25"
642318,tk-20260518210921-s94vuu,MX,seedance2.0,324900,消费,-14.9454,"2026-05-18 21:09:21"
642316,tk-20260518210918-7b8yx7,MX,seedance2.0,324900,消费,-14.9454,"2026-05-18 21:09:18"
642315,tk-20260518210915-jup7pc,MX,seedance2.0,324900,消费,-14.9454,"2026-05-18 21:09:15"
642276,tk-20260518210912-15im3c,MX,seedance2.0,324900,消费,-14.9454,"2026-05-18 21:09:12"
642312,tk-20260518210850-4iou0n,MX,seedance2.0,324900,消费,-14.9454,"2026-05-18 21:08:50"
642270,tk-20260518210847-hfhrcn,MX,seedance2.0,324900,消费,-14.9454,"2026-05-18 21:08:47"
642266,tk-20260518210837-4gyeiq,MX,seedance2.0,324900,消费,-14.9454,"2026-05-18 21:08:37"
642311,tk-20260518210834-x3rd25,MX,seedance2.0,324900,消费,-14.9454,"2026-05-18 21:08:34"
642265,tk-20260518210833-vmnppk,MX,seedance2.0,130500,消费,-6.0030,"2026-05-18 21:08:33"
642308,tk-20260518210828-y6fiox,MX,seedance2.0,260100,消费,-11.9646,"2026-05-18 21:08:28"
642307,tk-20260518210826-9mfyle,MX,seedance2.0,324900,消费,-14.9454,"2026-05-18 21:08:26"
642310,tk-20260518210826-65x43v,MX,seedance2.0,324900,消费,-14.9454,"2026-05-18 21:08:26"
642303,tk-20260518210819-ls2cwh,MX,seedance2.0,324900,消费,-14.9454,"2026-05-18 21:08:19"
642304,tk-20260518210817-tbnj6c,MX,seedance2.0,151078,消费,-6.9495,"2026-05-18 21:08:17"
642299,tk-20260518210801-jnaatu,MX,seedance2.0,324900,消费,-14.9454,"2026-05-18 21:08:01"
642259,tk-20260518210800-208kfy,MX,seedance2.0,324900,消费,-14.9454,"2026-05-18 21:08:00"
642300,tk-20260518210757-p2zjtb,MX,seedance2.0,324900,消费,-14.9454,"2026-05-18 21:07:57"
642298,tk-20260518210751-qyd978,MX,seedance2.0,324900,消费,-14.9454,"2026-05-18 21:07:51"
642296,tk-20260518210748-emkmn7,MX,seedance2.0,324900,消费,-14.9454,"2026-05-18 21:07:48"
642291,tk-20260518210734-kalqud,MX,seedance2.0,324900,消费,-14.9454,"2026-05-18 21:07:34"
642293,tk-20260518210734-4772rq,MX,seedance2.0,324900,消费,-14.9454,"2026-05-18 21:07:34"
642252,tk-20260518210718-y85wx5,MX,seedance2.0,324900,消费,-14.9454,"2026-05-18 21:07:18"
642287,tk-20260518210700-veefph,MX,seedance2.0,324900,消费,-14.9454,"2026-05-18 21:07:00"
642250,tk-20260518210657-uklg1s,MX,seedance2.0,324900,消费,-14.9454,"2026-05-18 21:06:57"
642286,tk-20260518210654-kruh4l,MX,seedance2.0,324900,消费,-14.9454,"2026-05-18 21:06:54"
642242,tk-20260518210635-2xfp6a,MX,seedance2.0,324900,消费,-14.9454,"2026-05-18 21:06:35"
642282,tk-20260518210635-jh4i6q,MX,seedance2.0,324900,消费,-14.9454,"2026-05-18 21:06:35"
642281,tk-20260518210634-8msao5,MX,seedance2.0,324900,消费,-14.9454,"2026-05-18 21:06:34"
642279,tk-20260518210626-rbesk7,MX,seedance2.0,324900,消费,-14.9454,"2026-05-18 21:06:26"
642278,tk-20260518210616-jso6dn,MX,seedance2.0,324900,消费,-14.9454,"2026-05-18 21:06:16"
642277,tk-20260518210611-km0lof,MX,seedance2.0,324900,消费,-14.9454,"2026-05-18 21:06:11"
642234,tk-20260518210609-fgufbw,MX,seedance2.0,260100,消费,-11.9646,"2026-05-18 21:06:09"
642236,tk-20260518210607-w04sys,MX,seedance2.0,324900,消费,-14.9454,"2026-05-18 21:06:07"
642235,tk-20260518210602-ek3h0h,MX,seedance2.0,324900,消费,-14.9454,"2026-05-18 21:06:02"
642232,tk-20260518210558-nx6cf8,MX,seedance2.0,100858,消费,-4.6394,"2026-05-18 21:05:58"
642272,tk-20260518210557-ax6hjo,MX,seedance2.0,324900,消费,-14.9454,"2026-05-18 21:05:57"
642269,tk-20260518210546-53k8r9,MX,seedance2.0,324900,消费,-14.9454,"2026-05-18 21:05:46"
642268,tk-20260518210538-k7r59v,MX,seedance2.0,216900,消费,-9.9774,"2026-05-18 21:05:38"
642263,tk-20260518210520-vdaoxz,MX,seedance2.0,324900,消费,-14.9454,"2026-05-18 21:05:20"
642256,tk-20260518210434-pzbhg4,MX,seedance2.0,324900,消费,-14.9454,"2026-05-18 21:04:34"
642255,tk-20260518210433-8oj5t3,MX,seedance2.0,324900,消费,-14.9454,"2026-05-18 21:04:33"
642254,tk-20260518210431-lrk9d2,MX,seedance2.0,324900,消费,-14.9454,"2026-05-18 21:04:31"
642215,tk-20260518210409-eoralr,MX,seedance2.0,324900,消费,-14.9454,"2026-05-18 21:04:09"
642214,tk-20260518210402-j25g1k,MX,seedance2.0,87300,消费,-4.0158,"2026-05-18 21:04:02"
642251,tk-20260518210402-7pd7b7,MX,seedance2.0,324900,消费,-14.9454,"2026-05-18 21:04:02"
642249,tk-20260518210358-vue6yi,MX,seedance2.0,324900,消费,-14.9454,"2026-05-18 21:03:58"
642211,tk-20260518210350-ot90a8,MX,seedance2.0,324900,消费,-14.9454,"2026-05-18 21:03:50"
642208,tk-20260518210349-ski8wq,MX,seedance2.0,108900,消费,-5.0094,"2026-05-18 21:03:49"
642206,tk-20260518210338-bcnf2p,MX,seedance2.0,324900,消费,-14.9454,"2026-05-18 21:03:38"
642207,tk-20260518210338-4zv9zo,MX,seedance2.0,324900,消费,-14.9454,"2026-05-18 21:03:38"
642243,tk-20260518210335-usrnv9,MX,seedance2.0,303300,消费,-13.9518,"2026-05-18 21:03:35"
642239,tk-20260518210315-wnww1k,MX,seedance2.0,108900,消费,-5.0094,"2026-05-18 21:03:15"
642238,tk-20260518210311-nnk3c6,MX,seedance2.0,141034,消费,-6.4875,"2026-05-18 21:03:11"
642237,tk-20260518210310-rolfv8,MX,seedance2.0,324900,消费,-14.9454,"2026-05-18 21:03:10"
642198,tk-20260518210250-eoj76e,MX,seedance2.0,324900,消费,-14.9454,"2026-05-18 21:02:50"
642227,tk-20260518210239-gyax13,MX,seedance2.0,324900,消费,-14.9454,"2026-05-18 21:02:39"
642226,tk-20260518210237-ffw1gh,MX,seedance2.0,324900,消费,-14.9454,"2026-05-18 21:02:37"
642197,tk-20260518210235-pl44iw,MX,seedance2.0,324900,消费,-14.9454,"2026-05-18 21:02:35"
642196,tk-20260518210233-hndymx,MX,seedance2.0,324900,消费,-14.9454,"2026-05-18 21:02:33"
642195,tk-20260518210225-jf7jqd,MX,seedance2.0,324900,消费,-14.9454,"2026-05-18 21:02:25"
642193,tk-20260518210219-1y8uaw,MX,seedance2.0,151078,消费,-6.9495,"2026-05-18 21:02:19"
642222,tk-20260518210154-dkbdnn,MX,seedance2.0,216900,消费,-9.9774,"2026-05-18 21:01:54"
642223,tk-20260518210151-ep095y,MX,seedance2.0,324900,消费,-14.9454,"2026-05-18 21:01:51"
642186,tk-20260518210150-8krfod,MX,seedance2.0,324900,消费,-14.9454,"2026-05-18 21:01:50"
642183,tk-20260518210138-a5svnw,MX,seedance2.0,151078,消费,-6.9495,"2026-05-18 21:01:38"
642219,tk-20260518210126-4yceh9,MX,seedance2.0,324900,消费,-14.9454,"2026-05-18 21:01:26"
642216,tk-20260518210116-w7vycy,MX,seedance2.0,324900,消费,-14.9454,"2026-05-18 21:01:16"
642174,tk-20260518210109-dq4pzm,MX,seedance2.0,324900,消费,-14.9454,"2026-05-18 21:01:09"
642175,tk-20260518210109-fuo4xm,MX,seedance2.0,238500,消费,-10.9710,"2026-05-18 21:01:09"
642209,tk-20260518210044-d4ljvk,MX,seedance2.0,324900,消费,-14.9454,"2026-05-18 21:00:44"
642205,tk-20260518210033-hd1xkm,MX,seedance2.0,324900,消费,-14.9454,"2026-05-18 21:00:33"
642203,tk-20260518210028-ve9lbc,MX,seedance2.0,151078,消费,-6.9495,"2026-05-18 21:00:28"
642168,tk-20260518210017-b0g1fj,MX,seedance2.0,151078,消费,-6.9495,"2026-05-18 21:00:17"
642167,tk-20260518210016-fsuv1z,MX,seedance2.0,324900,消费,-14.9454,"2026-05-18 21:00:16"
642201,tk-20260518210011-0i822t,MX,seedance2.0,324900,消费,-14.9454,"2026-05-18 21:00:11"
642200,tk-20260518205950-1xxpc4,MX,seedance2.0,324900,消费,-14.9454,"2026-05-18 20:59:50"
642164,tk-20260518205935-jmb3me,MX,seedance2.0,130500,消费,-6.0030,"2026-05-18 20:59:35"
642162,tk-20260518205925-kj3eo3,MX,seedance2.0,324900,消费,-14.9454,"2026-05-18 20:59:25"
642194,tk-20260518205922-g7i83x,MX,seedance2.0,151078,消费,-6.9495,"2026-05-18 20:59:22"
642192,tk-20260518205904-0s9w0g,MX,seedance2.0,324900,消费,-14.9454,"2026-05-18 20:59:04"
642160,tk-20260518205900-jkh33c,MX,seedance2.0,152100,消费,-6.9966,"2026-05-18 20:59:00"
642138,tk-20260518205859-dzv1gz,MX,seedance2.0,324900,消费,-14.9454,"2026-05-18 20:58:59"
642135,tk-20260518205855-55uari,MX,seedance2.0,324900,消费,-14.9454,"2026-05-18 20:58:55"
642189,tk-20260518205853-cvbx2b,MX,seedance2.0,324900,消费,-14.9454,"2026-05-18 20:58:53"
642185,tk-20260518205851-lz6z4w,MX,seedance2.0,324900,消费,-14.9454,"2026-05-18 20:58:51"
642184,tk-20260518205849-o5ca2a,MX,seedance2.0,324900,消费,-14.9454,"2026-05-18 20:58:49"
642179,tk-20260518205827-ck2ium,MX,seedance2.0,324900,消费,-14.9454,"2026-05-18 20:58:27"
642178,tk-20260518205820-y4fbh3,MX,seedance2.0,324900,消费,-14.9454,"2026-05-18 20:58:20"
642180,tk-20260518205820-vbsr85,MX,seedance2.0,281700,消费,-12.9582,"2026-05-18 20:58:20"
642121,tk-20260518205800-s8n7sg,MX,seedance2.0,260100,消费,-11.9646,"2026-05-18 20:58:00"
642117,tk-20260518205732-xia0d3,MX,seedance2.0,216900,消费,-9.9774,"2026-05-18 20:57:32"
642166,tk-20260518205705-3ag6oe,MX,seedance2.0,324900,消费,-14.9454,"2026-05-18 20:57:05"
642159,tk-20260518205602-87ka6o,MX,seedance2.0,324900,消费,-14.9454,"2026-05-18 20:56:02"
642153,tk-20260518205601-16q9uw,MX,seedance2.0,324900,消费,-14.9454,"2026-05-18 20:56:01"
642154,tk-20260518205601-ifu8i1,MX,seedance2.0,324900,消费,-14.9454,"2026-05-18 20:56:01"
642155,tk-20260518205601-tg89a2,MX,seedance2.0,324900,消费,-14.9454,"2026-05-18 20:56:01"
642156,tk-20260518205601-4cxrkj,MX,seedance2.0,324900,消费,-14.9454,"2026-05-18 20:56:01"
642157,tk-20260518205601-utucc4,MX,seedance2.0,324900,消费,-14.9454,"2026-05-18 20:56:01"
642158,tk-20260518205601-bs7bp7,MX,seedance2.0,324900,消费,-14.9454,"2026-05-18 20:56:01"
642099,tk-20260518205600-3hcvxv,MX,seedance2.0,324900,消费,-14.9454,"2026-05-18 20:56:00"
642100,tk-20260518205600-9emlga,MX,seedance2.0,324900,消费,-14.9454,"2026-05-18 20:56:00"
642101,tk-20260518205600-wqsu6i,MX,seedance2.0,324900,消费,-14.9454,"2026-05-18 20:56:00"
642151,tk-20260518205600-926scj,MX,seedance2.0,324900,消费,-14.9454,"2026-05-18 20:56:00"
642152,tk-20260518205600-ic7s4a,MX,seedance2.0,324900,消费,-14.9454,"2026-05-18 20:56:00"
642161,tk-20260518205600-kj5izy,MX,seedance2.0,324900,消费,-14.9454,"2026-05-18 20:56:00"
642096,tk-20260518205559-2nayla,MX,seedance2.0,151078,消费,-6.9495,"2026-05-18 20:55:59"
642097,tk-20260518205559-dq07p9,MX,seedance2.0,324900,消费,-14.9454,"2026-05-18 20:55:59"
642098,tk-20260518205559-711v68,MX,seedance2.0,324900,消费,-14.9454,"2026-05-18 20:55:59"
642145,tk-20260518205559-s1l02u,MX,seedance2.0,324900,消费,-14.9454,"2026-05-18 20:55:59"
642150,tk-20260518205559-xjytjv,MX,seedance2.0,324900,消费,-14.9454,"2026-05-18 20:55:59"
642095,tk-20260518205558-psm9l4,MX,seedance2.0,324900,消费,-14.9454,"2026-05-18 20:55:58"
642142,tk-20260518205558-h7c5fk,MX,seedance2.0,324900,消费,-14.9454,"2026-05-18 20:55:58"
642143,tk-20260518205558-lplk21,MX,seedance2.0,324900,消费,-14.9454,"2026-05-18 20:55:58"
642144,tk-20260518205558-u9ytcm,MX,seedance2.0,324900,消费,-14.9454,"2026-05-18 20:55:58"
642149,tk-20260518205558-x6u0s8,MX,seedance2.0,324900,消费,-14.9454,"2026-05-18 20:55:58"
642188,tk-20260518205558-4vn71e,MX,seedance2.0,324900,消费,-14.9454,"2026-05-18 20:55:58"
642137,tk-20260518205557-i232d1,MX,seedance2.0,324900,消费,-14.9454,"2026-05-18 20:55:57"
642140,tk-20260518205557-j96hx5,MX,seedance2.0,324900,消费,-14.9454,"2026-05-18 20:55:57"
642141,tk-20260518205557-5jxuau,MX,seedance2.0,324900,消费,-14.9454,"2026-05-18 20:55:57"
642146,tk-20260518205557-0my1un,MX,seedance2.0,324900,消费,-14.9454,"2026-05-18 20:55:57"
642147,tk-20260518205557-eofkz2,MX,seedance2.0,324900,消费,-14.9454,"2026-05-18 20:55:57"
642148,tk-20260518205557-lv6v8c,MX,seedance2.0,324900,消费,-14.9454,"2026-05-18 20:55:57"
642187,tk-20260518205557-2bgbmh,MX,seedance2.0,324900,消费,-14.9454,"2026-05-18 20:55:57"
642132,tk-20260518205541-1wr60m,MX,seedance2.0,324900,消费,-14.9454,"2026-05-18 20:55:41"
642089,tk-20260518205532-y6xhzp,MX,seedance2.0,324900,消费,-14.9454,"2026-05-18 20:55:32"
642130,tk-20260518205525-1ems3n,MX,seedance2.0,324900,消费,-14.9454,"2026-05-18 20:55:25"
642129,tk-20260518205521-rn2h1y,MX,seedance2.0,303300,消费,-13.9518,"2026-05-18 20:55:21"
642126,tk-20260518205507-wdzvo1,MX,seedance2.0,324900,消费,-14.9454,"2026-05-18 20:55:07"
642171,tk-20260518205439-l23k86,MX,seedance2.0,324900,消费,-14.9454,"2026-05-18 20:54:39"
642118,tk-20260518205438-uc11jo,MX,seedance2.0,324900,消费,-14.9454,"2026-05-18 20:54:38"
642082,tk-20260518205430-dzio8r,MX,seedance2.0,151078,消费,-6.9495,"2026-05-18 20:54:30"
642080,tk-20260518205413-zlidwz,MX,seedance2.0,195300,消费,-8.9838,"2026-05-18 20:54:13"
642113,tk-20260518205407-sl7xmk,MX,seedance2.0,216900,消费,-9.9774,"2026-05-18 20:54:07"
642112,tk-20260518205404-vs92f6,MX,seedance2.0,324900,消费,-14.9454,"2026-05-18 20:54:04"
642077,tk-20260518205401-683uii,MX,seedance2.0,216900,消费,-9.9774,"2026-05-18 20:54:01"
642075,tk-20260518205356-50vgjd,MX,seedance2.0,324900,消费,-14.9454,"2026-05-18 20:53:56"
642076,tk-20260518205356-m32xxw,MX,seedance2.0,324900,消费,-14.9454,"2026-05-18 20:53:56"
642110,tk-20260518205354-r68nhh,MX,seedance2.0,324900,消费,-14.9454,"2026-05-18 20:53:54"
642073,tk-20260518205352-hywby6,MX,seedance2.0,151078,消费,-6.9495,"2026-05-18 20:53:52"
642109,tk-20260518205352-q0i6fy,MX,seedance2.0,324900,消费,-14.9454,"2026-05-18 20:53:52"
642108,tk-20260518205350-ki1dxb,MX,seedance2.0,324900,消费,-14.9454,"2026-05-18 20:53:50"
642103,tk-20260518205304-o7gflq,MX,seedance2.0,324900,消费,-14.9454,"2026-05-18 20:53:04"
642062,tk-20260518205255-vv9zvp,MX,seedance2.0,324900,消费,-14.9454,"2026-05-18 20:52:55"
642057,tk-20260518205231-683hn3,MX,seedance2.0,324900,消费,-14.9454,"2026-05-18 20:52:31"
642053,tk-20260518205201-o85anp,MX,seedance2.0,216900,消费,-9.9774,"2026-05-18 20:52:01"
642055,tk-20260518205201-i7ql5a,MX,seedance2.0,303300,消费,-13.9518,"2026-05-18 20:52:01"
642084,tk-20260518205131-c4tjkr,MX,seedance2.0,324900,消费,-14.9454,"2026-05-18 20:51:31"
642050,tk-20260518205126-pl7u9n,MX,seedance2.0,151078,消费,-6.9495,"2026-05-18 20:51:26"
642079,tk-20260518205113-ljy879,MX,seedance2.0,324900,消费,-14.9454,"2026-05-18 20:51:13"
642047,tk-20260518205110-pli93c,MX,seedance2.0,324900,消费,-14.9454,"2026-05-18 20:51:10"
642046,tk-20260518205105-q3n2za,MX,seedance2.0,87300,消费,-4.0158,"2026-05-18 20:51:05"
642074,tk-20260518205056-nujrt1,MX,seedance2.0,324900,消费,-14.9454,"2026-05-18 20:50:56"
642071,tk-20260518205042-83v20a,MX,seedance2.0,260100,消费,-11.9646,"2026-05-18 20:50:42"
642072,tk-20260518205042-bugebo,MX,seedance2.0,324900,消费,-14.9454,"2026-05-18 20:50:42"
642068,tk-20260518205020-pl2asr,MX,seedance2.0,324900,消费,-14.9454,"2026-05-18 20:50:20"
642067,tk-20260518205016-glitj5,MX,seedance2.0,324900,消费,-14.9454,"2026-05-18 20:50:16"
642033,tk-20260518205005-kj2j4m,MX,seedance2.0,324900,消费,-14.9454,"2026-05-18 20:50:05"
642064,tk-20260518204958-39ctmv,MX,seedance2.0,151078,消费,-6.9495,"2026-05-18 20:49:58"
642063,tk-20260518204957-wvocmq,MX,seedance2.0,324900,消费,-14.9454,"2026-05-18 20:49:57"
642065,tk-20260518204953-0i2g7t,MX,seedance2.0,324900,消费,-14.9454,"2026-05-18 20:49:53"
642092,tk-20260518204951-ik57uj,MX,seedance2.0,324900,消费,-14.9454,"2026-05-18 20:49:51"
642056,tk-20260518204915-900av0,MX,seedance2.0,324900,消费,-14.9454,"2026-05-18 20:49:15"
642024,tk-20260518204907-h1ad15,MX,seedance2.0,130500,消费,-6.0030,"2026-05-18 20:49:07"
642022,tk-20260518204859-1ghrpr,MX,seedance2.0,216900,消费,-9.9774,"2026-05-18 20:48:59"
642051,tk-20260518204853-fgxvr2,MX,seedance2.0,151078,消费,-6.9495,"2026-05-18 20:48:53"
642049,tk-20260518204828-g385l9,MX,seedance2.0,130500,消费,-6.0030,"2026-05-18 20:48:28"
642020,tk-20260518204818-maiqsp,MX,seedance2.0,324900,消费,-14.9454,"2026-05-18 20:48:18"
642070,tk-20260518204741-rw23qa,MX,seedance2.0,324900,消费,-14.9454,"2026-05-18 20:47:41"
642040,tk-20260518204732-w7cc7g,MX,seedance2.0,324900,消费,-14.9454,"2026-05-18 20:47:32"
642012,tk-20260518204728-346xek,MX,seedance2.0,324900,消费,-14.9454,"2026-05-18 20:47:28"
642037,tk-20260518204723-i93mfa,MX,seedance2.0,324900,消费,-14.9454,"2026-05-18 20:47:23"
642035,tk-20260518204721-3juzlq,MX,seedance2.0,324900,消费,-14.9454,"2026-05-18 20:47:21"
642034,tk-20260518204719-xdgq7r,MX,seedance2.0,324900,消费,-14.9454,"2026-05-18 20:47:19"
642102,tk-20260518204706-fnh8f3,MX,seedance2.0,324900,消费,-14.9454,"2026-05-18 20:47:06"
642031,tk-20260518204651-n4he68,MX,seedance2.0,324900,消费,-14.9454,"2026-05-18 20:46:51"
642008,tk-20260518204648-gtpno4,MX,seedance2.0,260100,消费,-11.9646,"2026-05-18 20:46:48"
642029,tk-20260518204632-dsgsm8,MX,seedance2.0,324900,消费,-14.9454,"2026-05-18 20:46:32"
642030,tk-20260518204632-ummrsw,MX,seedance2.0,324900,消费,-14.9454,"2026-05-18 20:46:32"
642026,tk-20260518204613-fh49jh,MX,seedance2.0,216900,消费,-9.9774,"2026-05-18 20:46:13"
642023,tk-20260518204555-21ij4a,MX,seedance2.0,324900,消费,-14.9454,"2026-05-18 20:45:55"
642021,tk-20260518204533-zz1byz,MX,seedance2.0,151078,消费,-6.9495,"2026-05-18 20:45:33"
642019,tk-20260518204518-ppnbid,MX,seedance2.0,108900,消费,-5.0094,"2026-05-18 20:45:18"
642018,tk-20260518204514-2bgdhf,MX,seedance2.0,324900,消费,-14.9454,"2026-05-18 20:45:14"
641999,tk-20260518204500-bhygo5,MX,seedance2.0,151078,消费,-6.9495,"2026-05-18 20:45:00"
642015,tk-20260518204454-zglw3x,MX,seedance2.0,281700,消费,-12.9582,"2026-05-18 20:44:54"
641996,tk-20260518204447-3h1fh7,MX,seedance2.0,324900,消费,-14.9454,"2026-05-18 20:44:47"
642011,tk-20260518204420-306ii7,MX,seedance2.0,324900,消费,-14.9454,"2026-05-18 20:44:20"
641994,tk-20260518204416-uby17s,MX,seedance2.0,324900,消费,-14.9454,"2026-05-18 20:44:16"
641995,tk-20260518204414-w6xxcd,MX,seedance2.0,216900,消费,-9.9774,"2026-05-18 20:44:14"
641991,tk-20260518204355-iefrwx,MX,seedance2.0,324900,消费,-14.9454,"2026-05-18 20:43:55"
642003,tk-20260518204220-fay66d,MX,seedance2.0,324900,消费,-14.9454,"2026-05-18 20:42:20"
641976,tk-20260518204151-5ui4w9,MX,seedance2.0,195300,消费,-8.9838,"2026-05-18 20:41:51"
641997,tk-20260518204141-hf8itd,MX,seedance2.0,324900,消费,-14.9454,"2026-05-18 20:41:41"
641975,tk-20260518204138-pfggue,MX,seedance2.0,324900,消费,-14.9454,"2026-05-18 20:41:38"
641925,tk-20260518204119-fltrm8,MX,seedance2.0,152100,消费,-6.9966,"2026-05-18 20:41:19"
641971,tk-20260518204102-4hx2m7,MX,seedance2.0,324900,消费,-14.9454,"2026-05-18 20:41:02"
641969,tk-20260518204055-0dvici,MX,seedance2.0,141034,消费,-6.4875,"2026-05-18 20:40:55"
641989,tk-20260518204045-it1nom,MX,seedance2.0,324900,消费,-14.9454,"2026-05-18 20:40:45"
641965,tk-20260518204043-5bls81,MX,seedance2.0,324900,消费,-14.9454,"2026-05-18 20:40:43"
641962,tk-20260518204041-5d0g3k,MX,seedance2.0,324900,消费,-14.9454,"2026-05-18 20:40:41"
641963,tk-20260518204037-50hzg2,MX,seedance2.0,324900,消费,-14.9454,"2026-05-18 20:40:37"
641957,tk-20260518204026-bslar8,MX,seedance2.0,151078,消费,-6.9495,"2026-05-18 20:40:26"
641983,tk-20260518204017-pk8qjh,MX,seedance2.0,324900,消费,-14.9454,"2026-05-18 20:40:17"
641954,tk-20260518204010-l502zd,MX,seedance2.0,324900,消费,-14.9454,"2026-05-18 20:40:10"
641982,tk-20260518204004-oeo6jh,MX,seedance2.0,324900,消费,-14.9454,"2026-05-18 20:40:04"
641950,tk-20260518203952-452ky0,MX,seedance2.0,324900,消费,-14.9454,"2026-05-18 20:39:52"
641941,tk-20260518203931-3ez7lq,MX,seedance2.0,87300,消费,-4.0158,"2026-05-18 20:39:31"
641940,tk-20260518203918-mhrln8,MX,seedance2.0,216900,消费,-9.9774,"2026-05-18 20:39:18"
641938,tk-20260518203910-r0391u,MX,seedance2.0,151078,消费,-6.9495,"2026-05-18 20:39:10"
641931,tk-20260518203855-87mcof,MX,seedance2.0,151078,消费,-6.9495,"2026-05-18 20:38:55"
641930,tk-20260518203853-207p2u,MX,seedance2.0,281700,消费,-12.9582,"2026-05-18 20:38:53"
641926,tk-20260518203823-imxztz,MX,seedance2.0,324900,消费,-14.9454,"2026-05-18 20:38:23"
641972,tk-20260518203816-5lcd0h,MX,seedance2.0,195300,消费,-8.9838,"2026-05-18 20:38:16"
641918,tk-20260518203800-gman7m,MX,seedance2.0,260100,消费,-11.9646,"2026-05-18 20:38:00"
641919,tk-20260518203800-hvd3tq,MX,seedance2.0,151078,消费,-6.9495,"2026-05-18 20:38:00"
641916,tk-20260518203755-xm8mwr,MX,seedance2.0,324900,消费,-14.9454,"2026-05-18 20:37:55"
641967,tk-20260518203750-nzlybk,MX,seedance2.0,281700,消费,-12.9582,"2026-05-18 20:37:50"
641970,tk-20260518203747-jl8y5a,MX,seedance2.0,324900,消费,-14.9454,"2026-05-18 20:37:47"
641914,tk-20260518203746-8bcqlb,MX,seedance2.0,324900,消费,-14.9454,"2026-05-18 20:37:46"
641911,tk-20260518203732-0hwvtc,MX,seedance2.0,324900,消费,-14.9454,"2026-05-18 20:37:32"
641960,tk-20260518203727-aglgxf,MX,seedance2.0,281700,消费,-12.9582,"2026-05-18 20:37:27"
641959,tk-20260518203721-ciw0r1,MX,seedance2.0,324900,消费,-14.9454,"2026-05-18 20:37:21"
641955,tk-20260518203705-qcvuqa,MX,seedance2.0,260100,消费,-11.9646,"2026-05-18 20:37:05"
641903,tk-20260518203701-uyj1o4,MX,seedance2.0,260100,消费,-11.9646,"2026-05-18 20:37:01"
641952,tk-20260518203701-gnmnxo,MX,seedance2.0,324900,消费,-14.9454,"2026-05-18 20:37:01"
641902,tk-20260518203645-6uwzfy,MX,seedance2.0,324900,消费,-14.9454,"2026-05-18 20:36:45"
641947,tk-20260518203642-au4dc6,MX,seedance2.0,324900,消费,-14.9454,"2026-05-18 20:36:42"
641946,tk-20260518203641-hiauac,MX,seedance2.0,324900,消费,-14.9454,"2026-05-18 20:36:41"
641897,tk-20260518203630-fh2pa2,MX,seedance2.0,281700,消费,-12.9582,"2026-05-18 20:36:30"
641932,tk-20260518203555-w218yx,MX,seedance2.0,281700,消费,-12.9582,"2026-05-18 20:35:55"
641928,tk-20260518203538-tgsp08,MX,seedance2.0,324900,消费,-14.9454,"2026-05-18 20:35:38"
641886,tk-20260518203533-u6ppvl,MX,seedance2.0,151078,消费,-6.9495,"2026-05-18 20:35:33"
641923,tk-20260518203511-wr39rf,MX,seedance2.0,216900,消费,-9.9774,"2026-05-18 20:35:11"
641917,tk-20260518203456-28jb3n,MX,seedance2.0,303300,消费,-13.9518,"2026-05-18 20:34:56"
641910,tk-20260518203422-azn2mz,MX,seedance2.0,324900,消费,-14.9454,"2026-05-18 20:34:22"
641908,tk-20260518203415-asb2no,MX,seedance2.0,324900,消费,-14.9454,"2026-05-18 20:34:15"
641907,tk-20260518203411-zdsdou,MX,seedance2.0,130500,消费,-6.0030,"2026-05-18 20:34:11"
641906,tk-20260518203407-5utvjc,MX,seedance2.0,324900,消费,-14.9454,"2026-05-18 20:34:07"
641905,tk-20260518203404-wdt6nd,MX,seedance2.0,324900,消费,-14.9454,"2026-05-18 20:34:04"
641878,tk-20260518203334-4oxc8j,MX,seedance2.0,324900,消费,-14.9454,"2026-05-18 20:33:34"
641899,tk-20260518203329-ky7qii,MX,seedance2.0,324900,消费,-14.9454,"2026-05-18 20:33:29"
641894,tk-20260518203307-u045jy,MX,seedance2.0,324900,消费,-14.9454,"2026-05-18 20:33:07"
641892,tk-20260518203250-1ta8xd,MX,seedance2.0,324900,消费,-14.9454,"2026-05-18 20:32:50"
641891,tk-20260518203246-n2y0kv,MX,seedance2.0,324900,消费,-14.9454,"2026-05-18 20:32:46"
641890,tk-20260518203242-npkb30,MX,seedance2.0,324900,消费,-14.9454,"2026-05-18 20:32:42"
641887,tk-20260518203238-al31kg,MX,seedance2.0,324900,消费,-14.9454,"2026-05-18 20:32:38"
641882,tk-20260518203138-avonqy,MX,seedance2.0,260100,消费,-11.9646,"2026-05-18 20:31:38"
641858,tk-20260518203128-3bx7ze,MX,seedance2.0,324900,消费,-14.9454,"2026-05-18 20:31:28"
641845,tk-20260518203101-nja9mi,MX,seedance2.0,324900,消费,-14.9454,"2026-05-18 20:31:01"
641841,tk-20260518203044-c2nu7g,MX,seedance2.0,324900,消费,-14.9454,"2026-05-18 20:30:44"
641895,tk-20260518203021-myv599,MX,seedance2.0,324900,消费,-14.9454,"2026-05-18 20:30:21"
641827,tk-20260518203013-gsqbkq,MX,seedance2.0,130990,消费,-6.0255,"2026-05-18 20:30:13"
641825,tk-20260518203010-l0p7dr,MX,seedance2.0,324900,消费,-14.9454,"2026-05-18 20:30:10"
641872,tk-20260518202958-5j12zn,MX,seedance2.0,324900,消费,-14.9454,"2026-05-18 20:29:58"
641819,tk-20260518202936-vqf8ud,MX,seedance2.0,130990,消费,-6.0255,"2026-05-18 20:29:36"
641817,tk-20260518202920-fqk0wl,MX,seedance2.0,260100,消费,-11.9646,"2026-05-18 20:29:20"
641800,tk-20260518202846-mh92xe,MX,seedance2.0,216900,消费,-9.9774,"2026-05-18 20:28:46"
641856,tk-20260518202827-w8dgnt,MX,seedance2.0,324900,消费,-14.9454,"2026-05-18 20:28:27"
641793,tk-20260518202823-j5qc40,MX,seedance2.0,324900,消费,-14.9454,"2026-05-18 20:28:23"
641855,tk-20260518202820-hoheyb,MX,seedance2.0,324900,消费,-14.9454,"2026-05-18 20:28:20"
641852,tk-20260518202818-foqto9,MX,seedance2.0,324900,消费,-14.9454,"2026-05-18 20:28:18"
641851,tk-20260518202813-pqdti2,MX,seedance2.0,324900,消费,-14.9454,"2026-05-18 20:28:13"
641789,tk-20260518202801-4ojyzx,MX,seedance2.0,324900,消费,-14.9454,"2026-05-18 20:28:01"
641901,tk-20260518202740-lcq0nq,MX,seedance2.0,324900,消费,-14.9454,"2026-05-18 20:27:40"
641836,tk-20260518202735-9d2f01,MX,seedance2.0,324900,消费,-14.9454,"2026-05-18 20:27:35"
641781,tk-20260518202734-7br02g,MX,seedance2.0,195300,消费,-8.9838,"2026-05-18 20:27:34"
641835,tk-20260518202734-bryj2k,MX,seedance2.0,324900,消费,-14.9454,"2026-05-18 20:27:34"
641818,tk-20260518202623-pb9zsm,MX,seedance2.0,324900,消费,-14.9454,"2026-05-18 20:26:23"
641816,tk-20260518202615-ln7or1,MX,seedance2.0,324900,消费,-14.9454,"2026-05-18 20:26:15"
641815,tk-20260518202610-xrfmnb,MX,seedance2.0,324900,消费,-14.9454,"2026-05-18 20:26:10"
641765,tk-20260518202554-r3ioiw,MX,seedance2.0,324900,消费,-14.9454,"2026-05-18 20:25:54"
641799,tk-20260518202548-yl8cv4,MX,seedance2.0,281700,消费,-12.9582,"2026-05-18 20:25:48"
641763,tk-20260518202540-m5aegk,MX,seedance2.0,152100,消费,-6.9966,"2026-05-18 20:25:40"
641797,tk-20260518202532-vhtwy3,MX,seedance2.0,216900,消费,-9.9774,"2026-05-18 20:25:32"
641795,tk-20260518202524-pqf4qi,MX,seedance2.0,324900,消费,-14.9454,"2026-05-18 20:25:24"
641760,tk-20260518202506-jrt4d9,MX,seedance2.0,324900,消费,-14.9454,"2026-05-18 20:25:06"
641791,tk-20260518202502-pqo4ex,MX,seedance2.0,324900,消费,-14.9454,"2026-05-18 20:25:02"
641787,tk-20260518202459-rodbvb,MX,seedance2.0,324900,消费,-14.9454,"2026-05-18 20:24:59"
641786,tk-20260518202455-e51s4r,MX,seedance2.0,324900,消费,-14.9454,"2026-05-18 20:24:55"
641759,tk-20260518202454-093g7l,MX,seedance2.0,151078,消费,-6.9495,"2026-05-18 20:24:54"
641783,tk-20260518202446-kk20ru,MX,seedance2.0,324900,消费,-14.9454,"2026-05-18 20:24:46"
641758,tk-20260518202443-9pprf9,MX,seedance2.0,324900,消费,-14.9454,"2026-05-18 20:24:43"
641778,tk-20260518202413-3oulq8,MX,seedance2.0,324900,消费,-14.9454,"2026-05-18 20:24:13"
641767,tk-20260518202311-uxzbhn,MX,seedance2.0,195300,消费,-8.9838,"2026-05-18 20:23:11"
641744,tk-20260518202300-1brkas,MX,seedance2.0,151078,消费,-6.9495,"2026-05-18 20:23:00"
641743,tk-20260518202259-5jboz0,MX,seedance2.0,324900,消费,-14.9454,"2026-05-18 20:22:59"
641766,tk-20260518202243-3wlt6a,MX,seedance2.0,324900,消费,-14.9454,"2026-05-18 20:22:43"
641735,tk-20260518202229-w5xlsz,MX,seedance2.0,324900,消费,-14.9454,"2026-05-18 20:22:29"
641794,tk-20260518202223-zk4885,MX,seedance2.0,324900,消费,-14.9454,"2026-05-18 20:22:23"
641755,tk-20260518202125-3t3san,MX,seedance2.0,324900,消费,-14.9454,"2026-05-18 20:21:25"
641754,tk-20260518202124-kscbrf,MX,seedance2.0,324900,消费,-14.9454,"2026-05-18 20:21:24"
641725,tk-20260518202112-wgn0pl,MX,seedance2.0,216900,消费,-9.9774,"2026-05-18 20:21:12"
641751,tk-20260518202050-rqg1zo,MX,seedance2.0,281700,消费,-12.9582,"2026-05-18 20:20:50"
641748,tk-20260518202011-notfcq,MX,seedance2.0,324900,消费,-14.9454,"2026-05-18 20:20:11"
641742,tk-20260518201954-1kjvxh,MX,seedance2.0,324900,消费,-14.9454,"2026-05-18 20:19:54"
641702,tk-20260518201941-f2v7pz,MX,seedance2.0,324900,消费,-14.9454,"2026-05-18 20:19:41"
641739,tk-20260518201933-yvvl8w,MX,seedance2.0,195300,消费,-8.9838,"2026-05-18 20:19:33"
641736,tk-20260518201921-10zuzy,MX,seedance2.0,324900,消费,-14.9454,"2026-05-18 20:19:21"
641733,tk-20260518201917-0nu6zz,MX,seedance2.0,324900,消费,-14.9454,"2026-05-18 20:19:17"
641696,tk-20260518201903-gn3c2t,MX,seedance2.0,173700,消费,-7.9902,"2026-05-18 20:19:03"
641729,tk-20260518201900-7a4yv5,MX,seedance2.0,324900,消费,-14.9454,"2026-05-18 20:19:00"
641685,tk-20260518201819-tpg4ft,MX,seedance2.0,260100,消费,-11.9646,"2026-05-18 20:18:19"
641724,tk-20260518201817-3507ta,MX,seedance2.0,324900,消费,-14.9454,"2026-05-18 20:18:17"
641684,tk-20260518201813-fwe3xy,MX,seedance2.0,80770,消费,-3.7154,"2026-05-18 20:18:13"
641723,tk-20260518201812-lu17sb,MX,seedance2.0,324900,消费,-14.9454,"2026-05-18 20:18:12"
641722,tk-20260518201805-vxon13,MX,seedance2.0,260100,消费,-11.9646,"2026-05-18 20:18:05"
641679,tk-20260518201800-irb17d,MX,seedance2.0,324900,消费,-14.9454,"2026-05-18 20:18:00"
641718,tk-20260518201755-sifr28,MX,seedance2.0,324900,消费,-14.9454,"2026-05-18 20:17:55"
641714,tk-20260518201742-7kx7hb,MX,seedance2.0,303300,消费,-13.9518,"2026-05-18 20:17:42"
641673,tk-20260518201724-pyh5kd,MX,seedance2.0,324900,消费,-14.9454,"2026-05-18 20:17:24"
641709,tk-20260518201717-3ss5n8,MX,seedance2.0,324900,消费,-14.9454,"2026-05-18 20:17:17"
641710,tk-20260518201713-9lkl2w,MX,seedance2.0,324900,消费,-14.9454,"2026-05-18 20:17:13"
641698,tk-20260518201612-vwewrp,MX,seedance2.0,324900,消费,-14.9454,"2026-05-18 20:16:12"
641697,tk-20260518201608-cmhxat,MX,seedance2.0,324900,消费,-14.9454,"2026-05-18 20:16:08"
641658,tk-20260518201553-qjsyqh,MX,seedance2.0,324900,消费,-14.9454,"2026-05-18 20:15:53"
641692,tk-20260518201531-1ad2i0,MX,seedance2.0,281700,消费,-12.9582,"2026-05-18 20:15:31"
641654,tk-20260518201525-5tp1n5,MX,seedance2.0,151078,消费,-6.9495,"2026-05-18 20:15:25"
641688,tk-20260518201522-z2bail,MX,seedance2.0,195300,消费,-8.9838,"2026-05-18 20:15:22"
641683,tk-20260518201518-ha7192,MX,seedance2.0,324900,消费,-14.9454,"2026-05-18 20:15:18"
641682,tk-20260518201513-zoasqn,MX,seedance2.0,195300,消费,-8.9838,"2026-05-18 20:15:13"
641677,tk-20260518201453-jiw4u2,MX,seedance2.0,324900,消费,-14.9454,"2026-05-18 20:14:53"
641678,tk-20260518201452-3ajay3,MX,seedance2.0,324900,消费,-14.9454,"2026-05-18 20:14:52"
641676,tk-20260518201444-mr20ls,MX,seedance2.0,151078,消费,-6.9495,"2026-05-18 20:14:44"
641675,tk-20260518201436-3l0d32,MX,seedance2.0,151078,消费,-6.9495,"2026-05-18 20:14:36"
641646,tk-20260518201413-36zj3x,MX,seedance2.0,324900,消费,-14.9454,"2026-05-18 20:14:13"
641671,tk-20260518201405-5aayd0,MX,seedance2.0,216900,消费,-9.9774,"2026-05-18 20:14:05"
641669,tk-20260518201358-f07r2k,MX,seedance2.0,151078,消费,-6.9495,"2026-05-18 20:13:58"
641670,tk-20260518201358-t7ta2k,MX,seedance2.0,324900,消费,-14.9454,"2026-05-18 20:13:58"
641667,tk-20260518201351-9zwyi5,MX,seedance2.0,195300,消费,-8.9838,"2026-05-18 20:13:51"
641666,tk-20260518201349-vsttva,MX,seedance2.0,324900,消费,-14.9454,"2026-05-18 20:13:49"
641639,tk-20260518201342-frvomg,MX,seedance2.0,324900,消费,-14.9454,"2026-05-18 20:13:42"
641699,tk-20260518201325-yz3775,MX,seedance2.0,324900,消费,-14.9454,"2026-05-18 20:13:25"
641664,tk-20260518201323-a5q2qu,MX,seedance2.0,324900,消费,-14.9454,"2026-05-18 20:13:23"
641622,tk-20260518201309-jpfoxr,MX,seedance2.0,151078,消费,-6.9495,"2026-05-18 20:13:10"
641659,tk-20260518201255-mh5nhp,MX,seedance2.0,324900,消费,-14.9454,"2026-05-18 20:12:55"
641616,tk-20260518201239-dokuel,MX,seedance2.0,151078,消费,-6.9495,"2026-05-18 20:12:39"
641656,tk-20260518201239-3d5tjn,MX,seedance2.0,151078,消费,-6.9495,"2026-05-18 20:12:39"
641655,tk-20260518201223-pep3v3,MX,seedance2.0,324900,消费,-14.9454,"2026-05-18 20:12:23"
641613,tk-20260518201220-5ftinn,MX,seedance2.0,110902,消费,-5.1014,"2026-05-18 20:12:20"
641612,tk-20260518201218-ulu033,MX,seedance2.0,152100,消费,-6.9966,"2026-05-18 20:12:18"
641609,tk-20260518201205-fil2yn,MX,seedance2.0,195300,消费,-8.9838,"2026-05-18 20:12:05"
641603,tk-20260518201146-37dikw,MX,seedance2.0,216900,消费,-9.9774,"2026-05-18 20:11:46"
641651,tk-20260518201144-igsmr1,MX,seedance2.0,324900,消费,-14.9454,"2026-05-18 20:11:44"
641647,tk-20260518201110-lq05wy,MX,seedance2.0,324900,消费,-14.9454,"2026-05-18 20:11:10"
641645,tk-20260518201105-m0xrvu,MX,seedance2.0,324900,消费,-14.9454,"2026-05-18 20:11:05"
641641,tk-20260518201047-yqyyvd,MX,seedance2.0,324900,消费,-14.9454,"2026-05-18 20:10:47"
641587,tk-20260518201036-tqiptx,MX,seedance2.0,281700,消费,-12.9582,"2026-05-18 20:10:36"
641638,tk-20260518201035-ocy624,MX,seedance2.0,151078,消费,-6.9495,"2026-05-18 20:10:35"
641635,tk-20260518201027-t5h4yp,MX,seedance2.0,324900,消费,-14.9454,"2026-05-18 20:10:27"
641634,tk-20260518201021-c0u6s0,MX,seedance2.0,324900,消费,-14.9454,"2026-05-18 20:10:21"
641621,tk-20260518201005-58opx5,MX,seedance2.0,324900,消费,-14.9454,"2026-05-18 20:10:05"
641580,tk-20260518200957-oo0zng,MX,seedance2.0,130500,消费,-6.0030,"2026-05-18 20:09:57"
641574,tk-20260518200935-obarkd,MX,seedance2.0,260100,消费,-11.9646,"2026-05-18 20:09:35"
641572,tk-20260518200933-qiq9dl,MX,seedance2.0,324900,消费,-14.9454,"2026-05-18 20:09:33"
641617,tk-20260518200933-0y6l59,MX,seedance2.0,151078,消费,-6.9495,"2026-05-18 20:09:33"
641567,tk-20260518200912-pegy12,MX,seedance2.0,324900,消费,-14.9454,"2026-05-18 20:09:12"
641608,tk-20260518200907-3cj07u,MX,seedance2.0,324900,消费,-14.9454,"2026-05-18 20:09:07"
641607,tk-20260518200901-c2uivg,MX,seedance2.0,324900,消费,-14.9454,"2026-05-18 20:09:01"
641606,tk-20260518200858-ubassv,MX,seedance2.0,324900,消费,-14.9454,"2026-05-18 20:08:58"
641600,tk-20260518200834-207tof,MX,seedance2.0,324900,消费,-14.9454,"2026-05-18 20:08:34"
641595,tk-20260518200823-y4lpoe,MX,seedance2.0,324900,消费,-14.9454,"2026-05-18 20:08:23"
641597,tk-20260518200817-b3zcz9,MX,seedance2.0,324900,消费,-14.9454,"2026-05-18 20:08:17"
641596,tk-20260518200815-bq1t57,MX,seedance2.0,151078,消费,-6.9495,"2026-05-18 20:08:15"
641549,tk-20260518200802-7clkwc,MX,seedance2.0,260100,消费,-11.9646,"2026-05-18 20:08:02"
641592,tk-20260518200759-e6f0kk,MX,seedance2.0,324900,消费,-14.9454,"2026-05-18 20:07:59"
641590,tk-20260518200747-6v99yu,MX,seedance2.0,324900,消费,-14.9454,"2026-05-18 20:07:47"
641588,tk-20260518200741-i4s4dm,MX,seedance2.0,324900,消费,-14.9454,"2026-05-18 20:07:41"
641585,tk-20260518200717-9pp78l,MX,seedance2.0,151078,消费,-6.9495,"2026-05-18 20:07:18"
641633,tk-20260518200713-ykjsp2,MX,seedance2.0,216900,消费,-9.9774,"2026-05-18 20:07:13"
641581,tk-20260518200709-5q1j2f,MX,seedance2.0,324900,消费,-14.9454,"2026-05-18 20:07:09"
641579,tk-20260518200658-u28dw3,MX,seedance2.0,324900,消费,-14.9454,"2026-05-18 20:06:58"
641578,tk-20260518200651-3uv1jn,MX,seedance2.0,324900,消费,-14.9454,"2026-05-18 20:06:51"
641498,tk-20260518200650-jmjk3g,MX,seedance2.0,324900,消费,-14.9454,"2026-05-18 20:06:50"
641577,tk-20260518200648-g0kk10,MX,seedance2.0,324900,消费,-14.9454,"2026-05-18 20:06:48"
641570,tk-20260518200626-i3rie1,MX,seedance2.0,324900,消费,-14.9454,"2026-05-18 20:06:26"
641569,tk-20260518200625-coa8zm,MX,seedance2.0,281700,消费,-12.9582,"2026-05-18 20:06:25"
641488,tk-20260518200617-627307,MX,seedance2.0,324900,消费,-14.9454,"2026-05-18 20:06:17"
641561,tk-20260518200558-qikmky,MX,seedance2.0,260100,消费,-11.9646,"2026-05-18 20:05:58"
641556,tk-20260518200542-fst8hl,MX,seedance2.0,324900,消费,-14.9454,"2026-05-18 20:05:42"
641601,tk-20260518200539-17q2ts,MX,seedance2.0,281700,消费,-12.9582,"2026-05-18 20:05:39"
641462,tk-20260518200513-u8r623,MX,seedance2.0,324900,消费,-14.9454,"2026-05-18 20:05:13"
641643,tk-20260518200502-fetpmn,MX,seedance2.0,151078,消费,-6.9495,"2026-05-18 20:05:02"
641548,tk-20260518200500-94zh31,MX,seedance2.0,324900,消费,-14.9454,"2026-05-18 20:05:00"
641542,tk-20260518200434-kt5stt,MX,seedance2.0,324900,消费,-14.9454,"2026-05-18 20:04:34"
641533,tk-20260518200411-qkz00g,MX,seedance2.0,324900,消费,-14.9454,"2026-05-18 20:04:11"
641527,tk-20260518200410-x7wm8s,MX,seedance2.0,324900,消费,-14.9454,"2026-05-18 20:04:10"
641528,tk-20260518200410-9c602k,MX,seedance2.0,324900,消费,-14.9454,"2026-05-18 20:04:10"
641529,tk-20260518200410-qmuwai,MX,seedance2.0,324900,消费,-14.9454,"2026-05-18 20:04:10"
641530,tk-20260518200410-zp4rp3,MX,seedance2.0,324900,消费,-14.9454,"2026-05-18 20:04:10"
641531,tk-20260518200410-ntzpol,MX,seedance2.0,324900,消费,-14.9454,"2026-05-18 20:04:10"
641532,tk-20260518200410-gwbu5h,MX,seedance2.0,324900,消费,-14.9454,"2026-05-18 20:04:10"
641434,tk-20260518200409-izqsr5,MX,seedance2.0,324900,消费,-14.9454,"2026-05-18 20:04:09"
641522,tk-20260518200409-oscru1,MX,seedance2.0,324900,消费,-14.9454,"2026-05-18 20:04:09"
641523,tk-20260518200409-20aa8j,MX,seedance2.0,324900,消费,-14.9454,"2026-05-18 20:04:09"
641524,tk-20260518200409-yrzm2f,MX,seedance2.0,324900,消费,-14.9454,"2026-05-18 20:04:09"
641525,tk-20260518200409-l6k8nv,MX,seedance2.0,324900,消费,-14.9454,"2026-05-18 20:04:09"
641526,tk-20260518200409-kw7gdb,MX,seedance2.0,324900,消费,-14.9454,"2026-05-18 20:04:09"
641508,tk-20260518200408-d1thpw,MX,seedance2.0,324900,消费,-14.9454,"2026-05-18 20:04:08"
641519,tk-20260518200408-8t0yfo,MX,seedance2.0,324900,消费,-14.9454,"2026-05-18 20:04:08"
641520,tk-20260518200408-10nhk7,MX,seedance2.0,324900,消费,-14.9454,"2026-05-18 20:04:08"
641521,tk-20260518200408-w7dks1,MX,seedance2.0,324900,消费,-14.9454,"2026-05-18 20:04:08"
641431,tk-20260518200407-y89yay,MX,seedance2.0,324900,消费,-14.9454,"2026-05-18 20:04:07"
641435,tk-20260518200407-or78hk,MX,seedance2.0,324900,消费,-14.9454,"2026-05-18 20:04:07"
641512,tk-20260518200407-hk38by,MX,seedance2.0,324900,消费,-14.9454,"2026-05-18 20:04:07"
641513,tk-20260518200407-b9at33,MX,seedance2.0,324900,消费,-14.9454,"2026-05-18 20:04:07"
641514,tk-20260518200407-s45kvy,MX,seedance2.0,324900,消费,-14.9454,"2026-05-18 20:04:07"
641515,tk-20260518200407-3wy11h,MX,seedance2.0,324900,消费,-14.9454,"2026-05-18 20:04:07"
641516,tk-20260518200407-2r15wg,MX,seedance2.0,324900,消费,-14.9454,"2026-05-18 20:04:07"
641517,tk-20260518200407-oyzo5q,MX,seedance2.0,324900,消费,-14.9454,"2026-05-18 20:04:07"
641518,tk-20260518200407-b3qy9h,MX,seedance2.0,324900,消费,-14.9454,"2026-05-18 20:04:07"
641504,tk-20260518200406-g2jsz3,MX,seedance2.0,324900,消费,-14.9454,"2026-05-18 20:04:06"
641510,tk-20260518200406-80g41b,MX,seedance2.0,324900,消费,-14.9454,"2026-05-18 20:04:06"
641511,tk-20260518200406-910cy7,MX,seedance2.0,324900,消费,-14.9454,"2026-05-18 20:04:06"
641509,tk-20260518200402-whmqcm,MX,seedance2.0,260100,消费,-11.9646,"2026-05-18 20:04:02"
641428,tk-20260518200401-jbpwz2,MX,seedance2.0,324900,消费,-14.9454,"2026-05-18 20:04:01"
641507,tk-20260518200401-4ft35i,MX,seedance2.0,151078,消费,-6.9495,"2026-05-18 20:04:01"
641497,tk-20260518200344-00pwo5,MX,seedance2.0,324900,消费,-14.9454,"2026-05-18 20:03:44"
641495,tk-20260518200337-h0vfu8,MX,seedance2.0,151078,消费,-6.9495,"2026-05-18 20:03:37"
641421,tk-20260518200330-om39pp,MX,seedance2.0,151078,消费,-6.9495,"2026-05-18 20:03:30"
641481,tk-20260518200308-c9mzit,MX,seedance2.0,324900,消费,-14.9454,"2026-05-18 20:03:08"
641413,tk-20260518200302-3egxvb,MX,seedance2.0,151078,消费,-6.9495,"2026-05-18 20:03:02"
641476,tk-20260518200257-lm4vgg,MX,seedance2.0,324900,消费,-14.9454,"2026-05-18 20:02:57"
641473,tk-20260518200253-dv43xv,MX,seedance2.0,324900,消费,-14.9454,"2026-05-18 20:02:53"
641411,tk-20260518200252-fu083n,MX,seedance2.0,216900,消费,-9.9774,"2026-05-18 20:02:52"
641404,tk-20260518200232-tp818n,MX,seedance2.0,324900,消费,-14.9454,"2026-05-18 20:02:32"
641397,tk-20260518200224-mhkn1k,MX,seedance2.0,324900,消费,-14.9454,"2026-05-18 20:02:24"
641393,tk-20260518200219-4fes76,MX,seedance2.0,110902,消费,-5.1014,"2026-05-18 20:02:19"
641465,tk-20260518200217-rqjwdw,MX,seedance2.0,324900,消费,-14.9454,"2026-05-18 20:02:17"
641461,tk-20260518200207-1azgtd,MX,seedance2.0,216900,消费,-9.9774,"2026-05-18 20:02:07"
641388,tk-20260518200206-oya5zr,MX,seedance2.0,324900,消费,-14.9454,"2026-05-18 20:02:06"
641389,tk-20260518200206-nwasff,MX,seedance2.0,216900,消费,-9.9774,"2026-05-18 20:02:06"
641455,tk-20260518200156-3aywup,MX,seedance2.0,324900,消费,-14.9454,"2026-05-18 20:01:56"
641452,tk-20260518200150-bq0o5y,MX,seedance2.0,324900,消费,-14.9454,"2026-05-18 20:01:50"
641382,tk-20260518200145-zu3b62,MX,seedance2.0,216900,消费,-9.9774,"2026-05-18 20:01:45"
641451,tk-20260518200145-scwtty,MX,seedance2.0,87300,消费,-4.0158,"2026-05-18 20:01:45"
641540,tk-20260518200142-2xuti2,MX,seedance2.0,324900,消费,-14.9454,"2026-05-18 20:01:42"
641446,tk-20260518200140-gk27aq,MX,seedance2.0,324900,消费,-14.9454,"2026-05-18 20:01:40"
641443,tk-20260518200128-1yjt1x,MX,seedance2.0,324900,消费,-14.9454,"2026-05-18 20:01:28"
641444,tk-20260518200126-pqeune,MX,seedance2.0,324900,消费,-14.9454,"2026-05-18 20:01:26"
641373,tk-20260518200118-zzk1a1,MX,seedance2.0,216900,消费,-9.9774,"2026-05-18 20:01:18"
641439,tk-20260518200118-xqsmi9,MX,seedance2.0,324900,消费,-14.9454,"2026-05-18 20:01:18"
641584,tk-20260518200111-z8cu3t,MX,seedance2.0,324900,消费,-14.9454,"2026-05-18 20:01:11"
641506,tk-20260518200104-n40d6w,MX,seedance2.0,324900,消费,-14.9454,"2026-05-18 20:01:04"
641427,tk-20260518200054-aw1039,MX,seedance2.0,324900,消费,-14.9454,"2026-05-18 20:00:55"
641425,tk-20260518200040-shual7,MX,seedance2.0,324900,消费,-14.9454,"2026-05-18 20:00:40"
641356,tk-20260518200035-r0v74b,MX,seedance2.0,260100,消费,-11.9646,"2026-05-18 20:00:35"
641354,tk-20260518200034-6gkrvw,MX,seedance2.0,324900,消费,-14.9454,"2026-05-18 20:00:34"
641419,tk-20260518200010-chslti,MX,seedance2.0,216900,消费,-9.9774,"2026-05-18 20:00:10"
641418,tk-20260518200003-lb0822,MX,seedance2.0,324900,消费,-14.9454,"2026-05-18 20:00:03"
641566,tk-20260518195959-dtdyde,MX,seedance2.0,281700,消费,-12.9582,"2026-05-18 19:59:59"
641409,tk-20260518195950-ky30ac,MX,seedance2.0,324900,消费,-14.9454,"2026-05-18 19:59:50"
641405,tk-20260518195942-0hivpa,MX,seedance2.0,324900,消费,-14.9454,"2026-05-18 19:59:42"
641403,tk-20260518195933-ecc17n,MX,seedance2.0,324900,消费,-14.9454,"2026-05-18 19:59:33"
641402,tk-20260518195932-bkkyfc,MX,seedance2.0,216900,消费,-9.9774,"2026-05-18 19:59:32"
641330,tk-20260518195931-altpg6,MX,seedance2.0,324900,消费,-14.9454,"2026-05-18 19:59:31"
641396,tk-20260518195925-32687s,MX,seedance2.0,324900,消费,-14.9454,"2026-05-18 19:59:25"
641318,tk-20260518195902-5xzz91,MX,seedance2.0,130500,消费,-6.0030,"2026-05-18 19:59:02"
641319,tk-20260518195855-f4b0sa,MX,seedance2.0,130990,消费,-6.0255,"2026-05-18 19:58:55"
641375,tk-20260518195822-die6ho,MX,seedance2.0,324900,消费,-14.9454,"2026-05-18 19:58:22"
641358,tk-20260518195726-xew6jk,MX,seedance2.0,324900,消费,-14.9454,"2026-05-18 19:57:26"
641349,tk-20260518195713-4iii1p,MX,seedance2.0,324900,消费,-14.9454,"2026-05-18 19:57:13"
641348,tk-20260518195712-jl4js2,MX,seedance2.0,324900,消费,-14.9454,"2026-05-18 19:57:12"
641285,tk-20260518195704-kdcedi,MX,seedance2.0,324900,消费,-14.9454,"2026-05-18 19:57:04"
641343,tk-20260518195654-4a10mk,MX,seedance2.0,324900,消费,-14.9454,"2026-05-18 19:56:54"
641280,tk-20260518195651-oi3k7q,MX,seedance2.0,324900,消费,-14.9454,"2026-05-18 19:56:51"
641339,tk-20260518195643-py1c25,MX,seedance2.0,324900,消费,-14.9454,"2026-05-18 19:56:43"
641334,tk-20260518195637-czdt9h,MX,seedance2.0,324900,消费,-14.9454,"2026-05-18 19:56:37"
641279,tk-20260518195632-2k1chb,MX,seedance2.0,324900,消费,-14.9454,"2026-05-18 19:56:32"
641328,tk-20260518195620-j0utfb,MX,seedance2.0,173700,消费,-7.9902,"2026-05-18 19:56:20"
641265,tk-20260518195604-6svxcq,MX,seedance2.0,151078,消费,-6.9495,"2026-05-18 19:56:04"
641324,tk-20260518195604-ixtsz1,MX,seedance2.0,324900,消费,-14.9454,"2026-05-18 19:56:04"
641264,tk-20260518195603-jpmaok,MX,seedance2.0,324900,消费,-14.9454,"2026-05-18 19:56:03"
641320,tk-20260518195556-yx8sj3,MX,seedance2.0,324900,消费,-14.9454,"2026-05-18 19:55:56"
641313,tk-20260518195544-5pvoqo,MX,seedance2.0,324900,消费,-14.9454,"2026-05-18 19:55:44"
641253,tk-20260518195533-d2vu97,MX,seedance2.0,152100,消费,-6.9966,"2026-05-18 19:55:33"
641311,tk-20260518195524-pn61q1,MX,seedance2.0,324900,消费,-14.9454,"2026-05-18 19:55:24"
641310,tk-20260518195521-iqz6xk,MX,seedance2.0,195300,消费,-8.9838,"2026-05-18 19:55:21"
641237,tk-20260518195458-qacyr3,MX,seedance2.0,151078,消费,-6.9495,"2026-05-18 19:54:58"
641232,tk-20260518195456-p70ypg,MX,seedance2.0,324900,消费,-14.9454,"2026-05-18 19:54:56"
641231,tk-20260518195454-tf66f6,MX,seedance2.0,130500,消费,-6.0030,"2026-05-18 19:54:54"
641230,tk-20260518195452-x2xrca,MX,seedance2.0,216900,消费,-9.9774,"2026-05-18 19:54:52"
641299,tk-20260518195446-ezgmez,MX,seedance2.0,303300,消费,-13.9518,"2026-05-18 19:54:46"
641220,tk-20260518195432-3mr2yd,MX,seedance2.0,173700,消费,-7.9902,"2026-05-18 19:54:32"
641216,tk-20260518195413-jfhc66,MX,seedance2.0,216900,消费,-9.9774,"2026-05-18 19:54:13"
641204,tk-20260518195402-b203mx,MX,seedance2.0,216900,消费,-9.9774,"2026-05-18 19:54:02"
641208,tk-20260518195402-x1nb5b,MX,seedance2.0,324900,消费,-14.9454,"2026-05-18 19:54:02"
641203,tk-20260518195358-2z4c6o,MX,seedance2.0,216900,消费,-9.9774,"2026-05-18 19:53:58"
641197,tk-20260518195329-7yo144,MX,seedance2.0,152100,消费,-6.9966,"2026-05-18 19:53:29"
641196,tk-20260518195327-ey5baw,MX,seedance2.0,216900,消费,-9.9774,"2026-05-18 19:53:27"
641194,tk-20260518195320-y71jpn,MX,seedance2.0,260100,消费,-11.9646,"2026-05-18 19:53:20"
641327,tk-20260518195313-lc33bw,MX,seedance2.0,324900,消费,-14.9454,"2026-05-18 19:53:13"
641190,tk-20260518195310-tncstp,MX,seedance2.0,260100,消费,-11.9646,"2026-05-18 19:53:10"
641186,tk-20260518195300-27p4w7,MX,seedance2.0,324900,消费,-14.9454,"2026-05-18 19:53:00"
641182,tk-20260518195255-4u4jnk,MX,seedance2.0,141034,消费,-6.4875,"2026-05-18 19:52:55"
641261,tk-20260518195251-b92v33,MX,seedance2.0,324900,消费,-14.9454,"2026-05-18 19:52:51"
641260,tk-20260518195242-6ex37z,MX,seedance2.0,260100,消费,-11.9646,"2026-05-18 19:52:42"
641312,tk-20260518195234-qhi689,MX,seedance2.0,151078,消费,-6.9495,"2026-05-18 19:52:34"
641249,tk-20260518195231-ngo6ab,MX,seedance2.0,151078,消费,-6.9495,"2026-05-18 19:52:31"
641168,tk-20260518195212-ze7d4t,MX,seedance2.0,324900,消费,-14.9454,"2026-05-18 19:52:12"
641245,tk-20260518195212-86ulux,MX,seedance2.0,324900,消费,-14.9454,"2026-05-18 19:52:12"
641229,tk-20260518195144-h1auje,MX,seedance2.0,324900,消费,-14.9454,"2026-05-18 19:51:44"
641228,tk-20260518195143-ibjdey,MX,seedance2.0,324900,消费,-14.9454,"2026-05-18 19:51:43"
641226,tk-20260518195141-1zg4dg,MX,seedance2.0,324900,消费,-14.9454,"2026-05-18 19:51:41"
641227,tk-20260518195141-nbqs2v,MX,seedance2.0,324900,消费,-14.9454,"2026-05-18 19:51:41"
641158,tk-20260518195138-avcwdu,MX,seedance2.0,281700,消费,-12.9582,"2026-05-18 19:51:38"
641223,tk-20260518195138-28m46r,MX,seedance2.0,324900,消费,-14.9454,"2026-05-18 19:51:38"
641151,tk-20260518195123-hwwjrw,MX,seedance2.0,151078,消费,-6.9495,"2026-05-18 19:51:23"
641218,tk-20260518195122-du5spn,MX,seedance2.0,324900,消费,-14.9454,"2026-05-18 19:51:22"
641217,tk-20260518195118-sz9sdq,MX,seedance2.0,324900,消费,-14.9454,"2026-05-18 19:51:18"
641213,tk-20260518195111-42mj7b,MX,seedance2.0,238500,消费,-10.9710,"2026-05-18 19:51:11"
641205,tk-20260518195106-5dnh2j,MX,seedance2.0,151078,消费,-6.9495,"2026-05-18 19:51:06"
641145,tk-20260518195102-2ve5tj,MX,seedance2.0,324900,消费,-14.9454,"2026-05-18 19:51:02"
641137,tk-20260518195052-m42v2s,MX,seedance2.0,324900,消费,-14.9454,"2026-05-18 19:50:52"
641134,tk-20260518195040-coq6u7,MX,seedance2.0,324900,消费,-14.9454,"2026-05-18 19:50:40"
641201,tk-20260518195037-a5mvzt,MX,seedance2.0,324900,消费,-14.9454,"2026-05-18 19:50:37"
641131,tk-20260518195036-422dfm,MX,seedance2.0,216900,消费,-9.9774,"2026-05-18 19:50:36"
641128,tk-20260518195033-j6sp6k,MX,seedance2.0,216900,消费,-9.9774,"2026-05-18 19:50:33"
641192,tk-20260518195018-qwbky1,MX,seedance2.0,238500,消费,-10.9710,"2026-05-18 19:50:18"
641193,tk-20260518195010-p5ayx3,MX,seedance2.0,324900,消费,-14.9454,"2026-05-18 19:50:10"
641183,tk-20260518194957-lfrtf5,MX,seedance2.0,216900,消费,-9.9774,"2026-05-18 19:49:57"
641103,tk-20260518194903-m3jooa,MX,seedance2.0,151078,消费,-6.9495,"2026-05-18 19:49:03"
641162,tk-20260518194901-mwom09,MX,seedance2.0,324900,消费,-14.9454,"2026-05-18 19:49:01"
641153,tk-20260518194833-gqdy99,MX,seedance2.0,324900,消费,-14.9454,"2026-05-18 19:48:33"
641091,tk-20260518194810-j08hon,MX,seedance2.0,173700,消费,-7.9902,"2026-05-18 19:48:10"
641087,tk-20260518194807-vr57i7,MX,seedance2.0,216900,消费,-9.9774,"2026-05-18 19:48:07"
641083,tk-20260518194800-y6myp3,MX,seedance2.0,324900,消费,-14.9454,"2026-05-18 19:48:00"
641139,tk-20260518194758-2hbn1a,MX,seedance2.0,151078,消费,-6.9495,"2026-05-18 19:47:58"
641081,tk-20260518194756-w5bd68,MX,seedance2.0,130990,消费,-6.0255,"2026-05-18 19:47:56"
641080,tk-20260518194755-h733m5,MX,seedance2.0,260100,消费,-11.9646,"2026-05-18 19:47:55"
641136,tk-20260518194751-gb90h6,MX,seedance2.0,324900,消费,-14.9454,"2026-05-18 19:47:51"
641076,tk-20260518194746-kd58zf,MX,seedance2.0,324900,消费,-14.9454,"2026-05-18 19:47:46"
641066,tk-20260518194719-fm1u1i,MX,seedance2.0,151078,消费,-6.9495,"2026-05-18 19:47:19"
641065,tk-20260518194712-cjf5ir,MX,seedance2.0,324900,消费,-14.9454,"2026-05-18 19:47:12"
641051,tk-20260518194630-10gnb3,MX,seedance2.0,324900,消费,-14.9454,"2026-05-18 19:46:30"
641047,tk-20260518194620-za1412,MX,seedance2.0,324900,消费,-14.9454,"2026-05-18 19:46:20"
641040,tk-20260518194607-62hki2,MX,seedance2.0,303300,消费,-13.9518,"2026-05-18 19:46:07"
641038,tk-20260518194602-06zksw,MX,seedance2.0,130990,消费,-6.0255,"2026-05-18 19:46:02"
641028,tk-20260518194532-pzqd5f,MX,seedance2.0,151078,消费,-6.9495,"2026-05-18 19:45:32"
641098,tk-20260518194531-8bxe9k,MX,seedance2.0,281700,消费,-12.9582,"2026-05-18 19:45:31"
641019,tk-20260518194517-0kohyt,MX,seedance2.0,216900,消费,-9.9774,"2026-05-18 19:45:17"
641090,tk-20260518194516-vqddx2,MX,seedance2.0,260100,消费,-11.9646,"2026-05-18 19:45:16"
641003,tk-20260518194434-ck3m5h,MX,seedance2.0,324900,消费,-14.9454,"2026-05-18 19:44:34"
641002,tk-20260518194433-33duel,MX,seedance2.0,324900,消费,-14.9454,"2026-05-18 19:44:33"
641001,tk-20260518194418-503ib6,MX,seedance2.0,90814,消费,-4.1774,"2026-05-18 19:44:18"
641068,tk-20260518194414-ejnoa1,MX,seedance2.0,324900,消费,-14.9454,"2026-05-18 19:44:14"
640986,tk-20260518194359-ljs9v6,MX,seedance2.0,130500,消费,-6.0030,"2026-05-18 19:43:59"
641050,tk-20260518194323-s39yai,MX,seedance2.0,260100,消费,-11.9646,"2026-05-18 19:43:23"
641037,tk-20260518194257-es9hve,MX,seedance2.0,130500,消费,-6.0030,"2026-05-18 19:42:57"
640950,tk-20260518194239-glrexo,MX,seedance2.0,238500,消费,-10.9710,"2026-05-18 19:42:39"
640949,tk-20260518194236-0vu2m8,MX,seedance2.0,324900,消费,-14.9454,"2026-05-18 19:42:36"
640943,tk-20260518194234-qmd815,MX,seedance2.0,324900,消费,-14.9454,"2026-05-18 19:42:34"
640828,tk-20260518194218-n9vvum,MX,seedance2.0,151078,消费,-6.9495,"2026-05-18 19:42:18"
641342,tk-20260518194149-q96cuj,MX,seedance2.0,324900,消费,-14.9454,"2026-05-18 19:41:49"
640900,tk-20260518194117-p8yurt,MX,seedance2.0,324900,消费,-14.9454,"2026-05-18 19:41:17"
640999,tk-20260518194115-mzvil5,MX,seedance2.0,324900,消费,-14.9454,"2026-05-18 19:41:15"
640877,tk-20260518194106-mqnoql,MX,seedance2.0,216900,消费,-9.9774,"2026-05-18 19:41:06"
640992,tk-20260518194103-m3ohgw,MX,seedance2.0,324900,消费,-14.9454,"2026-05-18 19:41:03"
640873,tk-20260518194047-k7rl1q,MX,seedance2.0,108900,消费,-5.0094,"2026-05-18 19:40:47"
640868,tk-20260518194045-9yl0gc,MX,seedance2.0,324900,消费,-14.9454,"2026-05-18 19:40:45"
640863,tk-20260518194030-5uuxff,MX,seedance2.0,324900,消费,-14.9454,"2026-05-18 19:40:30"
640864,tk-20260518194024-8lt8ba,MX,seedance2.0,324900,消费,-14.9454,"2026-05-18 19:40:24"
640976,tk-20260518194023-s0ur2b,MX,seedance2.0,324900,消费,-14.9454,"2026-05-18 19:40:23"
640837,tk-20260518193954-lrn50a,MX,seedance2.0,324900,消费,-14.9454,"2026-05-18 19:39:54"
640836,tk-20260518193950-71o8ai,MX,seedance2.0,324900,消费,-14.9454,"2026-05-18 19:39:50"
640835,tk-20260518193938-3j3p8z,MX,seedance2.0,324900,消费,-14.9454,"2026-05-18 19:39:38"
640953,tk-20260518193938-uxxo2l,MX,seedance2.0,324900,消费,-14.9454,"2026-05-18 19:39:38"
640834,tk-20260518193936-qb3yvm,MX,seedance2.0,324900,消费,-14.9454,"2026-05-18 19:39:36"
640940,tk-20260518193926-2kvvqb,MX,seedance2.0,151078,消费,-6.9495,"2026-05-18 19:39:26"
640833,tk-20260518193923-c2qdrn,MX,seedance2.0,324900,消费,-14.9454,"2026-05-18 19:39:23"
640802,tk-20260518193853-omdivz,MX,seedance2.0,324900,消费,-14.9454,"2026-05-18 19:38:53"
640910,tk-20260518193846-xvuxn1,MX,seedance2.0,324900,消费,-14.9454,"2026-05-18 19:38:46"
640907,tk-20260518193840-2brt0a,MX,seedance2.0,324900,消费,-14.9454,"2026-05-18 19:38:40"
640906,tk-20260518193832-h1ki4v,MX,seedance2.0,216900,消费,-9.9774,"2026-05-18 19:38:32"
640786,tk-20260518193818-wo4gun,MX,seedance2.0,324900,消费,-14.9454,"2026-05-18 19:38:18"
640884,tk-20260518193813-wz5nbt,MX,seedance2.0,324900,消费,-14.9454,"2026-05-18 19:38:13"
640785,tk-20260518193811-e6o5r0,MX,seedance2.0,324900,消费,-14.9454,"2026-05-18 19:38:11"
640780,tk-20260518193806-xw2298,MX,seedance2.0,324900,消费,-14.9454,"2026-05-18 19:38:06"
640875,tk-20260518193754-l7sj28,MX,seedance2.0,324900,消费,-14.9454,"2026-05-18 19:37:54"
640845,tk-20260518193706-wdv8f5,MX,seedance2.0,260100,消费,-11.9646,"2026-05-18 19:37:06"
640757,tk-20260518193703-jl0yv1,MX,seedance2.0,87300,消费,-4.0158,"2026-05-18 19:37:03"
640748,tk-20260518193653-vxlsrr,MX,seedance2.0,281700,消费,-12.9582,"2026-05-18 19:36:53"
640740,tk-20260518193626-iasjc3,MX,seedance2.0,216900,消费,-9.9774,"2026-05-18 19:36:26"
640739,tk-20260518193623-f3ywq3,MX,seedance2.0,281700,消费,-12.9582,"2026-05-18 19:36:23"
640735,tk-20260518193618-96kz3v,MX,seedance2.0,324900,消费,-14.9454,"2026-05-18 19:36:18"
640829,tk-20260518193618-k0awty,MX,seedance2.0,324900,消费,-14.9454,"2026-05-18 19:36:18"
640723,tk-20260518193550-9setiv,MX,seedance2.0,324900,消费,-14.9454,"2026-05-18 19:35:50"
640793,tk-20260518193540-13cbwt,MX,seedance2.0,324900,消费,-14.9454,"2026-05-18 19:35:40"
640791,tk-20260518193532-srnfyp,MX,seedance2.0,324900,消费,-14.9454,"2026-05-18 19:35:32"
640712,tk-20260518193519-ptyy74,MX,seedance2.0,120946,消费,-5.5635,"2026-05-18 19:35:19"
640709,tk-20260518193503-enzyzf,MX,seedance2.0,281700,消费,-12.9582,"2026-05-18 19:35:03"
640705,tk-20260518193448-ri70lf,MX,seedance2.0,90814,消费,-4.1774,"2026-05-18 19:34:48"
640706,tk-20260518193440-fyi4z6,MX,seedance2.0,173700,消费,-7.9902,"2026-05-18 19:34:40"
640754,tk-20260518193407-33pj62,MX,seedance2.0,324900,消费,-14.9454,"2026-05-18 19:34:07"
640753,tk-20260518193405-2clbin,MX,seedance2.0,195300,消费,-8.9838,"2026-05-18 19:34:05"
640677,tk-20260518193334-x157q8,MX,seedance2.0,324900,消费,-14.9454,"2026-05-18 19:33:34"
640734,tk-20260518193317-h4thkd,MX,seedance2.0,281700,消费,-12.9582,"2026-05-18 19:33:17"
640727,tk-20260518193301-oqiceg,MX,seedance2.0,260100,消费,-11.9646,"2026-05-18 19:33:01"
640799,tk-20260518193247-dvidf9,MX,seedance2.0,324900,消费,-14.9454,"2026-05-18 19:32:47"
640661,tk-20260518193236-x2fxsw,MX,seedance2.0,216900,消费,-9.9774,"2026-05-18 19:32:36"
640718,tk-20260518193230-pf3efr,MX,seedance2.0,324900,消费,-14.9454,"2026-05-18 19:32:30"
640707,tk-20260518193158-nh0zvo,MX,seedance2.0,238500,消费,-10.9710,"2026-05-18 19:31:58"
640647,tk-20260518193157-7xzvst,MX,seedance2.0,324900,消费,-14.9454,"2026-05-18 19:31:57"
640777,tk-20260518193141-iylhh3,MX,seedance2.0,324900,消费,-14.9454,"2026-05-18 19:31:41"
640694,tk-20260518193126-ubtbqu,MX,seedance2.0,324900,消费,-14.9454,"2026-05-18 19:31:26"
640693,tk-20260518193119-dp4r1y,MX,seedance2.0,324900,消费,-14.9454,"2026-05-18 19:31:19"
640688,tk-20260518193110-o6kwen,MX,seedance2.0,324900,消费,-14.9454,"2026-05-18 19:31:10"
640621,tk-20260518193055-vgq8g7,MX,seedance2.0,216900,消费,-9.9774,"2026-05-18 19:30:55"
640615,tk-20260518193033-urpjcz,MX,seedance2.0,108900,消费,-5.0094,"2026-05-18 19:30:33"
640678,tk-20260518193029-qhzcqu,MX,seedance2.0,324900,消费,-14.9454,"2026-05-18 19:30:29"
640738,tk-20260518193026-4rivoz,MX,seedance2.0,324900,消费,-14.9454,"2026-05-18 19:30:26"
640604,tk-20260518193020-t2m2ss,MX,seedance2.0,324900,消费,-14.9454,"2026-05-18 19:30:20"
640667,tk-20260518193008-j3o0n6,MX,seedance2.0,324900,消费,-14.9454,"2026-05-18 19:30:08"
640579,tk-20260518192931-efrrax,MX,seedance2.0,324900,消费,-14.9454,"2026-05-18 19:29:31"
640574,tk-20260518192922-302xpt,MX,seedance2.0,324900,消费,-14.9454,"2026-05-18 19:29:22"
640536,tk-20260518192844-23a62r,MX,seedance2.0,324900,消费,-14.9454,"2026-05-18 19:28:44"
640640,tk-20260518192820-z87b0x,MX,seedance2.0,324900,消费,-14.9454,"2026-05-18 19:28:20"
640620,tk-20260518192747-716bop,MX,seedance2.0,324900,消费,-14.9454,"2026-05-18 19:27:47"
640619,tk-20260518192742-81dy3g,MX,seedance2.0,324900,消费,-14.9454,"2026-05-18 19:27:42"
640583,tk-20260518192651-i1ls0o,MX,seedance2.0,324900,消费,-14.9454,"2026-05-18 19:26:51"
640452,tk-20260518192625-jl51tg,MX,seedance2.0,324900,消费,-14.9454,"2026-05-18 19:26:25"
640451,tk-20260518192623-uuew5t,MX,seedance2.0,151078,消费,-6.9495,"2026-05-18 19:26:23"
640417,tk-20260518192526-0c6v37,MX,seedance2.0,324900,消费,-14.9454,"2026-05-18 19:25:26"
640418,tk-20260518192525-rvvl7k,MX,seedance2.0,152100,消费,-6.9966,"2026-05-18 19:25:25"
640415,tk-20260518192517-gk161o,MX,seedance2.0,216900,消费,-9.9774,"2026-05-18 19:25:17"
640394,tk-20260518192455-55r8an,MX,seedance2.0,151078,消费,-6.9495,"2026-05-18 19:24:55"
640385,tk-20260518192431-v35ovs,MX,seedance2.0,141034,消费,-6.4875,"2026-05-18 19:24:31"
640499,tk-20260518192431-nwbbmf,MX,seedance2.0,152100,消费,-6.9966,"2026-05-18 19:24:31"
640251,tk-20260518192321-bmu5fs,MX,seedance2.0,130500,消费,-6.0030,"2026-05-18 19:23:21"
640332,tk-20260518192314-7ozuxt,MX,seedance2.0,281700,消费,-12.9582,"2026-05-18 19:23:14"
640432,tk-20260518192312-mvlnhb,MX,seedance2.0,216900,消费,-9.9774,"2026-05-18 19:23:12"
640430,tk-20260518192250-dzaoi4,MX,seedance2.0,324900,消费,-14.9454,"2026-05-18 19:22:50"
640395,tk-20260518192159-ut3c00,MX,seedance2.0,324900,消费,-14.9454,"2026-05-18 19:21:59"
640384,tk-20260518192129-9has4a,MX,seedance2.0,324900,消费,-14.9454,"2026-05-18 19:21:29"
640279,tk-20260518192125-rghh38,MX,seedance2.0,324900,消费,-14.9454,"2026-05-18 19:21:25"
640275,tk-20260518192111-2c2cwo,MX,seedance2.0,324900,消费,-14.9454,"2026-05-18 19:21:11"
640252,tk-20260518192021-5zi714,MX,seedance2.0,324900,消费,-14.9454,"2026-05-18 19:20:21"
640315,tk-20260518191941-034kn8,MX,seedance2.0,151078,消费,-6.9495,"2026-05-18 19:19:41"
640210,tk-20260518191827-s3k72s,MX,seedance2.0,324900,消费,-14.9454,"2026-05-18 19:18:27"
640207,tk-20260518191812-3o1l9y,MX,seedance2.0,216900,消费,-9.9774,"2026-05-18 19:18:12"
640263,tk-20260518191758-kus7xs,MX,seedance2.0,324900,消费,-14.9454,"2026-05-18 19:17:58"
640264,tk-20260518191757-ua5uo5,MX,seedance2.0,141034,消费,-6.4875,"2026-05-18 19:17:57"
640262,tk-20260518191752-v5utjd,MX,seedance2.0,324900,消费,-14.9454,"2026-05-18 19:17:52"
640191,tk-20260518191729-7duw7a,MX,seedance2.0,151078,消费,-6.9495,"2026-05-18 19:17:29"
640189,tk-20260518191721-eb90lg,MX,seedance2.0,120946,消费,-5.5635,"2026-05-18 19:17:21"
640174,tk-20260518191659-mq7603,MX,seedance2.0,108900,消费,-5.0094,"2026-05-18 19:16:59"
640173,tk-20260518191658-df3usq,MX,seedance2.0,324900,消费,-14.9454,"2026-05-18 19:16:58"
640175,tk-20260518191654-sjgkyl,MX,seedance2.0,151078,消费,-6.9495,"2026-05-18 19:16:54"
640246,tk-20260518191650-dqbg04,MX,seedance2.0,260100,消费,-11.9646,"2026-05-18 19:16:50"
640169,tk-20260518191648-s56dag,MX,seedance2.0,324900,消费,-14.9454,"2026-05-18 19:16:48"
640167,tk-20260518191646-9scjr3,MX,seedance2.0,151078,消费,-6.9495,"2026-05-18 19:16:46"
640165,tk-20260518191629-89g6a9,MX,seedance2.0,324900,消费,-14.9454,"2026-05-18 19:16:29"
640235,tk-20260518191625-itr2ws,MX,seedance2.0,324900,消费,-14.9454,"2026-05-18 19:16:25"
640158,tk-20260518191621-4jym2i,MX,seedance2.0,152100,消费,-6.9966,"2026-05-18 19:16:21"
640138,tk-20260518191548-n8ssea,MX,seedance2.0,90814,消费,-4.1774,"2026-05-18 19:15:48"
640145,tk-20260518191548-nbwgij,MX,seedance2.0,324900,消费,-14.9454,"2026-05-18 19:15:48"
640130,tk-20260518191532-sh2wft,MX,seedance2.0,87300,消费,-4.0158,"2026-05-18 19:15:32"
640215,tk-20260518191530-jyfx32,MX,seedance2.0,324900,消费,-14.9454,"2026-05-18 19:15:30"
640128,tk-20260518191529-lco3t8,MX,seedance2.0,120946,消费,-5.5635,"2026-05-18 19:15:29"
640125,tk-20260518191512-134u48,MX,seedance2.0,120946,消费,-5.5635,"2026-05-18 19:15:12"
640186,tk-20260518191415-qstfk7,MX,seedance2.0,216900,消费,-9.9774,"2026-05-18 19:14:15"
640075,tk-20260518191337-3g42kx,MX,seedance2.0,173700,消费,-7.9902,"2026-05-18 19:13:37"
640112,tk-20260518191147-wy3jul,MX,seedance2.0,324900,消费,-14.9454,"2026-05-18 19:11:47"
640087,tk-20260518191103-d1zg3s,MX,seedance2.0,324900,消费,-14.9454,"2026-05-18 19:11:03"
639967,tk-20260518191020-rjrh6p,MX,seedance2.0,108900,消费,-5.0094,"2026-05-18 19:10:20"
640052,tk-20260518191005-g6xno7,MX,seedance2.0,324900,消费,-14.9454,"2026-05-18 19:10:05"
640009,tk-20260518190855-fv9ekc,MX,seedance2.0,324900,消费,-14.9454,"2026-05-18 19:08:55"
640007,tk-20260518190849-2oanhr,MX,seedance2.0,324900,消费,-14.9454,"2026-05-18 19:08:49"
639998,tk-20260518190833-36d5yw,MX,seedance2.0,324900,消费,-14.9454,"2026-05-18 19:08:33"
639863,tk-20260518190751-vm2tbf,MX,seedance2.0,216900,消费,-9.9774,"2026-05-18 19:07:51"
639939,tk-20260518190636-yjekjn,MX,seedance2.0,152100,消费,-6.9966,"2026-05-18 19:06:36"
639823,tk-20260518190635-sig4rp,MX,seedance2.0,152100,消费,-6.9966,"2026-05-18 19:06:35"
639931,tk-20260518190620-jy3y1s,MX,seedance2.0,303300,消费,-13.9518,"2026-05-18 19:06:20"
639862,tk-20260518190442-ipwlla,MX,seedance2.0,324900,消费,-14.9454,"2026-05-18 19:04:42"
639758,tk-20260518190350-324w8l,MX,seedance2.0,130500,消费,-6.0030,"2026-05-18 19:03:50"
639832,tk-20260518190346-j8k1vn,MX,seedance2.0,216900,消费,-9.9774,"2026-05-18 19:03:46"
639747,tk-20260518190329-nht0f3,MX,seedance2.0,151078,消费,-6.9495,"2026-05-18 19:03:29"
639762,tk-20260518190101-snykwd,MX,seedance2.0,324900,消费,-14.9454,"2026-05-18 19:01:01"
639686,tk-20260518185600-9mxgt5,MX,seedance2.0,324900,消费,-14.9454,"2026-05-18 18:56:00"
639666,tk-20260518185525-fjwnhq,MX,seedance2.0,195300,消费,-8.9838,"2026-05-18 18:55:25"
639607,tk-20260518185524-tmu0oq,MX,seedance2.0,87300,消费,-4.0158,"2026-05-18 18:55:24"
639593,tk-20260518185447-oz3h5f,MX,seedance2.0,87300,消费,-4.0158,"2026-05-18 18:54:47"
639588,tk-20260518185430-7vxh6m,MX,seedance2.0,324900,消费,-14.9454,"2026-05-18 18:54:30"
639578,tk-20260518185059-qo1qe5,MX,seedance2.0,324900,消费,-14.9454,"2026-05-18 18:50:59"
639460,tk-20260518184837-0yv148,MX,seedance2.0,87300,消费,-4.0158,"2026-05-18 18:48:37"
639437,tk-20260518184751-ehs7y6,MX,seedance2.0,324900,消费,-14.9454,"2026-05-18 18:47:51"
639503,tk-20260518184728-rm56lh,MX,seedance2.0,324900,消费,-14.9454,"2026-05-18 18:47:28"
639769,tk-20260518184632-z5hdjv,MX,seedance2.0,324900,消费,-14.9454,"2026-05-18 18:46:32"
639402,tk-20260518184617-jwvx9q,MX,seedance2.0,324900,消费,-14.9454,"2026-05-18 18:46:17"
639375,tk-20260518184508-j5olzs,MX,seedance2.0,324900,消费,-14.9454,"2026-05-18 18:45:08"
639368,tk-20260518184443-0wgmve,MX,seedance2.0,216900,消费,-9.9774,"2026-05-18 18:44:43"
639346,tk-20260518184349-kxhnd4,MX,seedance2.0,87300,消费,-4.0158,"2026-05-18 18:43:49"
639261,tk-20260518184036-8ixn60,MX,seedance2.0,216900,消费,-9.9774,"2026-05-18 18:40:36"
639216,tk-20260518183547-d1cjyh,MX,seedance2.0,324900,消费,-14.9454,"2026-05-18 18:35:47"
639120,tk-20260518183531-6tva9u,MX,seedance2.0,324900,消费,-14.9454,"2026-05-18 18:35:31"
639208,tk-20260518183517-kxzoyc,MX,seedance2.0,324900,消费,-14.9454,"2026-05-18 18:35:17"
639203,tk-20260518183513-y1wrm2,MX,seedance2.0,324900,消费,-14.9454,"2026-05-18 18:35:13"
639088,tk-20260518183422-9ilxlk,MX,seedance2.0,281700,消费,-12.9582,"2026-05-18 18:34:22"
639062,tk-20260518183324-uarvha,MX,seedance2.0,151078,消费,-6.9495,"2026-05-18 18:33:24"
639046,tk-20260518183252-9v5oa9,MX,seedance2.0,324900,消费,-14.9454,"2026-05-18 18:32:52"
639098,tk-20260518183136-ae6mh3,MX,seedance2.0,324900,消费,-14.9454,"2026-05-18 18:31:36"
638992,tk-20260518183118-qhgcq2,MX,seedance2.0,324900,消费,-14.9454,"2026-05-18 18:31:18"
638984,tk-20260518183106-n6pxw6,MX,seedance2.0,324900,消费,-14.9454,"2026-05-18 18:31:06"
638976,tk-20260518183051-g8uauh,MX,seedance2.0,324900,消费,-14.9454,"2026-05-18 18:30:51"
639073,tk-20260518183038-cc84k1,MX,seedance2.0,324900,消费,-14.9454,"2026-05-18 18:30:38"
638963,tk-20260518183037-vuszfu,MX,seedance2.0,260100,消费,-11.9646,"2026-05-18 18:30:37"
638960,tk-20260518183035-vims3j,MX,seedance2.0,324900,消费,-14.9454,"2026-05-18 18:30:35"
639053,tk-20260518183005-dxbep2,MX,seedance2.0,324900,消费,-14.9454,"2026-05-18 18:30:05"
639045,tk-20260518182954-skxvpj,MX,seedance2.0,324900,消费,-14.9454,"2026-05-18 18:29:54"
638918,tk-20260518182929-dg87ug,MX,seedance2.0,152100,消费,-6.9966,"2026-05-18 18:29:29"
639022,tk-20260518182916-b6fxyu,MX,seedance2.0,324900,消费,-14.9454,"2026-05-18 18:29:16"
638908,tk-20260518182911-v0shiq,MX,seedance2.0,324900,消费,-14.9454,"2026-05-18 18:29:11"
639021,tk-20260518182908-dpiv06,MX,seedance2.0,324900,消费,-14.9454,"2026-05-18 18:29:08"
638906,tk-20260518182906-529d0i,MX,seedance2.0,108900,消费,-5.0094,"2026-05-18 18:29:06"
638903,tk-20260518182853-v9no09,MX,seedance2.0,324900,消费,-14.9454,"2026-05-18 18:28:53"
638899,tk-20260518182843-ayoqxp,MX,seedance2.0,216900,消费,-9.9774,"2026-05-18 18:28:43"
639000,tk-20260518182836-uc9i2z,MX,seedance2.0,324900,消费,-14.9454,"2026-05-18 18:28:36"
638885,tk-20260518182821-qg2tjb,MX,seedance2.0,324900,消费,-14.9454,"2026-05-18 18:28:21"
638878,tk-20260518182808-jpd29j,MX,seedance2.0,152100,消费,-6.9966,"2026-05-18 18:28:08"
638981,tk-20260518182801-n9ib4i,MX,seedance2.0,324900,消费,-14.9454,"2026-05-18 18:28:01"
638862,tk-20260518182752-yo8xlz,MX,seedance2.0,324900,消费,-14.9454,"2026-05-18 18:27:52"
638972,tk-20260518182751-1ajv86,MX,seedance2.0,324900,消费,-14.9454,"2026-05-18 18:27:51"
638971,tk-20260518182742-h3cdml,MX,seedance2.0,260100,消费,-11.9646,"2026-05-18 18:27:42"
638944,tk-20260518182711-onw99t,MX,seedance2.0,303300,消费,-13.9518,"2026-05-18 18:27:11"
638934,tk-20260518182652-pgf1uz,MX,seedance2.0,324900,消费,-14.9454,"2026-05-18 18:26:52"
638810,tk-20260518182637-fka4go,MX,seedance2.0,303300,消费,-13.9518,"2026-05-18 18:26:37"
638789,tk-20260518182615-o10sdx,MX,seedance2.0,324900,消费,-14.9454,"2026-05-18 18:26:15"
638909,tk-20260518182604-0xmlrr,MX,seedance2.0,324900,消费,-14.9454,"2026-05-18 18:26:04"
638890,tk-20260518182529-ffjvl0,MX,seedance2.0,152100,消费,-6.9966,"2026-05-18 18:25:29"
638757,tk-20260518182519-xwz1f0,MX,seedance2.0,216900,消费,-9.9774,"2026-05-18 18:25:19"
638883,tk-20260518182517-ay32kq,MX,seedance2.0,324900,消费,-14.9454,"2026-05-18 18:25:17"
639085,tk-20260518182513-8vpx26,MX,seedance2.0,324900,消费,-14.9454,"2026-05-18 18:25:13"
638882,tk-20260518182506-x947mx,MX,seedance2.0,324900,消费,-14.9454,"2026-05-18 18:25:06"
638867,tk-20260518182449-http7l,MX,seedance2.0,216900,消费,-9.9774,"2026-05-18 18:24:49"
638735,tk-20260518182441-fdk01k,MX,seedance2.0,216900,消费,-9.9774,"2026-05-18 18:24:41"
638734,tk-20260518182440-ogt9n2,MX,seedance2.0,151078,消费,-6.9495,"2026-05-18 18:24:40"
638733,tk-20260518182439-9azecq,MX,seedance2.0,324900,消费,-14.9454,"2026-05-18 18:24:39"
638859,tk-20260518182437-ygxsva,MX,seedance2.0,324900,消费,-14.9454,"2026-05-18 18:24:37"
638732,tk-20260518182433-t7uaa5,MX,seedance2.0,151078,消费,-6.9495,"2026-05-18 18:24:33"
638728,tk-20260518182425-0y8b72,MX,seedance2.0,324900,消费,-14.9454,"2026-05-18 18:24:25"
638831,tk-20260518182405-1hd9wt,MX,seedance2.0,108900,消费,-5.0094,"2026-05-18 18:24:05"
639223,tk-20260518182403-cf7x0a,MX,seedance2.0,324900,消费,-14.9454,"2026-05-18 18:24:03"
638809,tk-20260518182337-vyuimn,MX,seedance2.0,260100,消费,-11.9646,"2026-05-18 18:23:37"
638811,tk-20260518182337-tkq3px,MX,seedance2.0,324900,消费,-14.9454,"2026-05-18 18:23:37"
638805,tk-20260518182328-0svf34,MX,seedance2.0,324900,消费,-14.9454,"2026-05-18 18:23:28"
638664,tk-20260518182241-4ne84c,MX,seedance2.0,324900,消费,-14.9454,"2026-05-18 18:22:41"
638661,tk-20260518182233-fpt3jf,MX,seedance2.0,130500,消费,-6.0030,"2026-05-18 18:22:33"
638761,tk-20260518182225-799iri,MX,seedance2.0,324900,消费,-14.9454,"2026-05-18 18:22:25"
638762,tk-20260518182225-556bl6,MX,seedance2.0,195300,消费,-8.9838,"2026-05-18 18:22:25"
638644,tk-20260518182202-lk7c5w,MX,seedance2.0,87300,消费,-4.0158,"2026-05-18 18:22:02"
638638,tk-20260518182153-4viqdy,MX,seedance2.0,324900,消费,-14.9454,"2026-05-18 18:21:53"
638633,tk-20260518182140-cjm6gk,MX,seedance2.0,216900,消费,-9.9774,"2026-05-18 18:21:40"
638740,tk-20260518182140-qkbd3w,MX,seedance2.0,324900,消费,-14.9454,"2026-05-18 18:21:40"
638738,tk-20260518182139-5qivmt,MX,seedance2.0,195300,消费,-8.9838,"2026-05-18 18:21:39"
638622,tk-20260518182129-f9swet,MX,seedance2.0,130500,消费,-6.0030,"2026-05-18 18:21:29"
638727,tk-20260518182124-0ylqc0,MX,seedance2.0,324900,消费,-14.9454,"2026-05-18 18:21:24"
638726,tk-20260518182122-ocymcy,MX,seedance2.0,324900,消费,-14.9454,"2026-05-18 18:21:22"
638610,tk-20260518182112-ynglpl,MX,seedance2.0,324900,消费,-14.9454,"2026-05-18 18:21:12"
638609,tk-20260518182111-8ca7vw,MX,seedance2.0,324900,消费,-14.9454,"2026-05-18 18:21:11"
638608,tk-20260518182107-n2jyj1,MX,seedance2.0,151078,消费,-6.9495,"2026-05-18 18:21:07"
638721,tk-20260518182105-hu8mv4,MX,seedance2.0,216900,消费,-9.9774,"2026-05-18 18:21:05"
638589,tk-20260518182056-hg2hy2,MX,seedance2.0,152100,消费,-6.9966,"2026-05-18 18:20:56"
638588,tk-20260518182054-nj4h05,MX,seedance2.0,151078,消费,-6.9495,"2026-05-18 18:20:54"
638578,tk-20260518182036-tm74lw,MX,seedance2.0,324900,消费,-14.9454,"2026-05-18 18:20:36"
638695,tk-20260518182033-qb6uv7,MX,seedance2.0,324900,消费,-14.9454,"2026-05-18 18:20:33"
638692,tk-20260518182028-9r7kxm,MX,seedance2.0,324900,消费,-14.9454,"2026-05-18 18:20:28"
638555,tk-20260518182006-b54om0,MX,seedance2.0,130500,消费,-6.0030,"2026-05-18 18:20:06"
638679,tk-20260518181959-g627wx,MX,seedance2.0,324900,消费,-14.9454,"2026-05-18 18:19:59"
638550,tk-20260518181955-3s4e1w,MX,seedance2.0,173700,消费,-7.9902,"2026-05-18 18:19:55"
638548,tk-20260518181953-31mc3t,MX,seedance2.0,324900,消费,-14.9454,"2026-05-18 18:19:53"
638672,tk-20260518181950-cyi30j,MX,seedance2.0,324900,消费,-14.9454,"2026-05-18 18:19:50"
638547,tk-20260518181948-xj9xwc,MX,seedance2.0,130500,消费,-6.0030,"2026-05-18 18:19:48"
638668,tk-20260518181945-4n3g3x,MX,seedance2.0,324900,消费,-14.9454,"2026-05-18 18:19:45"
638666,tk-20260518181939-bty34w,MX,seedance2.0,324900,消费,-14.9454,"2026-05-18 18:19:39"
638539,tk-20260518181938-0bae90,MX,seedance2.0,324900,消费,-14.9454,"2026-05-18 18:19:38"
638663,tk-20260518181937-178rd0,MX,seedance2.0,324900,消费,-14.9454,"2026-05-18 18:19:37"
638665,tk-20260518181935-y6yckd,MX,seedance2.0,324900,消费,-14.9454,"2026-05-18 18:19:35"
638657,tk-20260518181928-6avald,MX,seedance2.0,324900,消费,-14.9454,"2026-05-18 18:19:28"
638659,tk-20260518181928-1gtgc0,MX,seedance2.0,100858,消费,-4.6394,"2026-05-18 18:19:28"
638532,tk-20260518181916-mq36o9,MX,seedance2.0,173700,消费,-7.9902,"2026-05-18 18:19:16"
638520,tk-20260518181905-z6bhku,MX,seedance2.0,173700,消费,-7.9902,"2026-05-18 18:19:05"
638508,tk-20260518181856-e5c4k4,MX,seedance2.0,324900,消费,-14.9454,"2026-05-18 18:18:56"
638639,tk-20260518181855-jm10j9,MX,seedance2.0,324900,消费,-14.9454,"2026-05-18 18:18:55"
638507,tk-20260518181845-e1wmjl,MX,seedance2.0,108900,消费,-5.0094,"2026-05-18 18:18:45"
638615,tk-20260518181824-b2kegp,MX,seedance2.0,324900,消费,-14.9454,"2026-05-18 18:18:24"
638493,tk-20260518181810-jdspy6,MX,seedance2.0,173700,消费,-7.9902,"2026-05-18 18:18:10"
638587,tk-20260518181755-3ubwlp,MX,seedance2.0,260100,消费,-11.9646,"2026-05-18 18:17:55"
638584,tk-20260518181752-k6uulw,MX,seedance2.0,260100,消费,-11.9646,"2026-05-18 18:17:52"
638558,tk-20260518181709-e8m700,MX,seedance2.0,324900,消费,-14.9454,"2026-05-18 18:17:09"
638557,tk-20260518181708-982jnn,MX,seedance2.0,324900,消费,-14.9454,"2026-05-18 18:17:08"
638552,tk-20260518181701-17gswd,MX,seedance2.0,324900,消费,-14.9454,"2026-05-18 18:17:01"
638553,tk-20260518181651-z5cris,MX,seedance2.0,324900,消费,-14.9454,"2026-05-18 18:16:51"
638544,tk-20260518181645-8tl7cs,MX,seedance2.0,281700,消费,-12.9582,"2026-05-18 18:16:45"
638429,tk-20260518181622-8lrn2t,MX,seedance2.0,87300,消费,-4.0158,"2026-05-18 18:16:22"
638528,tk-20260518181609-zbpc9q,MX,seedance2.0,324900,消费,-14.9454,"2026-05-18 18:16:09"
638526,tk-20260518181606-j87sat,MX,seedance2.0,324900,消费,-14.9454,"2026-05-18 18:16:06"
638511,tk-20260518181550-jkdq49,MX,seedance2.0,324900,消费,-14.9454,"2026-05-18 18:15:50"
638502,tk-20260518181533-yx5j7g,MX,seedance2.0,324900,消费,-14.9454,"2026-05-18 18:15:33"
638489,tk-20260518181516-eq2q2e,MX,seedance2.0,324900,消费,-14.9454,"2026-05-18 18:15:16"
638480,tk-20260518181458-vyjwbr,MX,seedance2.0,216900,消费,-9.9774,"2026-05-18 18:14:58"
638478,tk-20260518181457-e72toj,MX,seedance2.0,324900,消费,-14.9454,"2026-05-18 18:14:57"
638454,tk-20260518181406-npoead,MX,seedance2.0,324900,消费,-14.9454,"2026-05-18 18:14:06"
638441,tk-20260518181341-r3db4s,MX,seedance2.0,324900,消费,-14.9454,"2026-05-18 18:13:41"
638546,tk-20260518181339-lp8x6n,MX,seedance2.0,324900,消费,-14.9454,"2026-05-18 18:13:39"
638306,tk-20260518181328-juiyv8,MX,seedance2.0,216900,消费,-9.9774,"2026-05-18 18:13:28"
638303,tk-20260518181323-xcsl8p,MX,seedance2.0,130500,消费,-6.0030,"2026-05-18 18:13:23"
638425,tk-20260518181318-p2lv2n,MX,seedance2.0,324900,消费,-14.9454,"2026-05-18 18:13:18"
638424,tk-20260518181317-g9hk6w,MX,seedance2.0,216900,消费,-9.9774,"2026-05-18 18:13:17"
638419,tk-20260518181316-4nvti0,MX,seedance2.0,324900,消费,-14.9454,"2026-05-18 18:13:16"
638415,tk-20260518181306-a2yglt,MX,seedance2.0,324900,消费,-14.9454,"2026-05-18 18:13:06"
638276,tk-20260518181252-w12fri,MX,seedance2.0,324900,消费,-14.9454,"2026-05-18 18:12:52"
638275,tk-20260518181249-jk88u0,MX,seedance2.0,216900,消费,-9.9774,"2026-05-18 18:12:49"
638406,tk-20260518181242-izx3uv,MX,seedance2.0,324900,消费,-14.9454,"2026-05-18 18:12:42"
638400,tk-20260518181238-yh3wwj,MX,seedance2.0,324900,消费,-14.9454,"2026-05-18 18:12:38"
638392,tk-20260518181231-1siacq,MX,seedance2.0,324900,消费,-14.9454,"2026-05-18 18:12:31"
638255,tk-20260518181229-vv7ic5,MX,seedance2.0,324900,消费,-14.9454,"2026-05-18 18:12:29"
638374,tk-20260518181204-3shgmq,MX,seedance2.0,324900,消费,-14.9454,"2026-05-18 18:12:04"
638373,tk-20260518181159-9u56sh,MX,seedance2.0,324900,消费,-14.9454,"2026-05-18 18:11:59"
638366,tk-20260518181156-p5e26f,MX,seedance2.0,324900,消费,-14.9454,"2026-05-18 18:11:56"
638363,tk-20260518181148-kbfl7k,MX,seedance2.0,324900,消费,-14.9454,"2026-05-18 18:11:48"
638218,tk-20260518181143-f8jwdj,MX,seedance2.0,216900,消费,-9.9774,"2026-05-18 18:11:43"
638214,tk-20260518181136-s2utym,MX,seedance2.0,324900,消费,-14.9454,"2026-05-18 18:11:36"
638349,tk-20260518181134-czvxlo,MX,seedance2.0,324900,消费,-14.9454,"2026-05-18 18:11:34"
638206,tk-20260518181121-rcj1n3,MX,seedance2.0,260100,消费,-11.9646,"2026-05-18 18:11:21"
638335,tk-20260518181109-zq3p10,MX,seedance2.0,324900,消费,-14.9454,"2026-05-18 18:11:09"
638321,tk-20260518181054-86hzcw,MX,seedance2.0,324900,消费,-14.9454,"2026-05-18 18:10:54"
638319,tk-20260518181051-qu12gz,MX,seedance2.0,324900,消费,-14.9454,"2026-05-18 18:10:51"
638316,tk-20260518181039-iyzcnt,MX,seedance2.0,324900,消费,-14.9454,"2026-05-18 18:10:39"
638312,tk-20260518181037-qsxran,MX,seedance2.0,324900,消费,-14.9454,"2026-05-18 18:10:37"
638310,tk-20260518181036-ty8pde,MX,seedance2.0,324900,消费,-14.9454,"2026-05-18 18:10:36"
638174,tk-20260518181030-2ljcdx,MX,seedance2.0,108900,消费,-5.0094,"2026-05-18 18:10:30"
638300,tk-20260518181012-jxia3t,MX,seedance2.0,281700,消费,-12.9582,"2026-05-18 18:10:12"
638295,tk-20260518181010-uzabxk,MX,seedance2.0,324900,消费,-14.9454,"2026-05-18 18:10:10"
638294,tk-20260518181007-ovadqb,MX,seedance2.0,324900,消费,-14.9454,"2026-05-18 18:10:07"
638283,tk-20260518180959-co5ay9,MX,seedance2.0,324900,消费,-14.9454,"2026-05-18 18:09:59"
638278,tk-20260518180958-moluza,MX,seedance2.0,324900,消费,-14.9454,"2026-05-18 18:09:58"
638156,tk-20260518180951-t5odub,MX,seedance2.0,108900,消费,-5.0094,"2026-05-18 18:09:51"
638273,tk-20260518180946-qbnt52,MX,seedance2.0,324900,消费,-14.9454,"2026-05-18 18:09:46"
638271,tk-20260518180945-9ofyed,MX,seedance2.0,324900,消费,-14.9454,"2026-05-18 18:09:45"
638139,tk-20260518180941-fh6rz4,MX,seedance2.0,324900,消费,-14.9454,"2026-05-18 18:09:41"
638263,tk-20260518180941-0rxgm2,MX,seedance2.0,324900,消费,-14.9454,"2026-05-18 18:09:41"
638262,tk-20260518180935-f148ir,MX,seedance2.0,152100,消费,-6.9966,"2026-05-18 18:09:35"
638261,tk-20260518180931-3j2zi0,MX,seedance2.0,324900,消费,-14.9454,"2026-05-18 18:09:31"
638246,tk-20260518180919-8cmp2b,MX,seedance2.0,324900,消费,-14.9454,"2026-05-18 18:09:19"
638112,tk-20260518180908-sas4sa,MX,seedance2.0,87300,消费,-4.0158,"2026-05-18 18:09:08"
638239,tk-20260518180903-ufphs9,MX,seedance2.0,324900,消费,-14.9454,"2026-05-18 18:09:03"
638238,tk-20260518180902-gt9s0m,MX,seedance2.0,70726,消费,-3.2533,"2026-05-18 18:09:02"
638237,tk-20260518180858-3mx69b,MX,seedance2.0,324900,消费,-14.9454,"2026-05-18 18:08:58"
638093,tk-20260518180836-zb6eq7,MX,seedance2.0,324900,消费,-14.9454,"2026-05-18 18:08:36"
638213,tk-20260518180834-ezvmkw,MX,seedance2.0,324900,消费,-14.9454,"2026-05-18 18:08:34"
638212,tk-20260518180833-436jk0,MX,seedance2.0,324900,消费,-14.9454,"2026-05-18 18:08:33"
638088,tk-20260518180827-zmhw08,MX,seedance2.0,324900,消费,-14.9454,"2026-05-18 18:08:27"
638210,tk-20260518180826-nctakg,MX,seedance2.0,303300,消费,-13.9518,"2026-05-18 18:08:26"
638200,tk-20260518180812-pdwgj3,MX,seedance2.0,260100,消费,-11.9646,"2026-05-18 18:08:12"
638196,tk-20260518180759-8ziszw,MX,seedance2.0,324900,消费,-14.9454,"2026-05-18 18:07:59"
638189,tk-20260518180744-10jnvf,MX,seedance2.0,324900,消费,-14.9454,"2026-05-18 18:07:44"
638176,tk-20260518180727-bf3x75,MX,seedance2.0,324900,消费,-14.9454,"2026-05-18 18:07:27"
638165,tk-20260518180712-zi9615,MX,seedance2.0,324900,消费,-14.9454,"2026-05-18 18:07:12"
638151,tk-20260518180658-vqu2tf,MX,seedance2.0,281700,消费,-12.9582,"2026-05-18 18:06:58"
638145,tk-20260518180651-mg4lpu,MX,seedance2.0,324900,消费,-14.9454,"2026-05-18 18:06:51"
638143,tk-20260518180642-40jypj,MX,seedance2.0,281700,消费,-12.9582,"2026-05-18 18:06:42"
638026,tk-20260518180639-ziy6kd,MX,seedance2.0,324900,消费,-14.9454,"2026-05-18 18:06:39"
638023,tk-20260518180633-281dg3,MX,seedance2.0,303300,消费,-13.9518,"2026-05-18 18:06:33"
638137,tk-20260518180631-h1rzeu,MX,seedance2.0,324900,消费,-14.9454,"2026-05-18 18:06:31"
638132,tk-20260518180627-3sap2l,MX,seedance2.0,303300,消费,-13.9518,"2026-05-18 18:06:27"
638123,tk-20260518180608-lkkzw5,MX,seedance2.0,324900,消费,-14.9454,"2026-05-18 18:06:08"
638109,tk-20260518180603-pfz4n0,MX,seedance2.0,324900,消费,-14.9454,"2026-05-18 18:06:03"
638098,tk-20260518180542-k9x3ub,MX,seedance2.0,324900,消费,-14.9454,"2026-05-18 18:05:42"
638094,tk-20260518180535-hi0797,MX,seedance2.0,324900,消费,-14.9454,"2026-05-18 18:05:35"
638100,tk-20260518180527-gi0345,MX,seedance2.0,324900,消费,-14.9454,"2026-05-18 18:05:27"
637969,tk-20260518180524-xmmam3,MX,seedance2.0,324900,消费,-14.9454,"2026-05-18 18:05:24"
638085,tk-20260518180521-71lhyp,MX,seedance2.0,324900,消费,-14.9454,"2026-05-18 18:05:21"
637952,tk-20260518180503-8h4def,MX,seedance2.0,216900,消费,-9.9774,"2026-05-18 18:05:03"
637948,tk-20260518180459-z1vshq,MX,seedance2.0,87300,消费,-4.0158,"2026-05-18 18:04:59"
638057,tk-20260518180433-q7qrz2,MX,seedance2.0,324900,消费,-14.9454,"2026-05-18 18:04:33"
637930,tk-20260518180430-1tgi8l,MX,seedance2.0,281700,消费,-12.9582,"2026-05-18 18:04:30"
638058,tk-20260518180429-nn04th,MX,seedance2.0,324900,消费,-14.9454,"2026-05-18 18:04:29"
638171,tk-20260518180429-5273rf,MX,seedance2.0,324900,消费,-14.9454,"2026-05-18 18:04:29"
637929,tk-20260518180426-ca2wj0,MX,seedance2.0,152100,消费,-6.9966,"2026-05-18 18:04:26"
638049,tk-20260518180416-ztbh41,MX,seedance2.0,324900,消费,-14.9454,"2026-05-18 18:04:16"
637923,tk-20260518180403-uu1wqw,MX,seedance2.0,195300,消费,-8.9838,"2026-05-18 18:04:03"
637920,tk-20260518180357-b53pcn,MX,seedance2.0,173700,消费,-7.9902,"2026-05-18 18:03:57"
638035,tk-20260518180350-tbic3e,MX,seedance2.0,324900,消费,-14.9454,"2026-05-18 18:03:50"
638028,tk-20260518180335-3bw3rn,MX,seedance2.0,324900,消费,-14.9454,"2026-05-18 18:03:35"
638027,tk-20260518180331-x65kd4,MX,seedance2.0,324900,消费,-14.9454,"2026-05-18 18:03:31"
638021,tk-20260518180326-jkr6sz,MX,seedance2.0,216900,消费,-9.9774,"2026-05-18 18:03:26"
638020,tk-20260518180323-l6urr8,MX,seedance2.0,324900,消费,-14.9454,"2026-05-18 18:03:23"
637993,tk-20260518180254-kvg6sd,MX,seedance2.0,238500,消费,-10.9710,"2026-05-18 18:02:54"
637982,tk-20260518180239-jj1kk0,MX,seedance2.0,324900,消费,-14.9454,"2026-05-18 18:02:39"
637973,tk-20260518180231-pjd24o,MX,seedance2.0,324900,消费,-14.9454,"2026-05-18 18:02:31"
637877,tk-20260518180228-ypdosv,MX,seedance2.0,324900,消费,-14.9454,"2026-05-18 18:02:28"
637975,tk-20260518180225-iwkz39,MX,seedance2.0,130500,消费,-6.0030,"2026-05-18 18:02:25"
637875,tk-20260518180219-oy1hm6,MX,seedance2.0,108900,消费,-5.0094,"2026-05-18 18:02:19"
637873,tk-20260518180214-xaq3mn,MX,seedance2.0,324900,消费,-14.9454,"2026-05-18 18:02:14"
637957,tk-20260518180203-1iz8xm,MX,seedance2.0,324900,消费,-14.9454,"2026-05-18 18:02:03"
637862,tk-20260518180202-qw6bk8,MX,seedance2.0,324900,消费,-14.9454,"2026-05-18 18:02:02"
637951,tk-20260518180200-1x61jm,MX,seedance2.0,151078,消费,-6.9495,"2026-05-18 18:02:00"
637950,tk-20260518180158-rlvjf1,MX,seedance2.0,324900,消费,-14.9454,"2026-05-18 18:01:58"
637949,tk-20260518180155-dylknf,MX,seedance2.0,324900,消费,-14.9454,"2026-05-18 18:01:55"
637945,tk-20260518180152-r3if53,MX,seedance2.0,303300,消费,-13.9518,"2026-05-18 18:01:52"
637944,tk-20260518180151-qvcczx,MX,seedance2.0,324900,消费,-14.9454,"2026-05-18 18:01:51"
637849,tk-20260518180143-31z141,MX,seedance2.0,324900,消费,-14.9454,"2026-05-18 18:01:43"
637927,tk-20260518180121-glpep0,MX,seedance2.0,324900,消费,-14.9454,"2026-05-18 18:01:21"
637915,tk-20260518180035-f46co7,MX,seedance2.0,324900,消费,-14.9454,"2026-05-18 18:00:35"
637910,tk-20260518180028-mirlpx,MX,seedance2.0,324900,消费,-14.9454,"2026-05-18 18:00:28"
637909,tk-20260518180023-jiax8h,MX,seedance2.0,324900,消费,-14.9454,"2026-05-18 18:00:23"
637906,tk-20260518180018-4xppf6,MX,seedance2.0,324900,消费,-14.9454,"2026-05-18 18:00:18"
637895,tk-20260518180001-omrfg6,MX,seedance2.0,324900,消费,-14.9454,"2026-05-18 18:00:01"
637882,tk-20260518175935-d9ep8a,MX,seedance2.0,324900,消费,-14.9454,"2026-05-18 17:59:35"
637880,tk-20260518175929-fz4i20,MX,seedance2.0,324900,消费,-14.9454,"2026-05-18 17:59:29"
637876,tk-20260518175923-8owvjk,MX,seedance2.0,324900,消费,-14.9454,"2026-05-18 17:59:23"
637763,tk-20260518175911-57rs0f,MX,seedance2.0,324900,消费,-14.9454,"2026-05-18 17:59:11"
637870,tk-20260518175909-n6ilo3,MX,seedance2.0,324900,消费,-14.9454,"2026-05-18 17:59:09"
637864,tk-20260518175902-put484,MX,seedance2.0,324900,消费,-14.9454,"2026-05-18 17:59:02"
637742,tk-20260518175849-0anxfz,MX,seedance2.0,324900,消费,-14.9454,"2026-05-18 17:58:49"
637733,tk-20260518175836-hi9qh8,MX,seedance2.0,87300,消费,-4.0158,"2026-05-18 17:58:36"
637847,tk-20260518175832-loj7gq,MX,seedance2.0,324900,消费,-14.9454,"2026-05-18 17:58:32"
637728,tk-20260518175826-u34vtt,MX,seedance2.0,173700,消费,-7.9902,"2026-05-18 17:58:26"
637723,tk-20260518175822-2lgyra,MX,seedance2.0,324900,消费,-14.9454,"2026-05-18 17:58:22"
637727,tk-20260518175822-vfr1vl,MX,seedance2.0,108900,消费,-5.0094,"2026-05-18 17:58:22"
637833,tk-20260518175820-m2svc1,MX,seedance2.0,324900,消费,-14.9454,"2026-05-18 17:58:20"
637726,tk-20260518175814-qemlmy,MX,seedance2.0,87300,消费,-4.0158,"2026-05-18 17:58:14"
637711,tk-20260518175803-uvhg1a,MX,seedance2.0,152100,消费,-6.9966,"2026-05-18 17:58:03"
637821,tk-20260518175801-xd9q3m,MX,seedance2.0,324900,消费,-14.9454,"2026-05-18 17:58:01"
637700,tk-20260518175751-5zyqcg,MX,seedance2.0,324900,消费,-14.9454,"2026-05-18 17:57:51"
637815,tk-20260518175744-6ji9t0,MX,seedance2.0,324900,消费,-14.9454,"2026-05-18 17:57:44"
637813,tk-20260518175734-e1wq5s,MX,seedance2.0,216900,消费,-9.9774,"2026-05-18 17:57:34"
637663,tk-20260518175723-uwhb53,MX,seedance2.0,108900,消费,-5.0094,"2026-05-18 17:57:23"
637793,tk-20260518175654-p12255,MX,seedance2.0,324900,消费,-14.9454,"2026-05-18 17:56:54"
637643,tk-20260518175645-n23b7p,MX,seedance2.0,173700,消费,-7.9902,"2026-05-18 17:56:45"
637786,tk-20260518175645-b3za70,MX,seedance2.0,324900,消费,-14.9454,"2026-05-18 17:56:45"
637636,tk-20260518175632-p4bcp2,MX,seedance2.0,152100,消费,-6.9966,"2026-05-18 17:56:32"
637781,tk-20260518175629-6ldm0z,MX,seedance2.0,324900,消费,-14.9454,"2026-05-18 17:56:29"
637772,tk-20260518175619-pba2k0,MX,seedance2.0,324900,消费,-14.9454,"2026-05-18 17:56:19"
637767,tk-20260518175613-kla9eg,MX,seedance2.0,324900,消费,-14.9454,"2026-05-18 17:56:13"
637625,tk-20260518175611-awo8l1,MX,seedance2.0,141034,消费,-6.4875,"2026-05-18 17:56:11"
637761,tk-20260518175611-vy8zub,MX,seedance2.0,324900,消费,-14.9454,"2026-05-18 17:56:11"
637622,tk-20260518175608-dqyqoi,MX,seedance2.0,324900,消费,-14.9454,"2026-05-18 17:56:08"
637758,tk-20260518175607-tmff26,MX,seedance2.0,324900,消费,-14.9454,"2026-05-18 17:56:07"
637621,tk-20260518175606-ssjw60,MX,seedance2.0,324900,消费,-14.9454,"2026-05-18 17:56:06"
637619,tk-20260518175604-hz9bza,MX,seedance2.0,324900,消费,-14.9454,"2026-05-18 17:56:04"
637754,tk-20260518175601-x1x8e3,MX,seedance2.0,324900,消费,-14.9454,"2026-05-18 17:56:01"
637751,tk-20260518175559-b2zvr6,MX,seedance2.0,324900,消费,-14.9454,"2026-05-18 17:55:59"
637860,tk-20260518175559-q3d0jv,MX,seedance2.0,324900,消费,-14.9454,"2026-05-18 17:55:59"
637753,tk-20260518175556-uifxw6,MX,seedance2.0,324900,消费,-14.9454,"2026-05-18 17:55:56"
637748,tk-20260518175554-1mgr6u,MX,seedance2.0,324900,消费,-14.9454,"2026-05-18 17:55:54"
637740,tk-20260518175548-4d5vut,MX,seedance2.0,324900,消费,-14.9454,"2026-05-18 17:55:48"
637746,tk-20260518175548-v3pfup,MX,seedance2.0,324900,消费,-14.9454,"2026-05-18 17:55:48"
637735,tk-20260518175534-d0hq3g,MX,seedance2.0,324900,消费,-14.9454,"2026-05-18 17:55:34"
637731,tk-20260518175533-i92nqn,MX,seedance2.0,324900,消费,-14.9454,"2026-05-18 17:55:33"
637721,tk-20260518175519-r2s7ha,MX,seedance2.0,151078,消费,-6.9495,"2026-05-18 17:55:19"
637722,tk-20260518175519-vaidza,MX,seedance2.0,260100,消费,-11.9646,"2026-05-18 17:55:19"
637585,tk-20260518175509-9q9u1w,MX,seedance2.0,130990,消费,-6.0255,"2026-05-18 17:55:09"
638287,tk-20260518175505-7a9v6n,MX,seedance2.0,324900,消费,-14.9454,"2026-05-18 17:55:05"
638288,tk-20260518175505-zcqi2u,MX,seedance2.0,151078,消费,-6.9495,"2026-05-18 17:55:05"
637707,tk-20260518175457-a23b0c,MX,seedance2.0,324900,消费,-14.9454,"2026-05-18 17:54:57"
637699,tk-20260518175450-09c0rp,MX,seedance2.0,303300,消费,-13.9518,"2026-05-18 17:54:50"
637697,tk-20260518175447-9xyiem,MX,seedance2.0,324900,消费,-14.9454,"2026-05-18 17:54:47"
637560,tk-20260518175436-fwmx3t,MX,seedance2.0,40594,消费,-1.8673,"2026-05-18 17:54:36"
637559,tk-20260518175434-8lkr87,MX,seedance2.0,87300,消费,-4.0158,"2026-05-18 17:54:34"
637681,tk-20260518175419-zvfk10,MX,seedance2.0,324900,消费,-14.9454,"2026-05-18 17:54:19"
637662,tk-20260518175405-94536e,MX,seedance2.0,87300,消费,-4.0158,"2026-05-18 17:54:05"
637530,tk-20260518175403-drvn5b,MX,seedance2.0,151078,消费,-6.9495,"2026-05-18 17:54:03"
637529,tk-20260518175354-0x71zu,MX,seedance2.0,324900,消费,-14.9454,"2026-05-18 17:53:54"
637648,tk-20260518175354-3sz96l,MX,seedance2.0,324900,消费,-14.9454,"2026-05-18 17:53:54"
637647,tk-20260518175353-cpa5cn,MX,seedance2.0,324900,消费,-14.9454,"2026-05-18 17:53:53"
637644,tk-20260518175348-xwe7ei,MX,seedance2.0,324900,消费,-14.9454,"2026-05-18 17:53:48"
637641,tk-20260518175343-aojpzr,MX,seedance2.0,303300,消费,-13.9518,"2026-05-18 17:53:43"
637520,tk-20260518175322-9gylah,MX,seedance2.0,108900,消费,-5.0094,"2026-05-18 17:53:22"
637498,tk-20260518175254-cud163,MX,seedance2.0,87300,消费,-4.0158,"2026-05-18 17:52:54"
637479,tk-20260518175242-g430nk,MX,seedance2.0,260100,消费,-11.9646,"2026-05-18 17:52:42"
637603,tk-20260518175232-h1btab,MX,seedance2.0,324900,消费,-14.9454,"2026-05-18 17:52:32"
637601,tk-20260518175226-lx0sxe,MX,seedance2.0,260100,消费,-11.9646,"2026-05-18 17:52:26"
637591,tk-20260518175222-c0iwmp,MX,seedance2.0,324900,消费,-14.9454,"2026-05-18 17:52:22"
637580,tk-20260518175207-q6h1f7,MX,seedance2.0,303300,消费,-13.9518,"2026-05-18 17:52:07"
637584,tk-20260518175205-zv812x,MX,seedance2.0,303300,消费,-13.9518,"2026-05-18 17:52:05"
637693,tk-20260518175147-1f65eh,MX,seedance2.0,324900,消费,-14.9454,"2026-05-18 17:51:47"
637557,tk-20260518175139-87gy3d,MX,seedance2.0,324900,消费,-14.9454,"2026-05-18 17:51:39"
637556,tk-20260518175134-1b1bpl,MX,seedance2.0,281700,消费,-12.9582,"2026-05-18 17:51:34"
637544,tk-20260518175117-hvf333,MX,seedance2.0,281700,消费,-12.9582,"2026-05-18 17:51:17"
637543,tk-20260518175115-gqbad2,MX,seedance2.0,152100,消费,-6.9966,"2026-05-18 17:51:15"
637536,tk-20260518175108-s8lz1c,MX,seedance2.0,324900,消费,-14.9454,"2026-05-18 17:51:08"
637526,tk-20260518175057-wce9wb,MX,seedance2.0,216900,消费,-9.9774,"2026-05-18 17:50:57"
637524,tk-20260518175053-96w85f,MX,seedance2.0,281700,消费,-12.9582,"2026-05-18 17:50:53"
637523,tk-20260518175052-1seuxs,MX,seedance2.0,324900,消费,-14.9454,"2026-05-18 17:50:52"
637381,tk-20260518175030-i28eki,MX,seedance2.0,216900,消费,-9.9774,"2026-05-18 17:50:30"
637518,tk-20260518175022-d3u1fn,MX,seedance2.0,324900,消费,-14.9454,"2026-05-18 17:50:22"
637362,tk-20260518175008-pbomlq,MX,seedance2.0,324900,消费,-14.9454,"2026-05-18 17:50:08"
637494,tk-20260518174958-vhnzd9,MX,seedance2.0,151078,消费,-6.9495,"2026-05-18 17:49:58"
637349,tk-20260518174949-r95c2u,MX,seedance2.0,260100,消费,-11.9646,"2026-05-18 17:49:49"
637477,tk-20260518174942-xg0h0l,MX,seedance2.0,324900,消费,-14.9454,"2026-05-18 17:49:42"
637476,tk-20260518174934-sjkoy7,MX,seedance2.0,108900,消费,-5.0094,"2026-05-18 17:49:34"
637325,tk-20260518174922-v9p29j,MX,seedance2.0,173700,消费,-7.9902,"2026-05-18 17:49:22"
637574,tk-20260518174902-vz8gbd,MX,seedance2.0,151078,消费,-6.9495,"2026-05-18 17:49:02"
637445,tk-20260518174901-ii482e,MX,seedance2.0,324900,消费,-14.9454,"2026-05-18 17:49:01"
637439,tk-20260518174847-gcyoy6,MX,seedance2.0,324900,消费,-14.9454,"2026-05-18 17:48:47"
637444,tk-20260518174847-klbtj6,MX,seedance2.0,324900,消费,-14.9454,"2026-05-18 17:48:47"
637433,tk-20260518174840-jv2lto,MX,seedance2.0,324900,消费,-14.9454,"2026-05-18 17:48:40"
637432,tk-20260518174831-nmr66l,MX,seedance2.0,303300,消费,-13.9518,"2026-05-18 17:48:31"
637418,tk-20260518174817-0jfdyy,MX,seedance2.0,324900,消费,-14.9454,"2026-05-18 17:48:17"
637409,tk-20260518174807-4waetd,MX,seedance2.0,324900,消费,-14.9454,"2026-05-18 17:48:07"
637390,tk-20260518174741-gg17n2,MX,seedance2.0,216900,消费,-9.9774,"2026-05-18 17:47:41"
637384,tk-20260518174732-pknzdp,MX,seedance2.0,324900,消费,-14.9454,"2026-05-18 17:47:32"
637377,tk-20260518174725-43h5xe,MX,seedance2.0,324900,消费,-14.9454,"2026-05-18 17:47:25"
637264,tk-20260518174724-7nymc1,MX,seedance2.0,324900,消费,-14.9454,"2026-05-18 17:47:24"
637374,tk-20260518174719-b9cs5k,MX,seedance2.0,324900,消费,-14.9454,"2026-05-18 17:47:19"
637257,tk-20260518174713-u0ftzn,MX,seedance2.0,324900,消费,-14.9454,"2026-05-18 17:47:13"
637251,tk-20260518174708-ufamrw,MX,seedance2.0,141034,消费,-6.4875,"2026-05-18 17:47:08"
637222,tk-20260518174648-syemcf,MX,seedance2.0,324900,消费,-14.9454,"2026-05-18 17:46:48"
637348,tk-20260518174647-mduy73,MX,seedance2.0,324900,消费,-14.9454,"2026-05-18 17:46:47"
637343,tk-20260518174634-e5s7oc,MX,seedance2.0,324900,消费,-14.9454,"2026-05-18 17:46:34"
637327,tk-20260518174625-sn6kza,MX,seedance2.0,324900,消费,-14.9454,"2026-05-18 17:46:25"
637334,tk-20260518174622-ztnnn8,MX,seedance2.0,281700,消费,-12.9582,"2026-05-18 17:46:22"
637204,tk-20260518174621-c577nm,MX,seedance2.0,151078,消费,-6.9495,"2026-05-18 17:46:21"
637192,tk-20260518174612-p21gfn,MX,seedance2.0,108900,消费,-5.0094,"2026-05-18 17:46:12"
637189,tk-20260518174609-0kb3pj,MX,seedance2.0,130500,消费,-6.0030,"2026-05-18 17:46:09"
637313,tk-20260518174608-86z7sb,MX,seedance2.0,324900,消费,-14.9454,"2026-05-18 17:46:08"
637312,tk-20260518174558-gtbbvl,MX,seedance2.0,324900,消费,-14.9454,"2026-05-18 17:45:58"
637303,tk-20260518174542-gz7toa,MX,seedance2.0,303300,消费,-13.9518,"2026-05-18 17:45:42"
637308,tk-20260518174541-s6rpyr,MX,seedance2.0,173700,消费,-7.9902,"2026-05-18 17:45:41"
637302,tk-20260518174531-aefcqu,MX,seedance2.0,324900,消费,-14.9454,"2026-05-18 17:45:31"
637289,tk-20260518174520-5hxhas,MX,seedance2.0,324900,消费,-14.9454,"2026-05-18 17:45:20"
637156,tk-20260518174505-xcyu6f,MX,seedance2.0,108900,消费,-5.0094,"2026-05-18 17:45:05"
637280,tk-20260518174502-tmtkhc,MX,seedance2.0,173700,消费,-7.9902,"2026-05-18 17:45:02"
637281,tk-20260518174502-bvdw2i,MX,seedance2.0,281700,消费,-12.9582,"2026-05-18 17:45:02"
637282,tk-20260518174502-mwov2t,MX,seedance2.0,195300,消费,-8.9838,"2026-05-18 17:45:02"
637137,tk-20260518174441-9s4u2j,MX,seedance2.0,281700,消费,-12.9582,"2026-05-18 17:44:41"
637265,tk-20260518174423-zz2oki,MX,seedance2.0,324900,消费,-14.9454,"2026-05-18 17:44:23"
637254,tk-20260518174412-2h1fi1,MX,seedance2.0,324900,消费,-14.9454,"2026-05-18 17:44:12"
637246,tk-20260518174405-mhyjl5,MX,seedance2.0,324900,消费,-14.9454,"2026-05-18 17:44:05"
637232,tk-20260518174353-itgxcc,MX,seedance2.0,324900,消费,-14.9454,"2026-05-18 17:43:53"
637223,tk-20260518174348-dwgx2x,MX,seedance2.0,324900,消费,-14.9454,"2026-05-18 17:43:48"
637345,tk-20260518174344-gphsdt,MX,seedance2.0,173700,消费,-7.9902,"2026-05-18 17:43:44"
637211,tk-20260518174330-xwlbhk,MX,seedance2.0,173700,消费,-7.9902,"2026-05-18 17:43:30"
637201,tk-20260518174320-al0ea1,MX,seedance2.0,151078,消费,-6.9495,"2026-05-18 17:43:20"
637200,tk-20260518174315-es43pn,MX,seedance2.0,324900,消费,-14.9454,"2026-05-18 17:43:15"
637183,tk-20260518174250-9olcd9,MX,seedance2.0,324900,消费,-14.9454,"2026-05-18 17:42:50"
637086,tk-20260518174248-j7ratg,MX,seedance2.0,324900,消费,-14.9454,"2026-05-18 17:42:48"
637170,tk-20260518174231-1aq011,MX,seedance2.0,324900,消费,-14.9454,"2026-05-18 17:42:31"
637167,tk-20260518174221-ifvv9o,MX,seedance2.0,324900,消费,-14.9454,"2026-05-18 17:42:21"
637161,tk-20260518174212-7j6phj,MX,seedance2.0,324900,消费,-14.9454,"2026-05-18 17:42:12"
637055,tk-20260518174136-6n4lxr,MX,seedance2.0,151078,消费,-6.9495,"2026-05-18 17:41:36"
637120,tk-20260518174118-yl2ft5,MX,seedance2.0,324900,消费,-14.9454,"2026-05-18 17:41:18"
637117,tk-20260518174108-zao13s,MX,seedance2.0,324900,消费,-14.9454,"2026-05-18 17:41:08"
637118,tk-20260518174107-0u4rsi,MX,seedance2.0,303300,消费,-13.9518,"2026-05-18 17:41:07"
637112,tk-20260518174047-mb5fr1,MX,seedance2.0,324900,消费,-14.9454,"2026-05-18 17:40:47"
637106,tk-20260518174027-31z2n2,MX,seedance2.0,324900,消费,-14.9454,"2026-05-18 17:40:27"
637105,tk-20260518174023-e0iemy,MX,seedance2.0,260100,消费,-11.9646,"2026-05-18 17:40:23"
637101,tk-20260518174011-kplysn,MX,seedance2.0,281700,消费,-12.9582,"2026-05-18 17:40:11"
637005,tk-20260518174008-fl5di3,MX,seedance2.0,151078,消费,-6.9495,"2026-05-18 17:40:08"
637097,tk-20260518174007-jeg3pt,MX,seedance2.0,324900,消费,-14.9454,"2026-05-18 17:40:07"
637001,tk-20260518173950-v4jvlc,MX,seedance2.0,324900,消费,-14.9454,"2026-05-18 17:39:50"
637087,tk-20260518173945-950rqa,MX,seedance2.0,324900,消费,-14.9454,"2026-05-18 17:39:45"
636991,tk-20260518173934-ktbuli,MX,seedance2.0,324900,消费,-14.9454,"2026-05-18 17:39:34"
636975,tk-20260518173918-gcpv32,MX,seedance2.0,195300,消费,-8.9838,"2026-05-18 17:39:18"
636970,tk-20260518173912-67dqft,MX,seedance2.0,324900,消费,-14.9454,"2026-05-18 17:39:12"
637066,tk-20260518173906-vlcu71,MX,seedance2.0,324900,消费,-14.9454,"2026-05-18 17:39:06"
637072,tk-20260518173901-pg76xq,MX,seedance2.0,324900,消费,-14.9454,"2026-05-18 17:39:01"
636959,tk-20260518173851-jdj1iw,MX,seedance2.0,324900,消费,-14.9454,"2026-05-18 17:38:51"
636956,tk-20260518173841-b8hczw,MX,seedance2.0,324900,消费,-14.9454,"2026-05-18 17:38:41"
636950,tk-20260518173834-qh5wzz,MX,seedance2.0,281700,消费,-12.9582,"2026-05-18 17:38:34"
636946,tk-20260518173830-r1ueq2,MX,seedance2.0,130500,消费,-6.0030,"2026-05-18 17:38:30"
637053,tk-20260518173825-2eoc9d,MX,seedance2.0,260100,消费,-11.9646,"2026-05-18 17:38:25"
637256,tk-20260518173810-skx3o0,MX,seedance2.0,324900,消费,-14.9454,"2026-05-18 17:38:10"
637035,tk-20260518173754-avd8g0,MX,seedance2.0,324900,消费,-14.9454,"2026-05-18 17:37:54"
636919,tk-20260518173753-h5i6am,MX,seedance2.0,324900,消费,-14.9454,"2026-05-18 17:37:53"
637024,tk-20260518173733-0y6rd0,MX,seedance2.0,152100,消费,-6.9966,"2026-05-18 17:37:33"
637019,tk-20260518173728-0d9e47,MX,seedance2.0,324900,消费,-14.9454,"2026-05-18 17:37:28"
637010,tk-20260518173715-yemhsi,MX,seedance2.0,216900,消费,-9.9774,"2026-05-18 17:37:15"
637190,tk-20260518173709-l7juz5,MX,seedance2.0,260100,消费,-11.9646,"2026-05-18 17:37:09"
637185,tk-20260518173701-tjjy1b,MX,seedance2.0,324900,消费,-14.9454,"2026-05-18 17:37:01"
637002,tk-20260518173655-i763ay,MX,seedance2.0,260100,消费,-11.9646,"2026-05-18 17:36:55"
636998,tk-20260518173651-56vhfp,MX,seedance2.0,324900,消费,-14.9454,"2026-05-18 17:36:51"
636996,tk-20260518173647-xmzn97,MX,seedance2.0,324900,消费,-14.9454,"2026-05-18 17:36:47"
637178,tk-20260518173645-qawq1o,MX,seedance2.0,324900,消费,-14.9454,"2026-05-18 17:36:45"
636978,tk-20260518173629-0o3lon,MX,seedance2.0,324900,消费,-14.9454,"2026-05-18 17:36:29"
636985,tk-20260518173624-soahiz,MX,seedance2.0,303300,消费,-13.9518,"2026-05-18 17:36:24"
636968,tk-20260518173602-4dw9rb,MX,seedance2.0,216900,消费,-9.9774,"2026-05-18 17:36:02"
636834,tk-20260518173547-dl10x9,MX,seedance2.0,324900,消费,-14.9454,"2026-05-18 17:35:47"
636952,tk-20260518173537-rc635a,MX,seedance2.0,324900,消费,-14.9454,"2026-05-18 17:35:37"
636953,tk-20260518173537-93iv26,MX,seedance2.0,324900,消费,-14.9454,"2026-05-18 17:35:37"
636949,tk-20260518173535-oslgpa,MX,seedance2.0,324900,消费,-14.9454,"2026-05-18 17:35:35"
636817,tk-20260518173529-daj212,MX,seedance2.0,324900,消费,-14.9454,"2026-05-18 17:35:29"
636942,tk-20260518173523-i1xr3g,MX,seedance2.0,324900,消费,-14.9454,"2026-05-18 17:35:23"
636939,tk-20260518173515-dufdrn,MX,seedance2.0,260100,消费,-11.9646,"2026-05-18 17:35:15"
637045,tk-20260518173513-ucnsr4,MX,seedance2.0,151078,消费,-6.9495,"2026-05-18 17:35:13"
636927,tk-20260518173506-lvb7kd,MX,seedance2.0,324900,消费,-14.9454,"2026-05-18 17:35:06"
636928,tk-20260518173506-mprwuk,MX,seedance2.0,324900,消费,-14.9454,"2026-05-18 17:35:06"
636921,tk-20260518173455-pk8p2g,MX,seedance2.0,324900,消费,-14.9454,"2026-05-18 17:34:55"
636923,tk-20260518173455-3qqteb,MX,seedance2.0,151078,消费,-6.9495,"2026-05-18 17:34:55"
636922,tk-20260518173451-qnuewk,MX,seedance2.0,303300,消费,-13.9518,"2026-05-18 17:34:51"
636918,tk-20260518173449-59x72c,MX,seedance2.0,151078,消费,-6.9495,"2026-05-18 17:34:49"
636671,tk-20260518173444-22eiko,MX,seedance2.0,87300,消费,-4.0158,"2026-05-18 17:34:44"
636915,tk-20260518173442-ur71c2,MX,seedance2.0,324900,消费,-14.9454,"2026-05-18 17:34:42"
636912,tk-20260518173440-il7w3e,MX,seedance2.0,324900,消费,-14.9454,"2026-05-18 17:34:40"
636902,tk-20260518173431-58e901,MX,seedance2.0,151078,消费,-6.9495,"2026-05-18 17:34:31"
636901,tk-20260518173427-tshy1z,MX,seedance2.0,151078,消费,-6.9495,"2026-05-18 17:34:27"
636900,tk-20260518173425-8yoaad,MX,seedance2.0,324900,消费,-14.9454,"2026-05-18 17:34:25"
636899,tk-20260518173422-va2ij2,MX,seedance2.0,151078,消费,-6.9495,"2026-05-18 17:34:22"
636888,tk-20260518173412-92yh39,MX,seedance2.0,324900,消费,-14.9454,"2026-05-18 17:34:12"
636892,tk-20260518173411-jeh2o5,MX,seedance2.0,151078,消费,-6.9495,"2026-05-18 17:34:11"
636763,tk-20260518173403-h37kly,MX,seedance2.0,324900,消费,-14.9454,"2026-05-18 17:34:03"
636883,tk-20260518173400-ps4ifk,MX,seedance2.0,151078,消费,-6.9495,"2026-05-18 17:34:00"
636882,tk-20260518173356-95vhmq,MX,seedance2.0,195300,消费,-8.9838,"2026-05-18 17:33:56"
636865,tk-20260518173332-unv2ei,MX,seedance2.0,324900,消费,-14.9454,"2026-05-18 17:33:32"
636864,tk-20260518173328-qbbqtx,MX,seedance2.0,324900,消费,-14.9454,"2026-05-18 17:33:28"
636851,tk-20260518173304-k2g8sw,MX,seedance2.0,324900,消费,-14.9454,"2026-05-18 17:33:04"
636707,tk-20260518173244-6ujp87,MX,seedance2.0,324900,消费,-14.9454,"2026-05-18 17:32:44"
636955,tk-20260518173235-i1ebpe,MX,seedance2.0,324900,消费,-14.9454,"2026-05-18 17:32:35"
636819,tk-20260518173231-l5koj5,MX,seedance2.0,173700,消费,-7.9902,"2026-05-18 17:32:31"
636701,tk-20260518173228-xmoged,MX,seedance2.0,324900,消费,-14.9454,"2026-05-18 17:32:28"
636813,tk-20260518173221-4fyvqy,MX,seedance2.0,324900,消费,-14.9454,"2026-05-18 17:32:21"
636816,tk-20260518173221-7pljew,MX,seedance2.0,324900,消费,-14.9454,"2026-05-18 17:32:21"
636681,tk-20260518173203-6wiqod,MX,seedance2.0,324900,消费,-14.9454,"2026-05-18 17:32:03"
637350,tk-20260518173147-1wy51o,MX,seedance2.0,324900,消费,-14.9454,"2026-05-18 17:31:47"
636791,tk-20260518173142-arz1v5,MX,seedance2.0,173700,消费,-7.9902,"2026-05-18 17:31:42"
636788,tk-20260518173140-w5fdfa,MX,seedance2.0,324900,消费,-14.9454,"2026-05-18 17:31:40"
636645,tk-20260518173119-5ca1bl,MX,seedance2.0,324900,消费,-14.9454,"2026-05-18 17:31:19"
636772,tk-20260518173118-3u6gk9,MX,seedance2.0,151078,消费,-6.9495,"2026-05-18 17:31:18"
636771,tk-20260518173111-3yehij,MX,seedance2.0,324900,消费,-14.9454,"2026-05-18 17:31:11"
636756,tk-20260518173056-for5nd,MX,seedance2.0,281700,消费,-12.9582,"2026-05-18 17:30:56"
636637,tk-20260518173054-tbyyp9,MX,seedance2.0,130500,消费,-6.0030,"2026-05-18 17:30:54"
636742,tk-20260518173037-qf58vy,MX,seedance2.0,324900,消费,-14.9454,"2026-05-18 17:30:37"
636725,tk-20260518173017-54oqnb,MX,seedance2.0,324900,消费,-14.9454,"2026-05-18 17:30:17"
636608,tk-20260518173016-3ko3r4,MX,seedance2.0,87300,消费,-4.0158,"2026-05-18 17:30:16"
636721,tk-20260518173008-77mq42,MX,seedance2.0,324900,消费,-14.9454,"2026-05-18 17:30:08"
636720,tk-20260518173002-3imw2w,MX,seedance2.0,324900,消费,-14.9454,"2026-05-18 17:30:02"
636710,tk-20260518172950-2al1i7,MX,seedance2.0,324900,消费,-14.9454,"2026-05-18 17:29:50"
636711,tk-20260518172949-z511q2,MX,seedance2.0,216900,消费,-9.9774,"2026-05-18 17:29:49"
636559,tk-20260518172908-392stj,MX,seedance2.0,216900,消费,-9.9774,"2026-05-18 17:29:08"
636691,tk-20260518172906-3cz1c9,MX,seedance2.0,324900,消费,-14.9454,"2026-05-18 17:29:06"
636553,tk-20260518172904-q50ya4,MX,seedance2.0,324900,消费,-14.9454,"2026-05-18 17:29:04"
636683,tk-20260518172901-ds4iox,MX,seedance2.0,324900,消费,-14.9454,"2026-05-18 17:29:01"
636680,tk-20260518172858-bk9ov9,MX,seedance2.0,324900,消费,-14.9454,"2026-05-18 17:28:58"
636673,tk-20260518172850-qha83y,MX,seedance2.0,324900,消费,-14.9454,"2026-05-18 17:28:50"
636548,tk-20260518172840-fxve0y,MX,seedance2.0,260100,消费,-11.9646,"2026-05-18 17:28:40"
636651,tk-20260518172828-tbmmsa,MX,seedance2.0,324900,消费,-14.9454,"2026-05-18 17:28:28"
636532,tk-20260518172817-vrw2a0,MX,seedance2.0,151078,消费,-6.9495,"2026-05-18 17:28:17"
636640,tk-20260518172809-8pts59,MX,seedance2.0,324900,消费,-14.9454,"2026-05-18 17:28:09"
636639,tk-20260518172807-zvqccb,MX,seedance2.0,324900,消费,-14.9454,"2026-05-18 17:28:07"
636634,tk-20260518172756-4tc43j,MX,seedance2.0,324900,消费,-14.9454,"2026-05-18 17:27:56"
636512,tk-20260518172747-sigdfp,MX,seedance2.0,141034,消费,-6.4875,"2026-05-18 17:27:47"
636627,tk-20260518172746-occ037,MX,seedance2.0,260100,消费,-11.9646,"2026-05-18 17:27:46"
636615,tk-20260518172728-p9jd0t,MX,seedance2.0,324900,消费,-14.9454,"2026-05-18 17:27:28"
636495,tk-20260518172718-qq5hlo,MX,seedance2.0,152100,消费,-6.9966,"2026-05-18 17:27:18"
636614,tk-20260518172718-cyupbt,MX,seedance2.0,324900,消费,-14.9454,"2026-05-18 17:27:18"
636605,tk-20260518172714-d7o8ge,MX,seedance2.0,130500,消费,-6.0030,"2026-05-18 17:27:14"
636593,tk-20260518172709-rprg5v,MX,seedance2.0,324900,消费,-14.9454,"2026-05-18 17:27:09"
636603,tk-20260518172709-cdtj99,MX,seedance2.0,324900,消费,-14.9454,"2026-05-18 17:27:09"
636485,tk-20260518172656-7dkadj,MX,seedance2.0,87300,消费,-4.0158,"2026-05-18 17:26:56"
636578,tk-20260518172654-89ni78,MX,seedance2.0,324900,消费,-14.9454,"2026-05-18 17:26:54"
636577,tk-20260518172652-nr2h0y,MX,seedance2.0,324900,消费,-14.9454,"2026-05-18 17:26:52"
636565,tk-20260518172630-xwt4aj,MX,seedance2.0,324900,消费,-14.9454,"2026-05-18 17:26:30"
636472,tk-20260518172620-16zgx7,MX,seedance2.0,141034,消费,-6.4875,"2026-05-18 17:26:20"
636473,tk-20260518172620-9ezj3b,MX,seedance2.0,195300,消费,-8.9838,"2026-05-18 17:26:20"
636562,tk-20260518172614-3dhdxh,MX,seedance2.0,324900,消费,-14.9454,"2026-05-18 17:26:14"
636454,tk-20260518172558-p9ynw7,MX,seedance2.0,324900,消费,-14.9454,"2026-05-18 17:25:58"
636542,tk-20260518172524-889box,MX,seedance2.0,324900,消费,-14.9454,"2026-05-18 17:25:24"
636538,tk-20260518172519-8tdspj,MX,seedance2.0,324900,消费,-14.9454,"2026-05-18 17:25:19"
636643,tk-20260518172518-40qbug,MX,seedance2.0,324900,消费,-14.9454,"2026-05-18 17:25:18"
636417,tk-20260518172507-r9jmf0,MX,seedance2.0,108900,消费,-5.0094,"2026-05-18 17:25:07"
636529,tk-20260518172506-91gyer,MX,seedance2.0,324900,消费,-14.9454,"2026-05-18 17:25:06"
636528,tk-20260518172505-xbosqy,MX,seedance2.0,173700,消费,-7.9902,"2026-05-18 17:25:05"
636527,tk-20260518172503-dw7veg,MX,seedance2.0,216900,消费,-9.9774,"2026-05-18 17:25:03"
636407,tk-20260518172451-9sfbet,MX,seedance2.0,324900,消费,-14.9454,"2026-05-18 17:24:51"
636510,tk-20260518172444-5bd66y,MX,seedance2.0,151078,消费,-6.9495,"2026-05-18 17:24:44"
636511,tk-20260518172444-ifnk5b,MX,seedance2.0,324900,消费,-14.9454,"2026-05-18 17:24:44"
636509,tk-20260518172440-7avot9,MX,seedance2.0,216900,消费,-9.9774,"2026-05-18 17:24:40"
636503,tk-20260518172437-au1zwt,MX,seedance2.0,324900,消费,-14.9454,"2026-05-18 17:24:37"
636499,tk-20260518172428-x1er21,MX,seedance2.0,324900,消费,-14.9454,"2026-05-18 17:24:28"
636381,tk-20260518172407-zl3zlc,MX,seedance2.0,151078,消费,-6.9495,"2026-05-18 17:24:07"
636484,tk-20260518172355-l741om,MX,seedance2.0,324900,消费,-14.9454,"2026-05-18 17:23:55"
636483,tk-20260518172340-0xs378,MX,seedance2.0,216900,消费,-9.9774,"2026-05-18 17:23:40"
636356,tk-20260518172339-3taxkf,MX,seedance2.0,324900,消费,-14.9454,"2026-05-18 17:23:39"
636479,tk-20260518172337-o40h26,MX,seedance2.0,324900,消费,-14.9454,"2026-05-18 17:23:37"
636350,tk-20260518172334-daqgwx,MX,seedance2.0,324900,消费,-14.9454,"2026-05-18 17:23:34"
636478,tk-20260518172328-ol3ayf,MX,seedance2.0,324900,消费,-14.9454,"2026-05-18 17:23:28"
636333,tk-20260518172314-5hz668,MX,seedance2.0,151078,消费,-6.9495,"2026-05-18 17:23:14"
636468,tk-20260518172313-hbq3yw,MX,seedance2.0,324900,消费,-14.9454,"2026-05-18 17:23:13"
636328,tk-20260518172307-s4gyi6,MX,seedance2.0,216900,消费,-9.9774,"2026-05-18 17:23:07"
636463,tk-20260518172303-jkjdsp,MX,seedance2.0,141034,消费,-6.4875,"2026-05-18 17:23:03"
636459,tk-20260518172301-ynwem5,MX,seedance2.0,324900,消费,-14.9454,"2026-05-18 17:23:01"
636455,tk-20260518172300-uhtcga,MX,seedance2.0,281700,消费,-12.9582,"2026-05-18 17:23:00"
636309,tk-20260518172243-1zcb81,MX,seedance2.0,324900,消费,-14.9454,"2026-05-18 17:22:43"
636300,tk-20260518172231-84ztkz,MX,seedance2.0,173700,消费,-7.9902,"2026-05-18 17:22:31"
636431,tk-20260518172225-4ocjnl,MX,seedance2.0,324900,消费,-14.9454,"2026-05-18 17:22:25"
636430,tk-20260518172224-j8bw0h,MX,seedance2.0,324900,消费,-14.9454,"2026-05-18 17:22:24"
636429,tk-20260518172216-jcykxq,MX,seedance2.0,216900,消费,-9.9774,"2026-05-18 17:22:16"
636287,tk-20260518172208-7ona4r,MX,seedance2.0,324900,消费,-14.9454,"2026-05-18 17:22:08"
636288,tk-20260518172203-j7yjbm,MX,seedance2.0,324900,消费,-14.9454,"2026-05-18 17:22:03"
636415,tk-20260518172155-oc032k,MX,seedance2.0,260100,消费,-11.9646,"2026-05-18 17:21:55"
636406,tk-20260518172143-t2gxpt,MX,seedance2.0,173700,消费,-7.9902,"2026-05-18 17:21:43"
636399,tk-20260518172138-72912u,MX,seedance2.0,324900,消费,-14.9454,"2026-05-18 17:21:38"
636388,tk-20260518172117-fxqcfm,MX,seedance2.0,324900,消费,-14.9454,"2026-05-18 17:21:17"
636256,tk-20260518172110-jxcn29,MX,seedance2.0,324900,消费,-14.9454,"2026-05-18 17:21:10"
636378,tk-20260518172108-wc1omn,MX,seedance2.0,324900,消费,-14.9454,"2026-05-18 17:21:08"
636235,tk-20260518172044-g76uto,MX,seedance2.0,324900,消费,-14.9454,"2026-05-18 17:20:44"
636358,tk-20260518172033-jfkzph,MX,seedance2.0,151078,消费,-6.9495,"2026-05-18 17:20:33"
636349,tk-20260518172014-zb3me8,MX,seedance2.0,324900,消费,-14.9454,"2026-05-18 17:20:14"
636346,tk-20260518172013-ev55n0,MX,seedance2.0,260100,消费,-11.9646,"2026-05-18 17:20:13"
636332,tk-20260518172009-6ahzfd,MX,seedance2.0,324900,消费,-14.9454,"2026-05-18 17:20:09"
636320,tk-20260518172000-7doab6,MX,seedance2.0,324900,消费,-14.9454,"2026-05-18 17:20:00"
636314,tk-20260518171949-o8k4xn,MX,seedance2.0,260100,消费,-11.9646,"2026-05-18 17:19:49"
636187,tk-20260518171943-yygjh1,MX,seedance2.0,324900,消费,-14.9454,"2026-05-18 17:19:43"
636313,tk-20260518171941-aeqmow,MX,seedance2.0,324900,消费,-14.9454,"2026-05-18 17:19:41"
636175,tk-20260518171920-pioi9u,MX,seedance2.0,130500,消费,-6.0030,"2026-05-18 17:19:20"
636276,tk-20260518171845-hecxny,MX,seedance2.0,324900,消费,-14.9454,"2026-05-18 17:18:45"
636275,tk-20260518171843-iar422,MX,seedance2.0,324900,消费,-14.9454,"2026-05-18 17:18:43"
636269,tk-20260518171834-15tclf,MX,seedance2.0,324900,消费,-14.9454,"2026-05-18 17:18:34"
636264,tk-20260518171830-vgdfux,MX,seedance2.0,324900,消费,-14.9454,"2026-05-18 17:18:30"
636261,tk-20260518171816-sa9oen,MX,seedance2.0,324900,消费,-14.9454,"2026-05-18 17:18:16"
636226,tk-20260518171734-hiegr4,MX,seedance2.0,151078,消费,-6.9495,"2026-05-18 17:17:34"
636231,tk-20260518171726-rsl8x7,MX,seedance2.0,324900,消费,-14.9454,"2026-05-18 17:17:26"
636208,tk-20260518171705-sq79jn,MX,seedance2.0,108900,消费,-5.0094,"2026-05-18 17:17:05"
636189,tk-20260518171649-166ns9,MX,seedance2.0,324900,消费,-14.9454,"2026-05-18 17:16:49"
636174,tk-20260518171629-wt4kig,MX,seedance2.0,324900,消费,-14.9454,"2026-05-18 17:16:29"
636167,tk-20260518171623-uv7wvz,MX,seedance2.0,324900,消费,-14.9454,"2026-05-18 17:16:23"
636045,tk-20260518171604-pfvle2,MX,seedance2.0,151078,消费,-6.9495,"2026-05-18 17:16:04"
636145,tk-20260518171550-9fqmfb,MX,seedance2.0,324900,消费,-14.9454,"2026-05-18 17:15:50"
636032,tk-20260518171542-dvpn54,MX,seedance2.0,303300,消费,-13.9518,"2026-05-18 17:15:42"
636134,tk-20260518171527-ysuwgg,MX,seedance2.0,324900,消费,-14.9454,"2026-05-18 17:15:27"
636120,tk-20260518171508-jx6vcy,MX,seedance2.0,324900,消费,-14.9454,"2026-05-18 17:15:08"
636125,tk-20260518171500-lfacbk,MX,seedance2.0,324900,消费,-14.9454,"2026-05-18 17:15:00"
636102,tk-20260518171444-t0phdw,MX,seedance2.0,324900,消费,-14.9454,"2026-05-18 17:14:44"
636100,tk-20260518171431-2pcue5,MX,seedance2.0,324900,消费,-14.9454,"2026-05-18 17:14:31"
636222,tk-20260518171428-7bg2po,MX,seedance2.0,324900,消费,-14.9454,"2026-05-18 17:14:28"
636092,tk-20260518171414-de1mh4,MX,seedance2.0,324900,消费,-14.9454,"2026-05-18 17:14:14"
636093,tk-20260518171414-z9kher,MX,seedance2.0,324900,消费,-14.9454,"2026-05-18 17:14:14"
636079,tk-20260518171357-707sum,MX,seedance2.0,152100,消费,-6.9966,"2026-05-18 17:13:57"
636080,tk-20260518171354-xnx4mh,MX,seedance2.0,324900,消费,-14.9454,"2026-05-18 17:13:54"
636077,tk-20260518171349-kb1qqk,MX,seedance2.0,303300,消费,-13.9518,"2026-05-18 17:13:49"
636047,tk-20260518171304-3g8wp5,MX,seedance2.0,324900,消费,-14.9454,"2026-05-18 17:13:04"
636046,tk-20260518171300-2qcwpm,MX,seedance2.0,260100,消费,-11.9646,"2026-05-18 17:13:00"
635942,tk-20260518171259-d937mo,MX,seedance2.0,260100,消费,-11.9646,"2026-05-18 17:12:59"
636041,tk-20260518171256-hfexde,MX,seedance2.0,324900,消费,-14.9454,"2026-05-18 17:12:56"
636040,tk-20260518171251-a43xa7,MX,seedance2.0,324900,消费,-14.9454,"2026-05-18 17:12:51"
635933,tk-20260518171235-o0dim7,MX,seedance2.0,324900,消费,-14.9454,"2026-05-18 17:12:35"
635911,tk-20260518171212-jajvti,MX,seedance2.0,324900,消费,-14.9454,"2026-05-18 17:12:12"
635989,tk-20260518171132-ehhe3r,MX,seedance2.0,216900,消费,-9.9774,"2026-05-18 17:11:32"
635879,tk-20260518171128-iwt1nd,MX,seedance2.0,324900,消费,-14.9454,"2026-05-18 17:11:28"
635877,tk-20260518171126-iajfo6,MX,seedance2.0,324900,消费,-14.9454,"2026-05-18 17:11:26"
635875,tk-20260518171122-8fzngu,MX,seedance2.0,260100,消费,-11.9646,"2026-05-18 17:11:22"
635878,tk-20260518171121-p5pw7s,MX,seedance2.0,87300,消费,-4.0158,"2026-05-18 17:11:21"
635976,tk-20260518171113-n74dgv,MX,seedance2.0,324900,消费,-14.9454,"2026-05-18 17:11:13"
635969,tk-20260518171100-7322e0,MX,seedance2.0,216900,消费,-9.9774,"2026-05-18 17:11:00"
635965,tk-20260518171058-xny6ou,MX,seedance2.0,324900,消费,-14.9454,"2026-05-18 17:10:58"
635857,tk-20260518171042-j1ulyv,MX,seedance2.0,281700,消费,-12.9582,"2026-05-18 17:10:42"
635850,tk-20260518171035-fkoiu3,MX,seedance2.0,130500,消费,-6.0030,"2026-05-18 17:10:35"
635959,tk-20260518171030-cotycl,MX,seedance2.0,324900,消费,-14.9454,"2026-05-18 17:10:30"
635953,tk-20260518171015-sw5wtl,MX,seedance2.0,281700,消费,-12.9582,"2026-05-18 17:10:15"
635830,tk-20260518171011-q0nuj2,MX,seedance2.0,151078,消费,-6.9495,"2026-05-18 17:10:11"
635829,tk-20260518171003-u216rg,MX,seedance2.0,87300,消费,-4.0158,"2026-05-18 17:10:03"
636514,tk-20260518170958-yiwljp,MX,seedance2.0,324900,消费,-14.9454,"2026-05-18 17:09:58"
635929,tk-20260518170936-k0pwu8,MX,seedance2.0,324900,消费,-14.9454,"2026-05-18 17:09:36"
635926,tk-20260518170931-26fyub,MX,seedance2.0,324900,消费,-14.9454,"2026-05-18 17:09:31"
635916,tk-20260518170928-jvnzcp,MX,seedance2.0,324900,消费,-14.9454,"2026-05-18 17:09:28"
635905,tk-20260518170902-flqarp,MX,seedance2.0,324900,消费,-14.9454,"2026-05-18 17:09:02"
635900,tk-20260518170859-gvnait,MX,seedance2.0,324900,消费,-14.9454,"2026-05-18 17:08:59"
635885,tk-20260518170846-w533y2,MX,seedance2.0,324900,消费,-14.9454,"2026-05-18 17:08:46"
635872,tk-20260518170810-w6zkg3,MX,seedance2.0,324900,消费,-14.9454,"2026-05-18 17:08:10"
635868,tk-20260518170809-a3dscs,MX,seedance2.0,324900,消费,-14.9454,"2026-05-18 17:08:09"
635634,tk-20260518170806-b1v3v0,MX,seedance2.0,130500,消费,-6.0030,"2026-05-18 17:08:06"
635737,tk-20260518170741-fdhgu2,MX,seedance2.0,173700,消费,-7.9902,"2026-05-18 17:07:41"
635855,tk-20260518170738-zy91f8,MX,seedance2.0,151078,消费,-6.9495,"2026-05-18 17:07:38"
635731,tk-20260518170733-iksdbb,MX,seedance2.0,324900,消费,-14.9454,"2026-05-18 17:07:33"
635730,tk-20260518170724-qs6bb2,MX,seedance2.0,238500,消费,-10.9710,"2026-05-18 17:07:24"
635832,tk-20260518170710-6cr1te,MX,seedance2.0,173700,消费,-7.9902,"2026-05-18 17:07:10"
635951,tk-20260518170709-6hh39w,MX,seedance2.0,324900,消费,-14.9454,"2026-05-18 17:07:09"
635828,tk-20260518170705-vk5vcg,MX,seedance2.0,195300,消费,-8.9838,"2026-05-18 17:07:05"
635817,tk-20260518170642-jql2z0,MX,seedance2.0,324900,消费,-14.9454,"2026-05-18 17:06:42"
635915,tk-20260518170626-av3sn1,MX,seedance2.0,324900,消费,-14.9454,"2026-05-18 17:06:26"
635796,tk-20260518170613-a97cua,MX,seedance2.0,324900,消费,-14.9454,"2026-05-18 17:06:13"
635788,tk-20260518170559-f26c33,MX,seedance2.0,324900,消费,-14.9454,"2026-05-18 17:05:59"
635781,tk-20260518170549-53rusq,MX,seedance2.0,324900,消费,-14.9454,"2026-05-18 17:05:49"
635771,tk-20260518170533-rgfa28,MX,seedance2.0,324900,消费,-14.9454,"2026-05-18 17:05:33"
635754,tk-20260518170508-1fsa8r,MX,seedance2.0,324900,消费,-14.9454,"2026-05-18 17:05:08"
635744,tk-20260518170453-5ckk6z,MX,seedance2.0,324900,消费,-14.9454,"2026-05-18 17:04:53"
635740,tk-20260518170447-n4pypm,MX,seedance2.0,238500,消费,-10.9710,"2026-05-18 17:04:47"
635852,tk-20260518170434-fwo2yb,MX,seedance2.0,324900,消费,-14.9454,"2026-05-18 17:04:34"
635586,tk-20260518170428-nnzpri,MX,seedance2.0,87300,消费,-4.0158,"2026-05-18 17:04:28"
635712,tk-20260518170418-u5o1s7,MX,seedance2.0,324900,消费,-14.9454,"2026-05-18 17:04:18"
635702,tk-20260518170404-6awxwd,MX,seedance2.0,324900,消费,-14.9454,"2026-05-18 17:04:04"
635701,tk-20260518170400-weof67,MX,seedance2.0,324900,消费,-14.9454,"2026-05-18 17:04:00"
635541,tk-20260518170311-nfj0ov,MX,seedance2.0,238500,消费,-10.9710,"2026-05-18 17:03:11"
635667,tk-20260518170303-7td6yx,MX,seedance2.0,324900,消费,-14.9454,"2026-05-18 17:03:03"
635663,tk-20260518170256-1xirbr,MX,seedance2.0,324900,消费,-14.9454,"2026-05-18 17:02:56"
635657,tk-20260518170243-jozzrq,MX,seedance2.0,324900,消费,-14.9454,"2026-05-18 17:02:43"
635886,tk-20260518170243-9pzij0,MX,seedance2.0,324900,消费,-14.9454,"2026-05-18 17:02:43"
635636,tk-20260518170207-a2iy1c,MX,seedance2.0,324900,消费,-14.9454,"2026-05-18 17:02:07"
635632,tk-20260518170202-ikjcd1,MX,seedance2.0,324900,消费,-14.9454,"2026-05-18 17:02:02"
635629,tk-20260518170150-ipthmy,MX,seedance2.0,324900,消费,-14.9454,"2026-05-18 17:01:50"
635628,tk-20260518170147-lauqm2,MX,seedance2.0,324900,消费,-14.9454,"2026-05-18 17:01:47"
635612,tk-20260518170144-7wqsv0,MX,seedance2.0,238500,消费,-10.9710,"2026-05-18 17:01:44"
635610,tk-20260518170143-bs7239,MX,seedance2.0,324900,消费,-14.9454,"2026-05-18 17:01:43"
635611,tk-20260518170143-m5ooxa,MX,seedance2.0,324900,消费,-14.9454,"2026-05-18 17:01:43"
635603,tk-20260518170142-7lo9tz,MX,seedance2.0,324900,消费,-14.9454,"2026-05-18 17:01:42"
635604,tk-20260518170142-6zdwgq,MX,seedance2.0,324900,消费,-14.9454,"2026-05-18 17:01:42"
635606,tk-20260518170142-75pf4r,MX,seedance2.0,324900,消费,-14.9454,"2026-05-18 17:01:42"
635608,tk-20260518170142-8vf7v1,MX,seedance2.0,324900,消费,-14.9454,"2026-05-18 17:01:42"
635609,tk-20260518170142-sor99g,MX,seedance2.0,324900,消费,-14.9454,"2026-05-18 17:01:42"
635623,tk-20260518170142-mzdf9j,MX,seedance2.0,324900,消费,-14.9454,"2026-05-18 17:01:42"
635624,tk-20260518170142-9j7lbh,MX,seedance2.0,324900,消费,-14.9454,"2026-05-18 17:01:42"
635625,tk-20260518170142-vwdml3,MX,seedance2.0,324900,消费,-14.9454,"2026-05-18 17:01:42"
635626,tk-20260518170142-futkc2,MX,seedance2.0,324900,消费,-14.9454,"2026-05-18 17:01:42"
635627,tk-20260518170142-ln2tzq,MX,seedance2.0,324900,消费,-14.9454,"2026-05-18 17:01:42"
635602,tk-20260518170141-mmc657,MX,seedance2.0,324900,消费,-14.9454,"2026-05-18 17:01:41"
635620,tk-20260518170141-0bi5yb,MX,seedance2.0,324900,消费,-14.9454,"2026-05-18 17:01:41"
635621,tk-20260518170141-7fizhm,MX,seedance2.0,324900,消费,-14.9454,"2026-05-18 17:01:41"
635622,tk-20260518170141-4f6hmy,MX,seedance2.0,324900,消费,-14.9454,"2026-05-18 17:01:41"
635616,tk-20260518170139-bqrb2u,MX,seedance2.0,324900,消费,-14.9454,"2026-05-18 17:01:39"
635595,tk-20260518170129-r7fdp8,MX,seedance2.0,324900,消费,-14.9454,"2026-05-18 17:01:29"
635460,tk-20260518170117-vkipt0,MX,seedance2.0,151078,消费,-6.9495,"2026-05-18 17:01:17"
635713,tk-20260518170113-p386cx,MX,seedance2.0,324900,消费,-14.9454,"2026-05-18 17:01:13"
635578,tk-20260518170108-t2r7yz,MX,seedance2.0,324900,消费,-14.9454,"2026-05-18 17:01:08"
635579,tk-20260518170108-fflzgc,MX,seedance2.0,324900,消费,-14.9454,"2026-05-18 17:01:08"
635573,tk-20260518170100-5j7wx7,MX,seedance2.0,324900,消费,-14.9454,"2026-05-18 17:01:00"
635572,tk-20260518170056-rlbna3,MX,seedance2.0,324900,消费,-14.9454,"2026-05-18 17:00:56"
635691,tk-20260518170056-oyveqn,MX,seedance2.0,324900,消费,-14.9454,"2026-05-18 17:00:56"
635565,tk-20260518170049-p1fzgb,MX,seedance2.0,324900,消费,-14.9454,"2026-05-18 17:00:49"
635427,tk-20260518170045-xvy0ig,MX,seedance2.0,324900,消费,-14.9454,"2026-05-18 17:00:45"
635430,tk-20260518170045-g7u0ls,MX,seedance2.0,173700,消费,-7.9902,"2026-05-18 17:00:45"
635564,tk-20260518170045-dc6woq,MX,seedance2.0,324900,消费,-14.9454,"2026-05-18 17:00:45"
635543,tk-20260518170010-nkijek,MX,seedance2.0,324900,消费,-14.9454,"2026-05-18 17:00:10"
635396,tk-20260518165957-url0sh,MX,seedance2.0,151078,消费,-6.9495,"2026-05-18 16:59:57"
635518,tk-20260518165936-9thtlw,MX,seedance2.0,324900,消费,-14.9454,"2026-05-18 16:59:36"
635508,tk-20260518165925-zdey82,MX,seedance2.0,324900,消费,-14.9454,"2026-05-18 16:59:25"
635503,tk-20260518165920-44k097,MX,seedance2.0,324900,消费,-14.9454,"2026-05-18 16:59:20"
635504,tk-20260518165916-3w3bi9,MX,seedance2.0,87300,消费,-4.0158,"2026-05-18 16:59:16"
635500,tk-20260518165904-bqjs1c,MX,seedance2.0,324900,消费,-14.9454,"2026-05-18 16:59:04"
635498,tk-20260518165900-plrf5a,MX,seedance2.0,324900,消费,-14.9454,"2026-05-18 16:59:00"
635359,tk-20260518165856-c1vin8,MX,seedance2.0,324900,消费,-14.9454,"2026-05-18 16:58:56"
635358,tk-20260518165855-7g7cqv,MX,seedance2.0,108900,消费,-5.0094,"2026-05-18 16:58:55"
635494,tk-20260518165854-k811zl,MX,seedance2.0,87300,消费,-4.0158,"2026-05-18 16:58:54"
635487,tk-20260518165844-1pjcn5,MX,seedance2.0,303300,消费,-13.9518,"2026-05-18 16:58:44"
635480,tk-20260518165841-qhaau5,MX,seedance2.0,324900,消费,-14.9454,"2026-05-18 16:58:41"
635597,tk-20260518165838-vuceli,MX,seedance2.0,324900,消费,-14.9454,"2026-05-18 16:58:38"
635479,tk-20260518165836-cxofzg,MX,seedance2.0,303300,消费,-13.9518,"2026-05-18 16:58:36"
635596,tk-20260518165834-hdr46c,MX,seedance2.0,324900,消费,-14.9454,"2026-05-18 16:58:34"
635590,tk-20260518165832-g3b4df,MX,seedance2.0,324900,消费,-14.9454,"2026-05-18 16:58:32"
635466,tk-20260518165820-160b2u,MX,seedance2.0,324900,消费,-14.9454,"2026-05-18 16:58:20"
635459,tk-20260518165818-7tixkd,MX,seedance2.0,324900,消费,-14.9454,"2026-05-18 16:58:18"
635463,tk-20260518165817-ta8eq4,MX,seedance2.0,324900,消费,-14.9454,"2026-05-18 16:58:17"
635464,tk-20260518165817-nz5ozz,MX,seedance2.0,324900,消费,-14.9454,"2026-05-18 16:58:17"
635335,tk-20260518165814-z6ud6c,MX,seedance2.0,324900,消费,-14.9454,"2026-05-18 16:58:14"
635454,tk-20260518165810-ifq0dh,MX,seedance2.0,324900,消费,-14.9454,"2026-05-18 16:58:10"
635455,tk-20260518165802-z8wyb6,MX,seedance2.0,260100,消费,-11.9646,"2026-05-18 16:58:02"
635442,tk-20260518165758-j5hfuk,MX,seedance2.0,324900,消费,-14.9454,"2026-05-18 16:57:58"
635433,tk-20260518165749-0omd2c,MX,seedance2.0,324900,消费,-14.9454,"2026-05-18 16:57:49"
635561,tk-20260518165749-hh99wx,MX,seedance2.0,324900,消费,-14.9454,"2026-05-18 16:57:49"
635432,tk-20260518165744-gj1bh5,MX,seedance2.0,324900,消费,-14.9454,"2026-05-18 16:57:44"
635431,tk-20260518165733-yx96ll,MX,seedance2.0,324900,消费,-14.9454,"2026-05-18 16:57:33"
635421,tk-20260518165728-octaq4,MX,seedance2.0,324900,消费,-14.9454,"2026-05-18 16:57:28"
635420,tk-20260518165720-lsoq2q,MX,seedance2.0,324900,消费,-14.9454,"2026-05-18 16:57:20"
635299,tk-20260518165715-hse2sh,MX,seedance2.0,324900,消费,-14.9454,"2026-05-18 16:57:15"
635538,tk-20260518165702-1d0xb9,MX,seedance2.0,151078,消费,-6.9495,"2026-05-18 16:57:02"
635398,tk-20260518165657-awa39l,MX,seedance2.0,324900,消费,-14.9454,"2026-05-18 16:56:57"
635278,tk-20260518165644-7dw6oa,MX,seedance2.0,324900,消费,-14.9454,"2026-05-18 16:56:44"
635382,tk-20260518165639-8a3rra,MX,seedance2.0,324900,消费,-14.9454,"2026-05-18 16:56:39"
635653,tk-20260518165638-0c47gx,MX,seedance2.0,324900,消费,-14.9454,"2026-05-18 16:56:38"
635357,tk-20260518165554-vu6hhs,MX,seedance2.0,90814,消费,-4.1774,"2026-05-18 16:55:55"
635233,tk-20260518165552-zsy19w,MX,seedance2.0,324900,消费,-14.9454,"2026-05-18 16:55:52"
635486,tk-20260518165547-418cgz,MX,seedance2.0,324900,消费,-14.9454,"2026-05-18 16:55:47"
635219,tk-20260518165526-s1dzld,MX,seedance2.0,260100,消费,-11.9646,"2026-05-18 16:55:26"
635332,tk-20260518165508-0alzkz,MX,seedance2.0,151078,消费,-6.9495,"2026-05-18 16:55:08"
635441,tk-20260518165455-hnqxhy,MX,seedance2.0,324900,消费,-14.9454,"2026-05-18 16:54:55"
635307,tk-20260518165427-wp3kpl,MX,seedance2.0,324900,消费,-14.9454,"2026-05-18 16:54:27"
635306,tk-20260518165420-q1s44f,MX,seedance2.0,324900,消费,-14.9454,"2026-05-18 16:54:20"
635397,tk-20260518165357-5yjeof,MX,seedance2.0,324900,消费,-14.9454,"2026-05-18 16:53:57"
635284,tk-20260518165354-v1pzds,MX,seedance2.0,151078,消费,-6.9495,"2026-05-18 16:53:54"
635275,tk-20260518165342-c6ri5o,MX,seedance2.0,151078,消费,-6.9495,"2026-05-18 16:53:42"
635272,tk-20260518165339-n8k0jk,MX,seedance2.0,324900,消费,-14.9454,"2026-05-18 16:53:39"
635139,tk-20260518165328-rjj97y,MX,seedance2.0,216900,消费,-9.9774,"2026-05-18 16:53:28"
635267,tk-20260518165326-a0z4gl,MX,seedance2.0,324900,消费,-14.9454,"2026-05-18 16:53:26"
635262,tk-20260518165323-z2o9n4,MX,seedance2.0,324900,消费,-14.9454,"2026-05-18 16:53:23"
635259,tk-20260518165320-hnjaw9,MX,seedance2.0,324900,消费,-14.9454,"2026-05-18 16:53:20"
635263,tk-20260518165318-y0bfte,MX,seedance2.0,324900,消费,-14.9454,"2026-05-18 16:53:18"
635257,tk-20260518165314-an634z,MX,seedance2.0,324900,消费,-14.9454,"2026-05-18 16:53:14"
635130,tk-20260518165309-fdeqt4,MX,seedance2.0,324900,消费,-14.9454,"2026-05-18 16:53:09"
635252,tk-20260518165307-a24tfm,MX,seedance2.0,324900,消费,-14.9454,"2026-05-18 16:53:07"
635127,tk-20260518165306-mi0bur,MX,seedance2.0,324900,消费,-14.9454,"2026-05-18 16:53:06"
635121,tk-20260518165302-ub85l8,MX,seedance2.0,216900,消费,-9.9774,"2026-05-18 16:53:02"
635244,tk-20260518165300-48g3gx,MX,seedance2.0,324900,消费,-14.9454,"2026-05-18 16:53:00"
635241,tk-20260518165259-1mx2q9,MX,seedance2.0,324900,消费,-14.9454,"2026-05-18 16:52:59"
635235,tk-20260518165254-bgpcf8,MX,seedance2.0,324900,消费,-14.9454,"2026-05-18 16:52:54"
635110,tk-20260518165252-jmetup,MX,seedance2.0,152100,消费,-6.9966,"2026-05-18 16:52:52"
635345,tk-20260518165218-z2cowk,MX,seedance2.0,324900,消费,-14.9454,"2026-05-18 16:52:18"
635093,tk-20260518165207-dp4uii,MX,seedance2.0,324900,消费,-14.9454,"2026-05-18 16:52:07"
635079,tk-20260518165157-ae2nft,MX,seedance2.0,151078,消费,-6.9495,"2026-05-18 16:51:57"
635210,tk-20260518165156-uvgxz2,MX,seedance2.0,324900,消费,-14.9454,"2026-05-18 16:51:56"
635197,tk-20260518165152-dgplyl,MX,seedance2.0,281700,消费,-12.9582,"2026-05-18 16:51:52"
635193,tk-20260518165139-s39b2i,MX,seedance2.0,324900,消费,-14.9454,"2026-05-18 16:51:39"
635182,tk-20260518165133-eoffz0,MX,seedance2.0,324900,消费,-14.9454,"2026-05-18 16:51:33"
635068,tk-20260518165129-0zuctk,MX,seedance2.0,151078,消费,-6.9495,"2026-05-18 16:51:29"
635067,tk-20260518165128-mm01em,MX,seedance2.0,324900,消费,-14.9454,"2026-05-18 16:51:28"
635180,tk-20260518165123-3fpc6k,MX,seedance2.0,324900,消费,-14.9454,"2026-05-18 16:51:23"
635154,tk-20260518165056-m2yq5n,MX,seedance2.0,324900,消费,-14.9454,"2026-05-18 16:50:56"
635153,tk-20260518165054-fnrizj,MX,seedance2.0,324900,消费,-14.9454,"2026-05-18 16:50:54"
635024,tk-20260518165039-6h2ig1,MX,seedance2.0,141034,消费,-6.4875,"2026-05-18 16:50:39"
635273,tk-20260518165038-e5zv9n,MX,seedance2.0,324900,消费,-14.9454,"2026-05-18 16:50:38"
635147,tk-20260518165037-sprki1,MX,seedance2.0,324900,消费,-14.9454,"2026-05-18 16:50:37"
635138,tk-20260518165029-fxph6g,MX,seedance2.0,324900,消费,-14.9454,"2026-05-18 16:50:29"
635129,tk-20260518165009-vi732f,MX,seedance2.0,281700,消费,-12.9582,"2026-05-18 16:50:09"
635001,tk-20260518165004-dnwtf5,MX,seedance2.0,324900,消费,-14.9454,"2026-05-18 16:50:04"
635238,tk-20260518164957-78kc86,MX,seedance2.0,324900,消费,-14.9454,"2026-05-18 16:49:57"
635118,tk-20260518164952-0jmewm,MX,seedance2.0,324900,消费,-14.9454,"2026-05-18 16:49:52"
634991,tk-20260518164945-lwd0eu,MX,seedance2.0,324900,消费,-14.9454,"2026-05-18 16:49:45"
635094,tk-20260518164905-x6557d,MX,seedance2.0,324900,消费,-14.9454,"2026-05-18 16:49:05"
635084,tk-20260518164859-263z29,MX,seedance2.0,324900,消费,-14.9454,"2026-05-18 16:48:59"
635199,tk-20260518164853-0xj96f,MX,seedance2.0,324900,消费,-14.9454,"2026-05-18 16:48:53"
634960,tk-20260518164851-vfp2u7,MX,seedance2.0,324900,消费,-14.9454,"2026-05-18 16:48:51"
634951,tk-20260518164833-q6fuqb,MX,seedance2.0,152100,消费,-6.9966,"2026-05-18 16:48:33"
635069,tk-20260518164832-szieej,MX,seedance2.0,324900,消费,-14.9454,"2026-05-18 16:48:32"
635170,tk-20260518164816-zz620a,MX,seedance2.0,324900,消费,-14.9454,"2026-05-18 16:48:16"
634939,tk-20260518164815-s8ot5e,MX,seedance2.0,151078,消费,-6.9495,"2026-05-18 16:48:15"
635057,tk-20260518164813-gyc81k,MX,seedance2.0,324900,消费,-14.9454,"2026-05-18 16:48:13"
635048,tk-20260518164800-v5getm,MX,seedance2.0,324900,消费,-14.9454,"2026-05-18 16:48:00"
635035,tk-20260518164747-lnm547,MX,seedance2.0,324900,消费,-14.9454,"2026-05-18 16:47:47"
634908,tk-20260518164737-k35d1h,MX,seedance2.0,324900,消费,-14.9454,"2026-05-18 16:47:37"
634900,tk-20260518164718-38g2fl,MX,seedance2.0,87300,消费,-4.0158,"2026-05-18 16:47:18"
635116,tk-20260518164657-cyyo3p,MX,seedance2.0,324900,消费,-14.9454,"2026-05-18 16:46:57"
634999,tk-20260518164656-skz8ny,MX,seedance2.0,324900,消费,-14.9454,"2026-05-18 16:46:56"
634875,tk-20260518164655-j4p4oq,MX,seedance2.0,324900,消费,-14.9454,"2026-05-18 16:46:55"
634992,tk-20260518164649-v5tefr,MX,seedance2.0,324900,消费,-14.9454,"2026-05-18 16:46:49"
634995,tk-20260518164647-08cff2,MX,seedance2.0,324900,消费,-14.9454,"2026-05-18 16:46:47"
634987,tk-20260518164630-xx2a0a,MX,seedance2.0,87300,消费,-4.0158,"2026-05-18 16:46:30"
634985,tk-20260518164629-peue2q,MX,seedance2.0,324900,消费,-14.9454,"2026-05-18 16:46:29"
634976,tk-20260518164616-t9grna,MX,seedance2.0,151078,消费,-6.9495,"2026-05-18 16:46:16"
634968,tk-20260518164608-n3anfr,MX,seedance2.0,324900,消费,-14.9454,"2026-05-18 16:46:08"
634840,tk-20260518164603-oaytaj,MX,seedance2.0,324900,消费,-14.9454,"2026-05-18 16:46:03"
635076,tk-20260518164550-duch2u,MX,seedance2.0,108900,消费,-5.0094,"2026-05-18 16:45:50"
634956,tk-20260518164542-mfbej8,MX,seedance2.0,324900,消费,-14.9454,"2026-05-18 16:45:42"
634938,tk-20260518164522-lipnbd,MX,seedance2.0,324900,消费,-14.9454,"2026-05-18 16:45:22"
634937,tk-20260518164518-8yfnqr,MX,seedance2.0,324900,消费,-14.9454,"2026-05-18 16:45:18"
634914,tk-20260518164444-09a7vw,MX,seedance2.0,324900,消费,-14.9454,"2026-05-18 16:44:44"
634784,tk-20260518164440-wt0x99,MX,seedance2.0,151078,消费,-6.9495,"2026-05-18 16:44:40"
635023,tk-20260518164438-f82l6h,MX,seedance2.0,324900,消费,-14.9454,"2026-05-18 16:44:38"
634890,tk-20260518164412-z451xj,MX,seedance2.0,324900,消费,-14.9454,"2026-05-18 16:44:12"
634888,tk-20260518164408-xmos9b,MX,seedance2.0,281700,消费,-12.9582,"2026-05-18 16:44:08"
634874,tk-20260518164348-vbhfw8,MX,seedance2.0,151078,消费,-6.9495,"2026-05-18 16:43:48"
634739,tk-20260518164339-h0xzkh,MX,seedance2.0,173700,消费,-7.9902,"2026-05-18 16:43:39"
634868,tk-20260518164339-hxptq1,MX,seedance2.0,324900,消费,-14.9454,"2026-05-18 16:43:39"
634717,tk-20260518164313-wkwm94,MX,seedance2.0,260100,消费,-11.9646,"2026-05-18 16:43:13"
634848,tk-20260518164308-vg1ra5,MX,seedance2.0,281700,消费,-12.9582,"2026-05-18 16:43:08"
634846,tk-20260518164306-0ongvb,MX,seedance2.0,151078,消费,-6.9495,"2026-05-18 16:43:06"
634845,tk-20260518164302-n0mzck,MX,seedance2.0,324900,消费,-14.9454,"2026-05-18 16:43:02"
634706,tk-20260518164258-93gj19,MX,seedance2.0,151078,消费,-6.9495,"2026-05-18 16:42:58"
634818,tk-20260518164224-omjmgf,MX,seedance2.0,324900,消费,-14.9454,"2026-05-18 16:42:24"
634806,tk-20260518164217-c7kfau,MX,seedance2.0,324900,消费,-14.9454,"2026-05-18 16:42:17"
634657,tk-20260518164210-mihi9y,MX,seedance2.0,151078,消费,-6.9495,"2026-05-18 16:42:10"
634797,tk-20260518164159-vur5ge,MX,seedance2.0,324900,消费,-14.9454,"2026-05-18 16:41:59"
634787,tk-20260518164136-ua3f29,MX,seedance2.0,108900,消费,-5.0094,"2026-05-18 16:41:36"
634779,tk-20260518164132-82rquq,MX,seedance2.0,141034,消费,-6.4875,"2026-05-18 16:41:32"
634886,tk-20260518164112-86ugwn,MX,seedance2.0,324900,消费,-14.9454,"2026-05-18 16:41:12"
634747,tk-20260518164044-n7nmr6,MX,seedance2.0,324900,消费,-14.9454,"2026-05-18 16:40:44"
634742,tk-20260518164041-b34fs4,MX,seedance2.0,141034,消费,-6.4875,"2026-05-18 16:40:41"
634731,tk-20260518164025-rtp5hr,MX,seedance2.0,324900,消费,-14.9454,"2026-05-18 16:40:25"
634733,tk-20260518164024-2l7jdj,MX,seedance2.0,324900,消费,-14.9454,"2026-05-18 16:40:24"
634729,tk-20260518164023-qy2tyw,MX,seedance2.0,260100,消费,-11.9646,"2026-05-18 16:40:23"
634722,tk-20260518164018-n6a7pe,MX,seedance2.0,324900,消费,-14.9454,"2026-05-18 16:40:18"
634571,tk-20260518163943-sq8950,MX,seedance2.0,324900,消费,-14.9454,"2026-05-18 16:39:43"
634700,tk-20260518163937-rs04ng,MX,seedance2.0,324900,消费,-14.9454,"2026-05-18 16:39:37"
634555,tk-20260518163915-2niyee,MX,seedance2.0,141034,消费,-6.4875,"2026-05-18 16:39:15"
634676,tk-20260518163915-w62zvy,MX,seedance2.0,324900,消费,-14.9454,"2026-05-18 16:39:15"
634675,tk-20260518163913-118jkm,MX,seedance2.0,324900,消费,-14.9454,"2026-05-18 16:39:13"
634666,tk-20260518163912-s2wsh1,MX,seedance2.0,324900,消费,-14.9454,"2026-05-18 16:39:12"
634525,tk-20260518163854-4pjqc7,MX,seedance2.0,87300,消费,-4.0158,"2026-05-18 16:38:54"
634522,tk-20260518163851-gf6tcr,MX,seedance2.0,216900,消费,-9.9774,"2026-05-18 16:38:51"
634639,tk-20260518163848-ezw2je,MX,seedance2.0,216900,消费,-9.9774,"2026-05-18 16:38:48"
634634,tk-20260518163840-zz22r3,MX,seedance2.0,303300,消费,-13.9518,"2026-05-18 16:38:40"
634613,tk-20260518163809-z046l3,MX,seedance2.0,324900,消费,-14.9454,"2026-05-18 16:38:09"
634612,tk-20260518163804-hjdoll,MX,seedance2.0,324900,消费,-14.9454,"2026-05-18 16:38:04"
634479,tk-20260518163749-h3kqhc,MX,seedance2.0,87300,消费,-4.0158,"2026-05-18 16:37:49"
634478,tk-20260518163745-2bxnak,MX,seedance2.0,216900,消费,-9.9774,"2026-05-18 16:37:45"
634740,tk-20260518163732-fk65lx,MX,seedance2.0,260100,消费,-11.9646,"2026-05-18 16:37:32"
634856,tk-20260518163721-45ya0n,MX,seedance2.0,324900,消费,-14.9454,"2026-05-18 16:37:21"
634448,tk-20260518163705-28aspt,MX,seedance2.0,324900,消费,-14.9454,"2026-05-18 16:37:05"
634440,tk-20260518163700-9tp4cc,MX,seedance2.0,173700,消费,-7.9902,"2026-05-18 16:37:00"
634576,tk-20260518163654-05pxd7,MX,seedance2.0,324900,消费,-14.9454,"2026-05-18 16:36:54"
634438,tk-20260518163652-9r33ac,MX,seedance2.0,130500,消费,-6.0030,"2026-05-18 16:36:52"
634698,tk-20260518163648-mjtlsz,MX,seedance2.0,324900,消费,-14.9454,"2026-05-18 16:36:48"
634564,tk-20260518163640-panr8u,MX,seedance2.0,141034,消费,-6.4875,"2026-05-18 16:36:40"
634563,tk-20260518163634-sx7qgj,MX,seedance2.0,151078,消费,-6.9495,"2026-05-18 16:36:34"
634416,tk-20260518163626-rmzceh,MX,seedance2.0,87300,消费,-4.0158,"2026-05-18 16:36:26"
634549,tk-20260518163615-rs0yb9,MX,seedance2.0,151078,消费,-6.9495,"2026-05-18 16:36:15"
634539,tk-20260518163605-sjpeck,MX,seedance2.0,324900,消费,-14.9454,"2026-05-18 16:36:05"
634538,tk-20260518163600-oqi2sg,MX,seedance2.0,324900,消费,-14.9454,"2026-05-18 16:36:00"
634535,tk-20260518163558-diu526,MX,seedance2.0,324900,消费,-14.9454,"2026-05-18 16:35:58"
634512,tk-20260518163525-nxhfd8,MX,seedance2.0,324900,消费,-14.9454,"2026-05-18 16:35:25"
634370,tk-20260518163511-p1ebfj,MX,seedance2.0,324900,消费,-14.9454,"2026-05-18 16:35:11"
634494,tk-20260518163508-463cu2,MX,seedance2.0,324900,消费,-14.9454,"2026-05-18 16:35:08"
634489,tk-20260518163501-thtcr2,MX,seedance2.0,324900,消费,-14.9454,"2026-05-18 16:35:01"
634484,tk-20260518163455-z9ijc0,MX,seedance2.0,216900,消费,-9.9774,"2026-05-18 16:34:55"
634483,tk-20260518163449-g7vlgv,MX,seedance2.0,260100,消费,-11.9646,"2026-05-18 16:34:49"
634480,tk-20260518163448-2brtyd,MX,seedance2.0,260100,消费,-11.9646,"2026-05-18 16:34:48"
634472,tk-20260518163437-pxjuew,MX,seedance2.0,324900,消费,-14.9454,"2026-05-18 16:34:37"
634467,tk-20260518163435-m1phuy,MX,seedance2.0,324900,消费,-14.9454,"2026-05-18 16:34:35"
634462,tk-20260518163431-vxqb2q,MX,seedance2.0,216900,消费,-9.9774,"2026-05-18 16:34:31"
634458,tk-20260518163428-iym7by,MX,seedance2.0,324900,消费,-14.9454,"2026-05-18 16:34:28"
634453,tk-20260518163417-utj8t2,MX,seedance2.0,260100,消费,-11.9646,"2026-05-18 16:34:17"
634452,tk-20260518163416-o8jq33,MX,seedance2.0,324900,消费,-14.9454,"2026-05-18 16:34:16"
634320,tk-20260518163410-kao3bk,MX,seedance2.0,87300,消费,-4.0158,"2026-05-18 16:34:10"
634454,tk-20260518163410-2wdcld,MX,seedance2.0,324900,消费,-14.9454,"2026-05-18 16:34:10"
634327,tk-20260518163407-2gzt30,MX,seedance2.0,324900,消费,-14.9454,"2026-05-18 16:34:07"
634447,tk-20260518163405-0rb03x,MX,seedance2.0,324900,消费,-14.9454,"2026-05-18 16:34:05"
634425,tk-20260518163350-10c3ep,MX,seedance2.0,216900,消费,-9.9774,"2026-05-18 16:33:50"
634309,tk-20260518163349-nv8r1p,MX,seedance2.0,173700,消费,-7.9902,"2026-05-18 16:33:49"
634297,tk-20260518163342-ud93cb,MX,seedance2.0,151078,消费,-6.9495,"2026-05-18 16:33:42"
634400,tk-20260518163308-mdnhif,MX,seedance2.0,324900,消费,-14.9454,"2026-05-18 16:33:08"
634537,tk-20260518163307-f4woma,MX,seedance2.0,260100,消费,-11.9646,"2026-05-18 16:33:07"
634395,tk-20260518163253-4orllu,MX,seedance2.0,324900,消费,-14.9454,"2026-05-18 16:32:53"
634527,tk-20260518163252-zeh5mm,MX,seedance2.0,324900,消费,-14.9454,"2026-05-18 16:32:52"
634389,tk-20260518163239-gmn5q7,MX,seedance2.0,324900,消费,-14.9454,"2026-05-18 16:32:39"
634390,tk-20260518163239-q4pjco,MX,seedance2.0,216900,消费,-9.9774,"2026-05-18 16:32:39"
634384,tk-20260518163236-vxdgn4,MX,seedance2.0,324900,消费,-14.9454,"2026-05-18 16:32:36"
634510,tk-20260518163229-gnk3so,MX,seedance2.0,324900,消费,-14.9454,"2026-05-18 16:32:29"
634212,tk-20260518163201-xlromb,MX,seedance2.0,216900,消费,-9.9774,"2026-05-18 16:32:01"
634367,tk-20260518163200-lzj41o,MX,seedance2.0,281700,消费,-12.9582,"2026-05-18 16:32:00"
634204,tk-20260518163152-6j10p3,MX,seedance2.0,108900,消费,-5.0094,"2026-05-18 16:31:52"
634353,tk-20260518163143-ioykf6,MX,seedance2.0,324900,消费,-14.9454,"2026-05-18 16:31:43"
634200,tk-20260518163142-5vwmki,MX,seedance2.0,216900,消费,-9.9774,"2026-05-18 16:31:42"
634352,tk-20260518163142-aoke3q,MX,seedance2.0,324900,消费,-14.9454,"2026-05-18 16:31:42"
634344,tk-20260518163132-z2o458,MX,seedance2.0,151078,消费,-6.9495,"2026-05-18 16:31:32"
634172,tk-20260518163117-y6sw7q,MX,seedance2.0,108900,消费,-5.0094,"2026-05-18 16:31:17"
634322,tk-20260518163112-pl2zae,MX,seedance2.0,130500,消费,-6.0030,"2026-05-18 16:31:12"
634324,tk-20260518163112-1rvnlo,MX,seedance2.0,324900,消费,-14.9454,"2026-05-18 16:31:12"
634439,tk-20260518163056-k2c7d2,MX,seedance2.0,324900,消费,-14.9454,"2026-05-18 16:30:56"
634306,tk-20260518163047-oiwr13,MX,seedance2.0,324900,消费,-14.9454,"2026-05-18 16:30:47"
634150,tk-20260518163044-i7t08f,MX,seedance2.0,108900,消费,-5.0094,"2026-05-18 16:30:44"
634279,tk-20260518163031-p0hciy,MX,seedance2.0,151078,消费,-6.9495,"2026-05-18 16:30:31"
634277,tk-20260518163026-vyiszo,MX,seedance2.0,324900,消费,-14.9454,"2026-05-18 16:30:26"
634278,tk-20260518163026-rm68pl,MX,seedance2.0,324900,消费,-14.9454,"2026-05-18 16:30:26"
634289,tk-20260518163024-1conur,MX,seedance2.0,303300,消费,-13.9518,"2026-05-18 16:30:24"
634276,tk-20260518163013-c7ygyz,MX,seedance2.0,324900,消费,-14.9454,"2026-05-18 16:30:13"
634275,tk-20260518163002-vyipa2,MX,seedance2.0,324900,消费,-14.9454,"2026-05-18 16:30:02"
634271,tk-20260518162956-3mnsr1,MX,seedance2.0,324900,消费,-14.9454,"2026-05-18 16:29:56"
634233,tk-20260518162924-2pc5hd,MX,seedance2.0,324900,消费,-14.9454,"2026-05-18 16:29:24"
634092,tk-20260518162923-d974rk,MX,seedance2.0,195300,消费,-8.9838,"2026-05-18 16:29:23"
634230,tk-20260518162923-ur9gk0,MX,seedance2.0,324900,消费,-14.9454,"2026-05-18 16:29:23"
634219,tk-20260518162910-caq4r5,MX,seedance2.0,324900,消费,-14.9454,"2026-05-18 16:29:10"
633814,tk-20260518162903-ou337j,MX,seedance2.0,87300,消费,-4.0158,"2026-05-18 16:29:03"
634068,tk-20260518162846-brteas,MX,seedance2.0,87300,消费,-4.0158,"2026-05-18 16:28:46"
634201,tk-20260518162839-8ja3gg,MX,seedance2.0,324900,消费,-14.9454,"2026-05-18 16:28:39"
634187,tk-20260518162836-495coz,MX,seedance2.0,324900,消费,-14.9454,"2026-05-18 16:28:36"
634182,tk-20260518162827-s4zs5x,MX,seedance2.0,324900,消费,-14.9454,"2026-05-18 16:28:27"
634173,tk-20260518162810-pt1jp1,MX,seedance2.0,324900,消费,-14.9454,"2026-05-18 16:28:10"
634155,tk-20260518162759-nh78kz,MX,seedance2.0,324900,消费,-14.9454,"2026-05-18 16:27:59"
634274,tk-20260518162725-fvymo7,MX,seedance2.0,324900,消费,-14.9454,"2026-05-18 16:27:25"
634134,tk-20260518162716-coxvwr,MX,seedance2.0,324900,消费,-14.9454,"2026-05-18 16:27:16"
634273,tk-20260518162716-jvqsda,MX,seedance2.0,281700,消费,-12.9582,"2026-05-18 16:27:16"
633878,tk-20260518162710-c4he1t,MX,seedance2.0,324900,消费,-14.9454,"2026-05-18 16:27:10"
634106,tk-20260518162639-7l67n6,MX,seedance2.0,324900,消费,-14.9454,"2026-05-18 16:26:39"
634104,tk-20260518162635-6zqkxg,MX,seedance2.0,324900,消费,-14.9454,"2026-05-18 16:26:35"
634095,tk-20260518162627-yckj4i,MX,seedance2.0,324900,消费,-14.9454,"2026-05-18 16:26:27"
634093,tk-20260518162625-hs6b1g,MX,seedance2.0,324900,消费,-14.9454,"2026-05-18 16:26:25"
633815,tk-20260518162603-0ij5dy,MX,seedance2.0,90814,消费,-4.1774,"2026-05-18 16:26:03"
634066,tk-20260518162550-xp86n9,MX,seedance2.0,324900,消费,-14.9454,"2026-05-18 16:25:50"
634064,tk-20260518162545-ymaq2z,MX,seedance2.0,324900,消费,-14.9454,"2026-05-18 16:25:45"
634065,tk-20260518162545-058dhu,MX,seedance2.0,324900,消费,-14.9454,"2026-05-18 16:25:45"
634063,tk-20260518162543-8rsz0j,MX,seedance2.0,324900,消费,-14.9454,"2026-05-18 16:25:43"
634052,tk-20260518162538-jgilc9,MX,seedance2.0,324900,消费,-14.9454,"2026-05-18 16:25:38"
633793,tk-20260518162536-tc8ntp,MX,seedance2.0,324900,消费,-14.9454,"2026-05-18 16:25:36"
633788,tk-20260518162528-0nekp5,MX,seedance2.0,130500,消费,-6.0030,"2026-05-18 16:25:28"
633975,tk-20260518162508-5hot2e,MX,seedance2.0,216900,消费,-9.9774,"2026-05-18 16:25:08"
633974,tk-20260518162504-wzj6d0,MX,seedance2.0,324900,消费,-14.9454,"2026-05-18 16:25:04"
633771,tk-20260518162457-0ae52l,MX,seedance2.0,324900,消费,-14.9454,"2026-05-18 16:24:57"
633768,tk-20260518162454-pqut6z,MX,seedance2.0,151078,消费,-6.9495,"2026-05-18 16:24:54"
633759,tk-20260518162437-du0faj,MX,seedance2.0,173700,消费,-7.9902,"2026-05-18 16:24:37"
633886,tk-20260518162415-2sx7kn,MX,seedance2.0,260100,消费,-11.9646,"2026-05-18 16:24:15"
633887,tk-20260518162415-7daxh4,MX,seedance2.0,260100,消费,-11.9646,"2026-05-18 16:24:15"
633885,tk-20260518162410-iecdf8,MX,seedance2.0,260100,消费,-11.9646,"2026-05-18 16:24:10"
633860,tk-20260518162348-04i4i2,MX,seedance2.0,324900,消费,-14.9454,"2026-05-18 16:23:48"
634110,tk-20260518162345-iixokz,MX,seedance2.0,324900,消费,-14.9454,"2026-05-18 16:23:45"
633866,tk-20260518162340-2pgfuz,MX,seedance2.0,324900,消费,-14.9454,"2026-05-18 16:23:40"
633670,tk-20260518162245-68n119,MX,seedance2.0,260100,消费,-11.9646,"2026-05-18 16:22:45"
633803,tk-20260518162242-1ic0py,MX,seedance2.0,324900,消费,-14.9454,"2026-05-18 16:22:42"
633801,tk-20260518162239-bboyvt,MX,seedance2.0,151078,消费,-6.9495,"2026-05-18 16:22:39"
633792,tk-20260518162234-pfbxdu,MX,seedance2.0,87300,消费,-4.0158,"2026-05-18 16:22:34"
633657,tk-20260518162229-ld6l4v,MX,seedance2.0,260100,消费,-11.9646,"2026-05-18 16:22:29"
633791,tk-20260518162228-4m19fq,MX,seedance2.0,151078,消费,-6.9495,"2026-05-18 16:22:28"
633790,tk-20260518162220-eemnul,MX,seedance2.0,324900,消费,-14.9454,"2026-05-18 16:22:20"
633785,tk-20260518162214-0iwg1r,MX,seedance2.0,324900,消费,-14.9454,"2026-05-18 16:22:14"
633639,tk-20260518162210-s0ffd5,MX,seedance2.0,151078,消费,-6.9495,"2026-05-18 16:22:10"
633633,tk-20260518162207-1ipi4e,MX,seedance2.0,151078,消费,-6.9495,"2026-05-18 16:22:07"
633779,tk-20260518162204-mn02xw,MX,seedance2.0,260100,消费,-11.9646,"2026-05-18 16:22:04"
633777,tk-20260518162202-885pew,MX,seedance2.0,151078,消费,-6.9495,"2026-05-18 16:22:02"
633627,tk-20260518162157-qv0tjv,MX,seedance2.0,173700,消费,-7.9902,"2026-05-18 16:21:57"
633620,tk-20260518162149-96j70j,MX,seedance2.0,87300,消费,-4.0158,"2026-05-18 16:21:49"
633611,tk-20260518162145-c0qn36,MX,seedance2.0,151078,消费,-6.9495,"2026-05-18 16:21:45"
633610,tk-20260518162142-3c83v5,MX,seedance2.0,173700,消费,-7.9902,"2026-05-18 16:21:42"
633607,tk-20260518162138-b24tn5,MX,seedance2.0,151078,消费,-6.9495,"2026-05-18 16:21:38"
633608,tk-20260518162138-4tv81g,MX,seedance2.0,152100,消费,-6.9966,"2026-05-18 16:21:38"
633600,tk-20260518162133-2pszz1,MX,seedance2.0,151078,消费,-6.9495,"2026-05-18 16:21:33"
633598,tk-20260518162124-3c28ab,MX,seedance2.0,108900,消费,-5.0094,"2026-05-18 16:21:24"
633741,tk-20260518162109-28t68v,MX,seedance2.0,151078,消费,-6.9495,"2026-05-18 16:21:09"
633580,tk-20260518162104-xnfh1l,MX,seedance2.0,151078,消费,-6.9495,"2026-05-18 16:21:04"
633738,tk-20260518162100-5kocue,MX,seedance2.0,324900,消费,-14.9454,"2026-05-18 16:21:00"
633737,tk-20260518162058-6o20v7,MX,seedance2.0,324900,消费,-14.9454,"2026-05-18 16:20:58"
633575,tk-20260518162056-51euu1,MX,seedance2.0,151078,消费,-6.9495,"2026-05-18 16:20:56"
633573,tk-20260518162054-zp802o,MX,seedance2.0,87300,消费,-4.0158,"2026-05-18 16:20:54"
633726,tk-20260518162053-h9l4e3,MX,seedance2.0,324900,消费,-14.9454,"2026-05-18 16:20:53"
633732,tk-20260518162053-94aqpb,MX,seedance2.0,324900,消费,-14.9454,"2026-05-18 16:20:53"
633722,tk-20260518162050-da2kv7,MX,seedance2.0,324900,消费,-14.9454,"2026-05-18 16:20:50"
633724,tk-20260518162048-2xey21,MX,seedance2.0,151078,消费,-6.9495,"2026-05-18 16:20:48"
633858,tk-20260518162045-rjn1ke,MX,seedance2.0,324900,消费,-14.9454,"2026-05-18 16:20:45"
633715,tk-20260518162043-038npv,MX,seedance2.0,151078,消费,-6.9495,"2026-05-18 16:20:43"
633713,tk-20260518162041-b2pbm9,MX,seedance2.0,324900,消费,-14.9454,"2026-05-18 16:20:41"
633558,tk-20260518162036-jgx3y4,MX,seedance2.0,151078,消费,-6.9495,"2026-05-18 16:20:36"
633707,tk-20260518162034-19utut,MX,seedance2.0,324900,消费,-14.9454,"2026-05-18 16:20:34"
633552,tk-20260518162022-lidwuc,MX,seedance2.0,151078,消费,-6.9495,"2026-05-18 16:20:22"
633551,tk-20260518162021-gq4tw8,MX,seedance2.0,238500,消费,-10.9710,"2026-05-18 16:20:21"
633548,tk-20260518162017-yib6e8,MX,seedance2.0,151078,消费,-6.9495,"2026-05-18 16:20:17"
633543,tk-20260518162010-vxyxs3,MX,seedance2.0,151078,消费,-6.9495,"2026-05-18 16:20:10"
633695,tk-20260518162010-piqnwp,MX,seedance2.0,151078,消费,-6.9495,"2026-05-18 16:20:10"
633539,tk-20260518162006-lhavlh,MX,seedance2.0,151078,消费,-6.9495,"2026-05-18 16:20:06"
633685,tk-20260518162001-p366hl,MX,seedance2.0,324900,消费,-14.9454,"2026-05-18 16:20:01"
633683,tk-20260518161958-89jr26,MX,seedance2.0,151078,消费,-6.9495,"2026-05-18 16:19:58"
633675,tk-20260518161951-56cke8,MX,seedance2.0,151078,消费,-6.9495,"2026-05-18 16:19:51"
633667,tk-20260518161935-cj9uto,MX,seedance2.0,324900,消费,-14.9454,"2026-05-18 16:19:35"
633795,tk-20260518161935-uv8uv2,MX,seedance2.0,324900,消费,-14.9454,"2026-05-18 16:19:35"
633666,tk-20260518161932-1k9o78,MX,seedance2.0,151078,消费,-6.9495,"2026-05-18 16:19:32"
633660,tk-20260518161927-xc0cg3,MX,seedance2.0,151078,消费,-6.9495,"2026-05-18 16:19:27"
633654,tk-20260518161923-yhsk2j,MX,seedance2.0,151078,消费,-6.9495,"2026-05-18 16:19:23"
633649,tk-20260518161918-av6j3f,MX,seedance2.0,324900,消费,-14.9454,"2026-05-18 16:19:18"
633648,tk-20260518161915-loilwf,MX,seedance2.0,151078,消费,-6.9495,"2026-05-18 16:19:15"
633498,tk-20260518161909-1a9rxd,MX,seedance2.0,151078,消费,-6.9495,"2026-05-18 16:19:09"
633616,tk-20260518161844-uwfdwi,MX,seedance2.0,324900,消费,-14.9454,"2026-05-18 16:18:44"
633628,tk-20260518161843-toimyi,MX,seedance2.0,324900,消费,-14.9454,"2026-05-18 16:18:43"
633604,tk-20260518161840-0tg77g,MX,seedance2.0,87300,消费,-4.0158,"2026-05-18 16:18:40"
633603,tk-20260518161833-1kqkk8,MX,seedance2.0,324900,消费,-14.9454,"2026-05-18 16:18:33"
633587,tk-20260518161812-4dwgdf,MX,seedance2.0,324900,消费,-14.9454,"2026-05-18 16:18:12"
633586,tk-20260518161810-2m2xdn,MX,seedance2.0,324900,消费,-14.9454,"2026-05-18 16:18:10"
633562,tk-20260518161740-ubg372,MX,seedance2.0,151078,消费,-6.9495,"2026-05-18 16:17:40"
633557,tk-20260518161730-q6on04,MX,seedance2.0,151078,消费,-6.9495,"2026-05-18 16:17:30"
633555,tk-20260518161729-g0o04e,MX,seedance2.0,324900,消费,-14.9454,"2026-05-18 16:17:29"
633416,tk-20260518161720-k0dzzc,MX,seedance2.0,87300,消费,-4.0158,"2026-05-18 16:17:20"
633531,tk-20260518161650-qvkejy,MX,seedance2.0,324900,消费,-14.9454,"2026-05-18 16:16:50"
633526,tk-20260518161648-h53y1k,MX,seedance2.0,324900,消费,-14.9454,"2026-05-18 16:16:48"
633530,tk-20260518161646-i93j2y,MX,seedance2.0,324900,消费,-14.9454,"2026-05-18 16:16:46"
633383,tk-20260518161629-kee4l2,MX,seedance2.0,87300,消费,-4.0158,"2026-05-18 16:16:29"
633497,tk-20260518161605-3vs3v3,MX,seedance2.0,151078,消费,-6.9495,"2026-05-18 16:16:05"
633490,tk-20260518161558-gn8e6e,MX,seedance2.0,324900,消费,-14.9454,"2026-05-18 16:15:58"
633356,tk-20260518161548-16hemp,MX,seedance2.0,324900,消费,-14.9454,"2026-05-18 16:15:48"
633615,tk-20260518161542-iqf1lq,MX,seedance2.0,324900,消费,-14.9454,"2026-05-18 16:15:42"
633339,tk-20260518161517-7e0sk0,MX,seedance2.0,50638,消费,-2.3293,"2026-05-18 16:15:17"
633304,tk-20260518161446-7lkp2h,MX,seedance2.0,151078,消费,-6.9495,"2026-05-18 16:14:46"
633428,tk-20260518161433-12nk1g,MX,seedance2.0,324900,消费,-14.9454,"2026-05-18 16:14:33"
633412,tk-20260518161408-kupgtx,MX,seedance2.0,324900,消费,-14.9454,"2026-05-18 16:14:08"
633408,tk-20260518161350-rzkqb8,MX,seedance2.0,324900,消费,-14.9454,"2026-05-18 16:13:50"
633268,tk-20260518161343-mzkc06,MX,seedance2.0,324900,消费,-14.9454,"2026-05-18 16:13:43"
633386,tk-20260518161335-e19ggq,MX,seedance2.0,324900,消费,-14.9454,"2026-05-18 16:13:35"
633393,tk-20260518161334-7w8w8l,MX,seedance2.0,324900,消费,-14.9454,"2026-05-18 16:13:34"
633385,tk-20260518161326-sab1ti,MX,seedance2.0,324900,消费,-14.9454,"2026-05-18 16:13:26"
633384,tk-20260518161325-547ovb,MX,seedance2.0,303300,消费,-13.9518,"2026-05-18 16:13:25"
633374,tk-20260518161305-w6jkg0,MX,seedance2.0,260100,消费,-11.9646,"2026-05-18 16:13:05"
633366,tk-20260518161300-cifvf5,MX,seedance2.0,324900,消费,-14.9454,"2026-05-18 16:13:00"
633250,tk-20260518161258-pbfo53,MX,seedance2.0,195300,消费,-8.9838,"2026-05-18 16:12:58"
633242,tk-20260518161257-4ob17k,MX,seedance2.0,87300,消费,-4.0158,"2026-05-18 16:12:57"
633225,tk-20260518161246-6tj8p1,MX,seedance2.0,173700,消费,-7.9902,"2026-05-18 16:12:46"
633228,tk-20260518161246-6lzif1,MX,seedance2.0,151078,消费,-6.9495,"2026-05-18 16:12:46"
633359,tk-20260518161245-ircksb,MX,seedance2.0,324900,消费,-14.9454,"2026-05-18 16:12:45"
633347,tk-20260518161230-d0b1bm,MX,seedance2.0,324900,消费,-14.9454,"2026-05-18 16:12:30"
633346,tk-20260518161224-sty0uy,MX,seedance2.0,260100,消费,-11.9646,"2026-05-18 16:12:24"
633333,tk-20260518161217-wm9kgi,MX,seedance2.0,324900,消费,-14.9454,"2026-05-18 16:12:17"
633324,tk-20260518161206-yt6scw,MX,seedance2.0,324900,消费,-14.9454,"2026-05-18 16:12:06"
633313,tk-20260518161155-b8btma,MX,seedance2.0,324900,消费,-14.9454,"2026-05-18 16:11:55"
633306,tk-20260518161148-h6c2mt,MX,seedance2.0,324900,消费,-14.9454,"2026-05-18 16:11:48"
633180,tk-20260518161145-1lajh3,MX,seedance2.0,108900,消费,-5.0094,"2026-05-18 16:11:45"
633303,tk-20260518161143-zfbdzh,MX,seedance2.0,324900,消费,-14.9454,"2026-05-18 16:11:43"
633297,tk-20260518161137-ohaxnv,MX,seedance2.0,303300,消费,-13.9518,"2026-05-18 16:11:37"
633296,tk-20260518161135-lc427l,MX,seedance2.0,324900,消费,-14.9454,"2026-05-18 16:11:35"
633294,tk-20260518161132-jkz4ic,MX,seedance2.0,260100,消费,-11.9646,"2026-05-18 16:11:32"
633291,tk-20260518161128-ah156b,MX,seedance2.0,324900,消费,-14.9454,"2026-05-18 16:11:28"
633173,tk-20260518161124-0y8igg,MX,seedance2.0,87300,消费,-4.0158,"2026-05-18 16:11:24"
633166,tk-20260518161123-eqb3hm,MX,seedance2.0,173700,消费,-7.9902,"2026-05-18 16:11:23"
633284,tk-20260518161120-szq2hl,MX,seedance2.0,324900,消费,-14.9454,"2026-05-18 16:11:20"
633282,tk-20260518161115-4n75ik,MX,seedance2.0,324900,消费,-14.9454,"2026-05-18 16:11:15"
633281,tk-20260518161111-xc8jlr,MX,seedance2.0,324900,消费,-14.9454,"2026-05-18 16:11:11"
633139,tk-20260518161055-xqtrs4,MX,seedance2.0,324900,消费,-14.9454,"2026-05-18 16:10:55"
633267,tk-20260518161042-vuu6pq,MX,seedance2.0,324900,消费,-14.9454,"2026-05-18 16:10:42"
633259,tk-20260518161027-q2quyp,MX,seedance2.0,151078,消费,-6.9495,"2026-05-18 16:10:27"
633104,tk-20260518161016-i981hv,MX,seedance2.0,87300,消费,-4.0158,"2026-05-18 16:10:16"
633364,tk-20260518161000-ryok0m,MX,seedance2.0,260100,消费,-11.9646,"2026-05-18 16:10:00"
633241,tk-20260518160956-kyubax,MX,seedance2.0,324900,消费,-14.9454,"2026-05-18 16:09:56"
633240,tk-20260518160955-gncaje,MX,seedance2.0,151078,消费,-6.9495,"2026-05-18 16:09:55"
633239,tk-20260518160952-eiyvbc,MX,seedance2.0,324900,消费,-14.9454,"2026-05-18 16:09:52"
633232,tk-20260518160942-82r6b9,MX,seedance2.0,324900,消费,-14.9454,"2026-05-18 16:09:42"
633352,tk-20260518160939-0ta8e3,MX,seedance2.0,87300,消费,-4.0158,"2026-05-18 16:09:39"
633206,tk-20260518160904-rlydsw,MX,seedance2.0,281700,消费,-12.9582,"2026-05-18 16:09:04"
633323,tk-20260518160901-xj4cak,MX,seedance2.0,87300,消费,-4.0158,"2026-05-18 16:09:01"
633050,tk-20260518160849-0skmfj,MX,seedance2.0,216900,消费,-9.9774,"2026-05-18 16:08:49"
633052,tk-20260518160845-574ofu,MX,seedance2.0,324900,消费,-14.9454,"2026-05-18 16:08:45"
633436,tk-20260518160836-wk6v2y,MX,seedance2.0,324900,消费,-14.9454,"2026-05-18 16:08:36"
633042,tk-20260518160835-o5sovc,MX,seedance2.0,324900,消费,-14.9454,"2026-05-18 16:08:35"
633171,tk-20260518160821-3wczo1,MX,seedance2.0,324900,消费,-14.9454,"2026-05-18 16:08:21"
633021,tk-20260518160804-br90hh,MX,seedance2.0,87300,消费,-4.0158,"2026-05-18 16:08:04"
633019,tk-20260518160802-qtqjhx,MX,seedance2.0,238500,消费,-10.9710,"2026-05-18 16:08:02"
633135,tk-20260518160752-jku0te,MX,seedance2.0,324900,消费,-14.9454,"2026-05-18 16:07:52"
633141,tk-20260518160752-3erdpv,MX,seedance2.0,303300,消费,-13.9518,"2026-05-18 16:07:52"
633132,tk-20260518160748-56wrn3,MX,seedance2.0,151078,消费,-6.9495,"2026-05-18 16:07:48"
633129,tk-20260518160743-taawb5,MX,seedance2.0,324900,消费,-14.9454,"2026-05-18 16:07:43"
632968,tk-20260518160638-izr7q9,MX,seedance2.0,216900,消费,-9.9774,"2026-05-18 16:06:38"
632961,tk-20260518160621-p9lo1y,MX,seedance2.0,324900,消费,-14.9454,"2026-05-18 16:06:21"
632951,tk-20260518160617-68r0yp,MX,seedance2.0,260100,消费,-11.9646,"2026-05-18 16:06:17"
632928,tk-20260518160547-ycu4p6,MX,seedance2.0,87300,消费,-4.0158,"2026-05-18 16:05:47"
633043,tk-20260518160540-24ah7d,MX,seedance2.0,324900,消费,-14.9454,"2026-05-18 16:05:40"
633038,tk-20260518160531-5pesr2,MX,seedance2.0,151078,消费,-6.9495,"2026-05-18 16:05:31"
632911,tk-20260518160517-hyfwuu,MX,seedance2.0,324900,消费,-14.9454,"2026-05-18 16:05:17"
633024,tk-20260518160517-r7lc5y,MX,seedance2.0,324900,消费,-14.9454,"2026-05-18 16:05:17"
632907,tk-20260518160512-xf41i1,MX,seedance2.0,324900,消费,-14.9454,"2026-05-18 16:05:12"
633283,tk-20260518160512-jmp561,MX,seedance2.0,152100,消费,-6.9966,"2026-05-18 16:05:12"
633018,tk-20260518160449-2gus6n,MX,seedance2.0,324900,消费,-14.9454,"2026-05-18 16:04:49"
632890,tk-20260518160444-g79kle,MX,seedance2.0,324900,消费,-14.9454,"2026-05-18 16:04:44"
632875,tk-20260518160420-98zlek,MX,seedance2.0,324900,消费,-14.9454,"2026-05-18 16:04:20"
633246,tk-20260518160406-7jr48x,MX,seedance2.0,324900,消费,-14.9454,"2026-05-18 16:04:06"
632866,tk-20260518160404-k7pal6,MX,seedance2.0,108900,消费,-5.0094,"2026-05-18 16:04:04"
632859,tk-20260518160355-3h4zgb,MX,seedance2.0,324900,消费,-14.9454,"2026-05-18 16:03:55"
632974,tk-20260518160345-j332s1,MX,seedance2.0,151078,消费,-6.9495,"2026-05-18 16:03:45"
632967,tk-20260518160340-c3u4q1,MX,seedance2.0,87300,消费,-4.0158,"2026-05-18 16:03:40"
632960,tk-20260518160328-4euxjc,MX,seedance2.0,324900,消费,-14.9454,"2026-05-18 16:03:28"
632825,tk-20260518160302-f7lzsk,MX,seedance2.0,324900,消费,-14.9454,"2026-05-18 16:03:02"
632810,tk-20260518160240-i8aswm,MX,seedance2.0,195300,消费,-8.9838,"2026-05-18 16:02:40"
632808,tk-20260518160231-e06l88,MX,seedance2.0,87300,消费,-4.0158,"2026-05-18 16:02:31"
632801,tk-20260518160220-oqdxjf,MX,seedance2.0,324900,消费,-14.9454,"2026-05-18 16:02:20"
632898,tk-20260518160200-m4h7l8,MX,seedance2.0,324900,消费,-14.9454,"2026-05-18 16:02:00"
632895,tk-20260518160158-ymcsxc,MX,seedance2.0,324900,消费,-14.9454,"2026-05-18 16:01:58"
632784,tk-20260518160152-il5kqi,MX,seedance2.0,324900,消费,-14.9454,"2026-05-18 16:01:52"
632776,tk-20260518160136-uxkuzv,MX,seedance2.0,216900,消费,-9.9774,"2026-05-18 16:01:36"
632765,tk-20260518160129-ib2gyv,MX,seedance2.0,324900,消费,-14.9454,"2026-05-18 16:01:29"
632760,tk-20260518160116-qtusdb,MX,seedance2.0,152100,消费,-6.9966,"2026-05-18 16:01:16"
632863,tk-20260518160107-3x7p53,MX,seedance2.0,151078,消费,-6.9495,"2026-05-18 16:01:07"
632862,tk-20260518160104-q30on5,MX,seedance2.0,324900,消费,-14.9454,"2026-05-18 16:01:04"
632757,tk-20260518160102-w78r59,MX,seedance2.0,87300,消费,-4.0158,"2026-05-18 16:01:02"
632747,tk-20260518160049-mcng08,MX,seedance2.0,87300,消费,-4.0158,"2026-05-18 16:00:49"
632843,tk-20260518160037-2rozbt,MX,seedance2.0,324900,消费,-14.9454,"2026-05-18 16:00:37"
632940,tk-20260518160001-1qttab,MX,seedance2.0,260100,消费,-11.9646,"2026-05-18 16:00:01"
632818,tk-20260518155952-2b8xqs,MX,seedance2.0,324900,消费,-14.9454,"2026-05-18 15:59:52"
632814,tk-20260518155950-5ha7hc,MX,seedance2.0,324900,消费,-14.9454,"2026-05-18 15:59:50"
632700,tk-20260518155946-t088iv,MX,seedance2.0,324900,消费,-14.9454,"2026-05-18 15:59:46"
632695,tk-20260518155942-vlgcmc,MX,seedance2.0,324900,消费,-14.9454,"2026-05-18 15:59:42"
632685,tk-20260518155930-e74ma0,MX,seedance2.0,324900,消费,-14.9454,"2026-05-18 15:59:30"
632686,tk-20260518155930-q0okmx,MX,seedance2.0,152100,消费,-6.9966,"2026-05-18 15:59:30"
632666,tk-20260518155905-mfkjik,MX,seedance2.0,110902,消费,-5.1014,"2026-05-18 15:59:05"
632766,tk-20260518155827-pa4o85,MX,seedance2.0,324900,消费,-14.9454,"2026-05-18 15:58:27"
632636,tk-20260518155823-0mn78a,MX,seedance2.0,324900,消费,-14.9454,"2026-05-18 15:58:23"
632634,tk-20260518155821-a86fuc,MX,seedance2.0,324900,消费,-14.9454,"2026-05-18 15:58:21"
632763,tk-20260518155820-aovilm,MX,seedance2.0,324900,消费,-14.9454,"2026-05-18 15:58:20"
632606,tk-20260518155738-0ouaid,MX,seedance2.0,324900,消费,-14.9454,"2026-05-18 15:57:38"
632596,tk-20260518155728-usf9ju,MX,seedance2.0,324900,消费,-14.9454,"2026-05-18 15:57:28"
632743,tk-20260518155728-fqty17,MX,seedance2.0,324900,消费,-14.9454,"2026-05-18 15:57:28"
632727,tk-20260518155712-o9vugd,MX,seedance2.0,324900,消费,-14.9454,"2026-05-18 15:57:12"
632586,tk-20260518155704-ap55ys,MX,seedance2.0,151078,消费,-6.9495,"2026-05-18 15:57:04"
632715,tk-20260518155653-icv1hl,MX,seedance2.0,324900,消费,-14.9454,"2026-05-18 15:56:53"
632699,tk-20260518155646-6ekfav,MX,seedance2.0,324900,消费,-14.9454,"2026-05-18 15:56:46"
632679,tk-20260518155622-52ko5g,MX,seedance2.0,324900,消费,-14.9454,"2026-05-18 15:56:22"
632675,tk-20260518155614-1queqe,MX,seedance2.0,324900,消费,-14.9454,"2026-05-18 15:56:14"
632792,tk-20260518155605-9pdc31,MX,seedance2.0,238500,消费,-10.9710,"2026-05-18 15:56:05"
632533,tk-20260518155555-g6o6jg,MX,seedance2.0,324900,消费,-14.9454,"2026-05-18 15:55:55"
632656,tk-20260518155553-dtv1yu,MX,seedance2.0,324900,消费,-14.9454,"2026-05-18 15:55:53"
632654,tk-20260518155550-lpzuzf,MX,seedance2.0,324900,消费,-14.9454,"2026-05-18 15:55:50"
632653,tk-20260518155543-bi0yrt,MX,seedance2.0,324900,消费,-14.9454,"2026-05-18 15:55:43"
632646,tk-20260518155530-e1v91k,MX,seedance2.0,324900,消费,-14.9454,"2026-05-18 15:55:30"
632509,tk-20260518155528-dndnge,MX,seedance2.0,87300,消费,-4.0158,"2026-05-18 15:55:28"
632510,tk-20260518155528-gbitim,MX,seedance2.0,151078,消费,-6.9495,"2026-05-18 15:55:28"
632644,tk-20260518155527-q3d7ve,MX,seedance2.0,324900,消费,-14.9454,"2026-05-18 15:55:27"
632631,tk-20260518155513-435svu,MX,seedance2.0,324900,消费,-14.9454,"2026-05-18 15:55:13"
632628,tk-20260518155506-ei95cp,MX,seedance2.0,324900,消费,-14.9454,"2026-05-18 15:55:06"
632620,tk-20260518155500-vt4unk,MX,seedance2.0,324900,消费,-14.9454,"2026-05-18 15:55:00"
632613,tk-20260518155446-q6l1bw,MX,seedance2.0,324900,消费,-14.9454,"2026-05-18 15:54:46"
632612,tk-20260518155435-231v4o,MX,seedance2.0,324900,消费,-14.9454,"2026-05-18 15:54:35"
632590,tk-20260518155415-5i8sk3,MX,seedance2.0,324900,消费,-14.9454,"2026-05-18 15:54:15"
632584,tk-20260518155403-w2a2av,MX,seedance2.0,324900,消费,-14.9454,"2026-05-18 15:54:03"
632714,tk-20260518155400-m38epd,MX,seedance2.0,324900,消费,-14.9454,"2026-05-18 15:54:00"
632575,tk-20260518155359-5j1apn,MX,seedance2.0,324900,消费,-14.9454,"2026-05-18 15:53:59"
632432,tk-20260518155331-uc9qg7,MX,seedance2.0,151078,消费,-6.9495,"2026-05-18 15:53:31"
632545,tk-20260518155311-9ft10y,MX,seedance2.0,324900,消费,-14.9454,"2026-05-18 15:53:11"
632541,tk-20260518155307-oxvxrs,MX,seedance2.0,324900,消费,-14.9454,"2026-05-18 15:53:07"
632539,tk-20260518155301-xsvoxz,MX,seedance2.0,324900,消费,-14.9454,"2026-05-18 15:53:01"
632535,tk-20260518155257-bxti08,MX,seedance2.0,324900,消费,-14.9454,"2026-05-18 15:52:57"
632531,tk-20260518155251-3r2uwh,MX,seedance2.0,324900,消费,-14.9454,"2026-05-18 15:52:51"
632538,tk-20260518155251-rud2u6,MX,seedance2.0,173700,消费,-7.9902,"2026-05-18 15:52:51"
632394,tk-20260518155246-dvcfff,MX,seedance2.0,87300,消费,-4.0158,"2026-05-18 15:52:46"
632392,tk-20260518155242-lckjf4,MX,seedance2.0,152100,消费,-6.9966,"2026-05-18 15:52:42"
632379,tk-20260518155218-mayeij,MX,seedance2.0,324900,消费,-14.9454,"2026-05-18 15:52:18"
632486,tk-20260518155131-tl11f8,MX,seedance2.0,260100,消费,-11.9646,"2026-05-18 15:51:31"
632473,tk-20260518155125-dtamgo,MX,seedance2.0,324900,消费,-14.9454,"2026-05-18 15:51:25"
632484,tk-20260518155125-nu62yj,MX,seedance2.0,324900,消费,-14.9454,"2026-05-18 15:51:25"
632485,tk-20260518155125-37z2il,MX,seedance2.0,324900,消费,-14.9454,"2026-05-18 15:51:25"
632471,tk-20260518155118-nvp3ge,MX,seedance2.0,324900,消费,-14.9454,"2026-05-18 15:51:18"
632465,tk-20260518155113-pq15nz,MX,seedance2.0,324900,消费,-14.9454,"2026-05-18 15:51:13"
632325,tk-20260518155108-wc9oa6,MX,seedance2.0,108900,消费,-5.0094,"2026-05-18 15:51:08"
632458,tk-20260518155106-ek4x2t,MX,seedance2.0,324900,消费,-14.9454,"2026-05-18 15:51:06"
632304,tk-20260518155104-piidri,MX,seedance2.0,151078,消费,-6.9495,"2026-05-18 15:51:04"
632457,tk-20260518155100-jtdclc,MX,seedance2.0,87300,消费,-4.0158,"2026-05-18 15:51:00"
632442,tk-20260518155047-gygckx,MX,seedance2.0,303300,消费,-13.9518,"2026-05-18 15:50:47"
632435,tk-20260518155032-dp907l,MX,seedance2.0,151078,消费,-6.9495,"2026-05-18 15:50:32"
632423,tk-20260518155020-cwln6q,MX,seedance2.0,324900,消费,-14.9454,"2026-05-18 15:50:20"
632262,tk-20260518155011-m05p9y,MX,seedance2.0,152100,消费,-6.9966,"2026-05-18 15:50:11"
632240,tk-20260518154940-gcu1vk,MX,seedance2.0,324900,消费,-14.9454,"2026-05-18 15:49:40"
632391,tk-20260518154940-ks7bxs,MX,seedance2.0,324900,消费,-14.9454,"2026-05-18 15:49:40"
632233,tk-20260518154932-und2ry,MX,seedance2.0,173700,消费,-7.9902,"2026-05-18 15:49:32"
632377,tk-20260518154918-hop4z1,MX,seedance2.0,324900,消费,-14.9454,"2026-05-18 15:49:18"
632386,tk-20260518154918-qok93b,MX,seedance2.0,173700,消费,-7.9902,"2026-05-18 15:49:18"
632350,tk-20260518154853-071uri,MX,seedance2.0,324900,消费,-14.9454,"2026-05-18 15:48:53"
632193,tk-20260518154847-k4253i,MX,seedance2.0,324900,消费,-14.9454,"2026-05-18 15:48:47"
632344,tk-20260518154839-8tvt5e,MX,seedance2.0,324900,消费,-14.9454,"2026-05-18 15:48:39"
632343,tk-20260518154837-d8ht63,MX,seedance2.0,324900,消费,-14.9454,"2026-05-18 15:48:37"
632339,tk-20260518154828-emfgmo,MX,seedance2.0,130990,消费,-6.0255,"2026-05-18 15:48:28"
632326,tk-20260518154818-1urrsk,MX,seedance2.0,173700,消费,-7.9902,"2026-05-18 15:48:18"
632161,tk-20260518154811-i5mv2z,MX,seedance2.0,151078,消费,-6.9495,"2026-05-18 15:48:11"
632160,tk-20260518154808-val44n,MX,seedance2.0,324900,消费,-14.9454,"2026-05-18 15:48:08"
632314,tk-20260518154804-mwm1s4,MX,seedance2.0,324900,消费,-14.9454,"2026-05-18 15:48:04"
632313,tk-20260518154759-jkhlt5,MX,seedance2.0,216900,消费,-9.9774,"2026-05-18 15:47:59"
632300,tk-20260518154758-6hrn17,MX,seedance2.0,324900,消费,-14.9454,"2026-05-18 15:47:58"
632299,tk-20260518154755-359x3e,MX,seedance2.0,324900,消费,-14.9454,"2026-05-18 15:47:55"
632292,tk-20260518154749-0ezc3j,MX,seedance2.0,260100,消费,-11.9646,"2026-05-18 15:47:49"
632295,tk-20260518154743-u7vhiq,MX,seedance2.0,130990,消费,-6.0255,"2026-05-18 15:47:43"
632254,tk-20260518154648-nc8q4w,MX,seedance2.0,151078,消费,-6.9495,"2026-05-18 15:46:48"
632250,tk-20260518154645-45tgka,MX,seedance2.0,173700,消费,-7.9902,"2026-05-18 15:46:45"
632243,tk-20260518154636-h4bvz3,MX,seedance2.0,195300,消费,-8.9838,"2026-05-18 15:46:36"
632083,tk-20260518154628-pmp80f,MX,seedance2.0,130500,消费,-6.0030,"2026-05-18 15:46:28"
632229,tk-20260518154624-9avzr4,MX,seedance2.0,324900,消费,-14.9454,"2026-05-18 15:46:24"
632075,tk-20260518154622-easvtw,MX,seedance2.0,151078,消费,-6.9495,"2026-05-18 15:46:22"
632220,tk-20260518154620-kqj25o,MX,seedance2.0,324900,消费,-14.9454,"2026-05-18 15:46:20"
632212,tk-20260518154610-1oiglo,MX,seedance2.0,324900,消费,-14.9454,"2026-05-18 15:46:10"
632211,tk-20260518154606-g6a6sq,MX,seedance2.0,195300,消费,-8.9838,"2026-05-18 15:46:06"
632197,tk-20260518154554-k2e1lb,MX,seedance2.0,324900,消费,-14.9454,"2026-05-18 15:45:54"
632056,tk-20260518154551-3xv175,MX,seedance2.0,216900,消费,-9.9774,"2026-05-18 15:45:51"
632346,tk-20260518154545-asj0xl,MX,seedance2.0,324900,消费,-14.9454,"2026-05-18 15:45:45"
632187,tk-20260518154539-xz9g11,MX,seedance2.0,324900,消费,-14.9454,"2026-05-18 15:45:39"
632186,tk-20260518154538-w1dmtu,MX,seedance2.0,216900,消费,-9.9774,"2026-05-18 15:45:38"
632170,tk-20260518154514-21eqi0,MX,seedance2.0,324900,消费,-14.9454,"2026-05-18 15:45:14"
632157,tk-20260518154506-vv4m55,MX,seedance2.0,324900,消费,-14.9454,"2026-05-18 15:45:06"
632297,tk-20260518154453-cy7mk2,MX,seedance2.0,324900,消费,-14.9454,"2026-05-18 15:44:53"
632005,tk-20260518154452-js1epa,MX,seedance2.0,324900,消费,-14.9454,"2026-05-18 15:44:52"
632135,tk-20260518154442-s9gdt0,MX,seedance2.0,324900,消费,-14.9454,"2026-05-18 15:44:42"
632129,tk-20260518154430-n9780b,MX,seedance2.0,324900,消费,-14.9454,"2026-05-18 15:44:30"
632128,tk-20260518154429-sqtb6n,MX,seedance2.0,324900,消费,-14.9454,"2026-05-18 15:44:29"
631989,tk-20260518154422-3ke4jv,MX,seedance2.0,324900,消费,-14.9454,"2026-05-18 15:44:22"
632102,tk-20260518154350-3wnpds,MX,seedance2.0,324900,消费,-14.9454,"2026-05-18 15:43:50"
632100,tk-20260518154348-bz82tb,MX,seedance2.0,173700,消费,-7.9902,"2026-05-18 15:43:48"
632093,tk-20260518154339-1bbl3z,MX,seedance2.0,324900,消费,-14.9454,"2026-05-18 15:43:39"
632091,tk-20260518154338-awysmf,MX,seedance2.0,324900,消费,-14.9454,"2026-05-18 15:43:38"
632074,tk-20260518154321-r5c13g,MX,seedance2.0,324900,消费,-14.9454,"2026-05-18 15:43:21"
631944,tk-20260518154315-pguiny,MX,seedance2.0,108900,消费,-5.0094,"2026-05-18 15:43:15"
632066,tk-20260518154306-dzv9g5,MX,seedance2.0,151078,消费,-6.9495,"2026-05-18 15:43:06"
632058,tk-20260518154251-acwmyy,MX,seedance2.0,303300,消费,-13.9518,"2026-05-18 15:42:51"
631909,tk-20260518154240-ylzt9e,MX,seedance2.0,324900,消费,-14.9454,"2026-05-18 15:42:40"
632029,tk-20260518154211-84wviw,MX,seedance2.0,324900,消费,-14.9454,"2026-05-18 15:42:11"
632012,tk-20260518154159-8am7rq,MX,seedance2.0,324900,消费,-14.9454,"2026-05-18 15:41:59"
632009,tk-20260518154157-x49df5,MX,seedance2.0,324900,消费,-14.9454,"2026-05-18 15:41:57"
631870,tk-20260518154142-uy53w8,MX,seedance2.0,324900,消费,-14.9454,"2026-05-18 15:41:42"
631995,tk-20260518154133-ai3kh1,MX,seedance2.0,324900,消费,-14.9454,"2026-05-18 15:41:33"
631865,tk-20260518154116-op0k6m,MX,seedance2.0,87300,消费,-4.0158,"2026-05-18 15:41:16"
631846,tk-20260518154111-ltj7d3,MX,seedance2.0,324900,消费,-14.9454,"2026-05-18 15:41:11"
631841,tk-20260518154108-tnfq8y,MX,seedance2.0,260100,消费,-11.9646,"2026-05-18 15:41:08"
631978,tk-20260518154051-nsioxz,MX,seedance2.0,281700,消费,-12.9582,"2026-05-18 15:40:51"
631970,tk-20260518154049-xvdmcb,MX,seedance2.0,324900,消费,-14.9454,"2026-05-18 15:40:49"
631967,tk-20260518154038-bbliag,MX,seedance2.0,324900,消费,-14.9454,"2026-05-18 15:40:38"
631952,tk-20260518154013-51eon0,MX,seedance2.0,324900,消费,-14.9454,"2026-05-18 15:40:13"
631803,tk-20260518154008-hfm7mm,MX,seedance2.0,324900,消费,-14.9454,"2026-05-18 15:40:08"
631905,tk-20260518153937-h6p2go,MX,seedance2.0,324900,消费,-14.9454,"2026-05-18 15:39:37"
631890,tk-20260518153918-pbjw0o,MX,seedance2.0,324900,消费,-14.9454,"2026-05-18 15:39:18"
631889,tk-20260518153911-vrfu0q,MX,seedance2.0,151078,消费,-6.9495,"2026-05-18 15:39:11"
631883,tk-20260518153905-wxazn5,MX,seedance2.0,324900,消费,-14.9454,"2026-05-18 15:39:05"
631750,tk-20260518153853-sgrfql,MX,seedance2.0,152100,消费,-6.9966,"2026-05-18 15:38:53"
631751,tk-20260518153853-isquvc,MX,seedance2.0,324900,消费,-14.9454,"2026-05-18 15:38:53"
631874,tk-20260518153846-5ijj3i,MX,seedance2.0,324900,消费,-14.9454,"2026-05-18 15:38:46"
631864,tk-20260518153832-ydazbd,MX,seedance2.0,324900,消费,-14.9454,"2026-05-18 15:38:32"
631850,tk-20260518153815-yn9wfh,MX,seedance2.0,324900,消费,-14.9454,"2026-05-18 15:38:15"
631725,tk-20260518153804-wxysfy,MX,seedance2.0,87300,消费,-4.0158,"2026-05-18 15:38:04"
631845,tk-20260518153804-m264rd,MX,seedance2.0,216900,消费,-9.9774,"2026-05-18 15:38:04"
631836,tk-20260518153756-b3cg0u,MX,seedance2.0,324900,消费,-14.9454,"2026-05-18 15:37:56"
631715,tk-20260518153750-00qpdw,MX,seedance2.0,87300,消费,-4.0158,"2026-05-18 15:37:50"
631826,tk-20260518153732-13jrkd,MX,seedance2.0,324900,消费,-14.9454,"2026-05-18 15:37:32"
631814,tk-20260518153722-7g2ix0,MX,seedance2.0,324900,消费,-14.9454,"2026-05-18 15:37:22"
631699,tk-20260518153721-sdiazz,MX,seedance2.0,87300,消费,-4.0158,"2026-05-18 15:37:21"
631807,tk-20260518153717-mjj5iy,MX,seedance2.0,324900,消费,-14.9454,"2026-05-18 15:37:17"
631806,tk-20260518153713-uwop27,MX,seedance2.0,324900,消费,-14.9454,"2026-05-18 15:37:13"
631567,tk-20260518153657-rjnug5,MX,seedance2.0,87300,消费,-4.0158,"2026-05-18 15:36:57"
631682,tk-20260518153654-v55fls,MX,seedance2.0,87300,消费,-4.0158,"2026-05-18 15:36:54"
631780,tk-20260518153630-dr0ify,MX,seedance2.0,324900,消费,-14.9454,"2026-05-18 15:36:30"
631666,tk-20260518153625-dpzkbt,MX,seedance2.0,324900,消费,-14.9454,"2026-05-18 15:36:25"
631665,tk-20260518153622-i3r0lx,MX,seedance2.0,87300,消费,-4.0158,"2026-05-18 15:36:22"
631541,tk-20260518153618-63hwt3,MX,seedance2.0,87300,消费,-4.0158,"2026-05-18 15:36:18"
631774,tk-20260518153611-jbbypc,MX,seedance2.0,260100,消费,-11.9646,"2026-05-18 15:36:11"
631643,tk-20260518153548-4y5dbb,MX,seedance2.0,324900,消费,-14.9454,"2026-05-18 15:35:48"
631743,tk-20260518153540-n8b5es,MX,seedance2.0,324900,消费,-14.9454,"2026-05-18 15:35:40"
631612,tk-20260518153504-1rcokg,MX,seedance2.0,151078,消费,-6.9495,"2026-05-18 15:35:04"
631833,tk-20260518153450-ua3t7t,MX,seedance2.0,324900,消费,-14.9454,"2026-05-18 15:34:50"
631602,tk-20260518153448-rbwlwr,MX,seedance2.0,324900,消费,-14.9454,"2026-05-18 15:34:48"
631713,tk-20260518153443-p7yu9a,MX,seedance2.0,173700,消费,-7.9902,"2026-05-18 15:34:43"
631583,tk-20260518153419-zsk6ba,MX,seedance2.0,108900,消费,-5.0094,"2026-05-18 15:34:19"
632073,tk-20260518153414-7ladnj,MX,seedance2.0,324900,消费,-14.9454,"2026-05-18 15:34:14"
631937,tk-20260518153409-hnz6b6,MX,seedance2.0,130500,消费,-6.0030,"2026-05-18 15:34:09"
631691,tk-20260518153356-1778jg,MX,seedance2.0,324900,消费,-14.9454,"2026-05-18 15:33:56"
631686,tk-20260518153345-zv83ac,MX,seedance2.0,324900,消费,-14.9454,"2026-05-18 15:33:45"
631678,tk-20260518153336-oaztir,MX,seedance2.0,324900,消费,-14.9454,"2026-05-18 15:33:36"
631532,tk-20260518153305-clgaj2,MX,seedance2.0,87300,消费,-4.0158,"2026-05-18 15:33:05"
631650,tk-20260518153302-i7g2z2,MX,seedance2.0,87300,消费,-4.0158,"2026-05-18 15:33:02"
631506,tk-20260518153238-9fn0dd,MX,seedance2.0,324900,消费,-14.9454,"2026-05-18 15:32:38"
631640,tk-20260518153237-xnxmb4,MX,seedance2.0,324900,消费,-14.9454,"2026-05-18 15:32:37"
631633,tk-20260518153235-y47rjd,MX,seedance2.0,151078,消费,-6.9495,"2026-05-18 15:32:35"
631499,tk-20260518153230-172qbz,MX,seedance2.0,324900,消费,-14.9454,"2026-05-18 15:32:30"
631629,tk-20260518153230-quu47f,MX,seedance2.0,324900,消费,-14.9454,"2026-05-18 15:32:30"
631624,tk-20260518153224-1tuzxj,MX,seedance2.0,108900,消费,-5.0094,"2026-05-18 15:32:24"
631618,tk-20260518153202-ldsx08,MX,seedance2.0,324900,消费,-14.9454,"2026-05-18 15:32:02"
631484,tk-20260518153159-ngudv0,MX,seedance2.0,324900,消费,-14.9454,"2026-05-18 15:31:59"
631596,tk-20260518153135-qte0xo,MX,seedance2.0,324900,消费,-14.9454,"2026-05-18 15:31:35"
631578,tk-20260518153106-b85pn2,MX,seedance2.0,324900,消费,-14.9454,"2026-05-18 15:31:06"
631438,tk-20260518153056-70mr0t,MX,seedance2.0,108900,消费,-5.0094,"2026-05-18 15:30:56"
631435,tk-20260518153047-quxoua,MX,seedance2.0,151078,消费,-6.9495,"2026-05-18 15:30:47"
631684,tk-20260518153046-dbjq8w,MX,seedance2.0,324900,消费,-14.9454,"2026-05-18 15:30:46"
631556,tk-20260518153035-jf45vt,MX,seedance2.0,130500,消费,-6.0030,"2026-05-18 15:30:35"
631539,tk-20260518153005-dz7lmc,MX,seedance2.0,324900,消费,-14.9454,"2026-05-18 15:30:05"
631509,tk-20260518152940-z9oofb,MX,seedance2.0,260100,消费,-11.9646,"2026-05-18 15:29:40"
631379,tk-20260518152914-5b2lit,MX,seedance2.0,173700,消费,-7.9902,"2026-05-18 15:29:14"
631488,tk-20260518152910-ow0em1,MX,seedance2.0,324900,消费,-14.9454,"2026-05-18 15:29:10"
631364,tk-20260518152902-x1m74q,MX,seedance2.0,324900,消费,-14.9454,"2026-05-18 15:29:02"
631487,tk-20260518152900-3z6yqg,MX,seedance2.0,324900,消费,-14.9454,"2026-05-18 15:29:00"
631475,tk-20260518152843-501sex,MX,seedance2.0,324900,消费,-14.9454,"2026-05-18 15:28:43"
631445,tk-20260518152804-3pbrw8,MX,seedance2.0,324900,消费,-14.9454,"2026-05-18 15:28:04"
631429,tk-20260518152733-0q5udw,MX,seedance2.0,152100,消费,-6.9966,"2026-05-18 15:27:33"
631289,tk-20260518152710-ul1fik,MX,seedance2.0,152100,消费,-6.9966,"2026-05-18 15:27:11"
631273,tk-20260518152643-r2jgc7,MX,seedance2.0,130500,消费,-6.0030,"2026-05-18 15:26:43"
631385,tk-20260518152630-3zpxyl,MX,seedance2.0,151078,消费,-6.9495,"2026-05-18 15:26:30"
631387,tk-20260518152630-oy5n90,MX,seedance2.0,324900,消费,-14.9454,"2026-05-18 15:26:30"
631384,tk-20260518152616-lipscj,MX,seedance2.0,324900,消费,-14.9454,"2026-05-18 15:26:16"
631368,tk-20260518152612-bv2g3u,MX,seedance2.0,324900,消费,-14.9454,"2026-05-18 15:26:12"
631236,tk-20260518152606-193na1,MX,seedance2.0,324900,消费,-14.9454,"2026-05-18 15:26:06"
631231,tk-20260518152558-hbukga,MX,seedance2.0,173700,消费,-7.9902,"2026-05-18 15:25:58"
631353,tk-20260518152550-pwuyfk,MX,seedance2.0,324900,消费,-14.9454,"2026-05-18 15:25:50"
631352,tk-20260518152548-0jbtjl,MX,seedance2.0,324900,消费,-14.9454,"2026-05-18 15:25:48"
631224,tk-20260518152545-sch7z6,MX,seedance2.0,324900,消费,-14.9454,"2026-05-18 15:25:45"
631218,tk-20260518152538-i6kr1u,MX,seedance2.0,260100,消费,-11.9646,"2026-05-18 15:25:38"
631345,tk-20260518152532-xzd9qb,MX,seedance2.0,324900,消费,-14.9454,"2026-05-18 15:25:32"
631309,tk-20260518152440-dkhx1s,MX,seedance2.0,324900,消费,-14.9454,"2026-05-18 15:24:40"
631310,tk-20260518152440-f59bbm,MX,seedance2.0,152100,消费,-6.9966,"2026-05-18 15:24:40"
631288,tk-20260518152406-m158ad,MX,seedance2.0,108900,消费,-5.0094,"2026-05-18 15:24:06"
631280,tk-20260518152356-bn30g7,MX,seedance2.0,324900,消费,-14.9454,"2026-05-18 15:23:56"
631143,tk-20260518152338-aypgqt,MX,seedance2.0,108900,消费,-5.0094,"2026-05-18 15:23:38"
631141,tk-20260518152335-xuea83,MX,seedance2.0,130500,消费,-6.0030,"2026-05-18 15:23:35"
631272,tk-20260518152334-l111p4,MX,seedance2.0,151078,消费,-6.9495,"2026-05-18 15:23:34"
631259,tk-20260518152328-76yeex,MX,seedance2.0,324900,消费,-14.9454,"2026-05-18 15:23:28"
631136,tk-20260518152325-5wqk02,MX,seedance2.0,130500,消费,-6.0030,"2026-05-18 15:23:25"
631252,tk-20260518152316-x4uq8t,MX,seedance2.0,324900,消费,-14.9454,"2026-05-18 15:23:16"
631244,tk-20260518152312-2euu83,MX,seedance2.0,324900,消费,-14.9454,"2026-05-18 15:23:12"
631245,tk-20260518152307-hx8xg0,MX,seedance2.0,324900,消费,-14.9454,"2026-05-18 15:23:07"
631126,tk-20260518152301-698de2,MX,seedance2.0,216900,消费,-9.9774,"2026-05-18 15:23:01"
631112,tk-20260518152239-kx0p5e,MX,seedance2.0,152100,消费,-6.9966,"2026-05-18 15:22:39"
631106,tk-20260518152237-m0ii50,MX,seedance2.0,87300,消费,-4.0158,"2026-05-18 15:22:37"
631205,tk-20260518152219-vaaiq6,MX,seedance2.0,324900,消费,-14.9454,"2026-05-18 15:22:19"
631203,tk-20260518152214-2u6tgz,MX,seedance2.0,324900,消费,-14.9454,"2026-05-18 15:22:14"
631093,tk-20260518152212-d6agqp,MX,seedance2.0,87300,消费,-4.0158,"2026-05-18 15:22:12"
631204,tk-20260518152211-in8zfw,MX,seedance2.0,324900,消费,-14.9454,"2026-05-18 15:22:11"
631189,tk-20260518152137-t5h7yk,MX,seedance2.0,324900,消费,-14.9454,"2026-05-18 15:21:37"
631182,tk-20260518152135-80kfm1,MX,seedance2.0,324900,消费,-14.9454,"2026-05-18 15:21:35"
631062,tk-20260518152116-mg9m2v,MX,seedance2.0,87300,消费,-4.0158,"2026-05-18 15:21:16"
631051,tk-20260518152110-up9hii,MX,seedance2.0,324900,消费,-14.9454,"2026-05-18 15:21:10"
631165,tk-20260518152108-31ph5u,MX,seedance2.0,324900,消费,-14.9454,"2026-05-18 15:21:08"
631048,tk-20260518152104-ee3img,MX,seedance2.0,324900,消费,-14.9454,"2026-05-18 15:21:04"
631030,tk-20260518152045-4bw1ry,MX,seedance2.0,324900,消费,-14.9454,"2026-05-18 15:20:45"
631140,tk-20260518152034-m53m40,MX,seedance2.0,281700,消费,-12.9582,"2026-05-18 15:20:34"
631138,tk-20260518152031-v16q5q,MX,seedance2.0,281700,消费,-12.9582,"2026-05-18 15:20:31"
631010,tk-20260518152013-ictcj7,MX,seedance2.0,108900,消费,-5.0094,"2026-05-18 15:20:13"
631131,tk-20260518152010-ge8jvz,MX,seedance2.0,324900,消费,-14.9454,"2026-05-18 15:20:10"
631127,tk-20260518151956-v540i0,MX,seedance2.0,324900,消费,-14.9454,"2026-05-18 15:19:56"
631116,tk-20260518151948-ysdjo1,MX,seedance2.0,195300,消费,-8.9838,"2026-05-18 15:19:48"
630976,tk-20260518151939-u3supk,MX,seedance2.0,324900,消费,-14.9454,"2026-05-18 15:19:39"
630974,tk-20260518151938-20sa55,MX,seedance2.0,324900,消费,-14.9454,"2026-05-18 15:19:38"
631105,tk-20260518151936-0l0up3,MX,seedance2.0,324900,消费,-14.9454,"2026-05-18 15:19:36"
630981,tk-20260518151933-fsqy4a,MX,seedance2.0,130500,消费,-6.0030,"2026-05-18 15:19:33"
631099,tk-20260518151927-n3152i,MX,seedance2.0,324900,消费,-14.9454,"2026-05-18 15:19:27"
630963,tk-20260518151920-66qs29,MX,seedance2.0,87300,消费,-4.0158,"2026-05-18 15:19:20"
631086,tk-20260518151908-weyvkj,MX,seedance2.0,324900,消费,-14.9454,"2026-05-18 15:19:08"
631085,tk-20260518151902-gdhkk5,MX,seedance2.0,216900,消费,-9.9774,"2026-05-18 15:19:02"
630943,tk-20260518151853-7t2yzb,MX,seedance2.0,324900,消费,-14.9454,"2026-05-18 15:18:53"
631072,tk-20260518151832-pfruhl,MX,seedance2.0,324900,消费,-14.9454,"2026-05-18 15:18:32"
631070,tk-20260518151831-1t1vd7,MX,seedance2.0,324900,消费,-14.9454,"2026-05-18 15:18:31"
631069,tk-20260518151830-6u3jlr,MX,seedance2.0,324900,消费,-14.9454,"2026-05-18 15:18:30"
630933,tk-20260518151827-7kz8lp,MX,seedance2.0,130500,消费,-6.0030,"2026-05-18 15:18:27"
631058,tk-20260518151819-yfaqy9,MX,seedance2.0,195300,消费,-8.9838,"2026-05-18 15:18:19"
630911,tk-20260518151808-q8ra1o,MX,seedance2.0,108900,消费,-5.0094,"2026-05-18 15:18:08"
631049,tk-20260518151805-h31jyu,MX,seedance2.0,216900,消费,-9.9774,"2026-05-18 15:18:05"
631040,tk-20260518151754-9r94y4,MX,seedance2.0,324900,消费,-14.9454,"2026-05-18 15:17:54"
630894,tk-20260518151742-c1j0jm,MX,seedance2.0,324900,消费,-14.9454,"2026-05-18 15:17:42"
631029,tk-20260518151740-va2m03,MX,seedance2.0,324900,消费,-14.9454,"2026-05-18 15:17:40"
631026,tk-20260518151737-r42j5k,MX,seedance2.0,324900,消费,-14.9454,"2026-05-18 15:17:37"
630884,tk-20260518151731-mqotv4,MX,seedance2.0,130500,消费,-6.0030,"2026-05-18 15:17:31"
631017,tk-20260518151728-ijs7lo,MX,seedance2.0,324900,消费,-14.9454,"2026-05-18 15:17:28"
631016,tk-20260518151727-tg5obs,MX,seedance2.0,324900,消费,-14.9454,"2026-05-18 15:17:27"
630869,tk-20260518151703-hs88dz,MX,seedance2.0,130500,消费,-6.0030,"2026-05-18 15:17:03"
631003,tk-20260518151656-j4elqy,MX,seedance2.0,324900,消费,-14.9454,"2026-05-18 15:16:56"
630997,tk-20260518151655-62211q,MX,seedance2.0,281700,消费,-12.9582,"2026-05-18 15:16:55"
630991,tk-20260518151648-cbvkcu,MX,seedance2.0,260100,消费,-11.9646,"2026-05-18 15:16:48"
630990,tk-20260518151644-t1o0j2,MX,seedance2.0,152100,消费,-6.9966,"2026-05-18 15:16:44"
630977,tk-20260518151640-8smf7j,MX,seedance2.0,260100,消费,-11.9646,"2026-05-18 15:16:40"
630849,tk-20260518151637-sobmgg,MX,seedance2.0,173700,消费,-7.9902,"2026-05-18 15:16:37"
630949,tk-20260518151558-r57a7x,MX,seedance2.0,324900,消费,-14.9454,"2026-05-18 15:15:58"
630821,tk-20260518151551-5tev3f,MX,seedance2.0,87300,消费,-4.0158,"2026-05-18 15:15:51"
630942,tk-20260518151541-73sxx0,MX,seedance2.0,324900,消费,-14.9454,"2026-05-18 15:15:41"
630936,tk-20260518151533-s7kg38,MX,seedance2.0,324900,消费,-14.9454,"2026-05-18 15:15:33"
630935,tk-20260518151531-8thc3o,MX,seedance2.0,324900,消费,-14.9454,"2026-05-18 15:15:31"
630909,tk-20260518151501-06z3ar,MX,seedance2.0,324900,消费,-14.9454,"2026-05-18 15:15:01"
630898,tk-20260518151449-8f49ib,MX,seedance2.0,216900,消费,-9.9774,"2026-05-18 15:14:49"
630895,tk-20260518151442-32m4ls,MX,seedance2.0,151078,消费,-6.9495,"2026-05-18 15:14:42"
630890,tk-20260518151438-2cgxwk,MX,seedance2.0,324900,消费,-14.9454,"2026-05-18 15:14:38"
630888,tk-20260518151436-k21psg,MX,seedance2.0,324900,消费,-14.9454,"2026-05-18 15:14:36"
630733,tk-20260518151354-a25h58,MX,seedance2.0,87300,消费,-4.0158,"2026-05-18 15:13:54"
630860,tk-20260518151352-kdotys,MX,seedance2.0,324900,消费,-14.9454,"2026-05-18 15:13:52"
630861,tk-20260518151352-mpnrcb,MX,seedance2.0,324900,消费,-14.9454,"2026-05-18 15:13:52"
631483,tk-20260518151350-phi39i,MX,seedance2.0,324900,消费,-14.9454,"2026-05-18 15:13:50"
630859,tk-20260518151348-sn9j4s,MX,seedance2.0,324900,消费,-14.9454,"2026-05-18 15:13:48"
630858,tk-20260518151345-v79bme,MX,seedance2.0,151078,消费,-6.9495,"2026-05-18 15:13:45"
630852,tk-20260518151333-7opjo2,MX,seedance2.0,151078,消费,-6.9495,"2026-05-18 15:13:33"
630846,tk-20260518151330-14qfy3,MX,seedance2.0,303300,消费,-13.9518,"2026-05-18 15:13:30"
630720,tk-20260518151322-o3yiie,MX,seedance2.0,151078,消费,-6.9495,"2026-05-18 15:13:22"
630845,tk-20260518151322-gkh8vb,MX,seedance2.0,324900,消费,-14.9454,"2026-05-18 15:13:22"
630713,tk-20260518151319-gkusu6,MX,seedance2.0,324900,消费,-14.9454,"2026-05-18 15:13:19"
630837,tk-20260518151316-nu59tz,MX,seedance2.0,324900,消费,-14.9454,"2026-05-18 15:13:16"
631455,tk-20260518151313-frk99v,MX,seedance2.0,324900,消费,-14.9454,"2026-05-18 15:13:13"
630830,tk-20260518151309-w2igo2,MX,seedance2.0,324900,消费,-14.9454,"2026-05-18 15:13:09"
630703,tk-20260518151307-r8m4lb,MX,seedance2.0,151078,消费,-6.9495,"2026-05-18 15:13:07"
630829,tk-20260518151306-y0q0gu,MX,seedance2.0,324900,消费,-14.9454,"2026-05-18 15:13:06"
630825,tk-20260518151304-lqam72,MX,seedance2.0,324900,消费,-14.9454,"2026-05-18 15:13:04"
630823,tk-20260518151259-57n4y5,MX,seedance2.0,324900,消费,-14.9454,"2026-05-18 15:12:59"
630695,tk-20260518151251-s0u334,MX,seedance2.0,152100,消费,-6.9966,"2026-05-18 15:12:51"
630818,tk-20260518151250-qnecm1,MX,seedance2.0,324900,消费,-14.9454,"2026-05-18 15:12:50"
630817,tk-20260518151247-633eew,MX,seedance2.0,151078,消费,-6.9495,"2026-05-18 15:12:47"
630684,tk-20260518151243-teddff,MX,seedance2.0,87300,消费,-4.0158,"2026-05-18 15:12:43"
630678,tk-20260518151238-br6plu,MX,seedance2.0,216900,消费,-9.9774,"2026-05-18 15:12:38"
630806,tk-20260518151234-oob7m6,MX,seedance2.0,173700,消费,-7.9902,"2026-05-18 15:12:34"
630794,tk-20260518151219-68kvba,MX,seedance2.0,324900,消费,-14.9454,"2026-05-18 15:12:19"
630791,tk-20260518151217-zkib7a,MX,seedance2.0,216900,消费,-9.9774,"2026-05-18 15:12:17"
630793,tk-20260518151216-r7oklr,MX,seedance2.0,216900,消费,-9.9774,"2026-05-18 15:12:16"
630792,tk-20260518151212-t57x5x,MX,seedance2.0,324900,消费,-14.9454,"2026-05-18 15:12:12"
630786,tk-20260518151205-r6kmr5,MX,seedance2.0,151078,消费,-6.9495,"2026-05-18 15:12:05"
630785,tk-20260518151204-h95rh1,MX,seedance2.0,324900,消费,-14.9454,"2026-05-18 15:12:04"
630654,tk-20260518151156-85cx1n,MX,seedance2.0,87300,消费,-4.0158,"2026-05-18 15:11:56"
630656,tk-20260518151155-c33mug,MX,seedance2.0,152100,消费,-6.9966,"2026-05-18 15:11:55"
630652,tk-20260518151151-hb8t2g,MX,seedance2.0,216900,消费,-9.9774,"2026-05-18 15:11:51"
630649,tk-20260518151149-j3wou0,MX,seedance2.0,173700,消费,-7.9902,"2026-05-18 15:11:49"
630767,tk-20260518151146-8aqy21,MX,seedance2.0,324900,消费,-14.9454,"2026-05-18 15:11:46"
630766,tk-20260518151145-yi01z6,MX,seedance2.0,324900,消费,-14.9454,"2026-05-18 15:11:45"
630763,tk-20260518151139-3q5hax,MX,seedance2.0,324900,消费,-14.9454,"2026-05-18 15:11:39"
630759,tk-20260518151122-swkge0,MX,seedance2.0,151078,消费,-6.9495,"2026-05-18 15:11:22"
630627,tk-20260518151116-pqzsnz,MX,seedance2.0,108900,消费,-5.0094,"2026-05-18 15:11:16"
630731,tk-20260518151046-nq4i74,MX,seedance2.0,260100,消费,-11.9646,"2026-05-18 15:10:46"
630596,tk-20260518151038-f86ce1,MX,seedance2.0,216900,消费,-9.9774,"2026-05-18 15:10:38"
630729,tk-20260518151032-nw3org,MX,seedance2.0,87300,消费,-4.0158,"2026-05-18 15:10:32"
630594,tk-20260518151029-8kak1x,MX,seedance2.0,87300,消费,-4.0158,"2026-05-18 15:10:29"
630724,tk-20260518151022-hu6w8c,MX,seedance2.0,238500,消费,-10.9710,"2026-05-18 15:10:22"
630719,tk-20260518151020-1gjfjg,MX,seedance2.0,324900,消费,-14.9454,"2026-05-18 15:10:20"
630583,tk-20260518151017-55bqiq,MX,seedance2.0,324900,消费,-14.9454,"2026-05-18 15:10:17"
630718,tk-20260518151017-gwp3si,MX,seedance2.0,324900,消费,-14.9454,"2026-05-18 15:10:17"
630717,tk-20260518151014-bzooyn,MX,seedance2.0,216900,消费,-9.9774,"2026-05-18 15:10:14"
630571,tk-20260518151001-31y728,MX,seedance2.0,130500,消费,-6.0030,"2026-05-18 15:10:01"
630565,tk-20260518150955-mzyoxj,MX,seedance2.0,152100,消费,-6.9966,"2026-05-18 15:09:55"
630691,tk-20260518150947-dvs6pq,MX,seedance2.0,216900,消费,-9.9774,"2026-05-18 15:09:47"
630560,tk-20260518150943-dj6y58,MX,seedance2.0,151078,消费,-6.9495,"2026-05-18 15:09:43"
630690,tk-20260518150942-5tt248,MX,seedance2.0,87300,消费,-4.0158,"2026-05-18 15:09:42"
630680,tk-20260518150935-yjsqti,MX,seedance2.0,324900,消费,-14.9454,"2026-05-18 15:09:35"
630664,tk-20260518150917-dcljnu,MX,seedance2.0,324900,消费,-14.9454,"2026-05-18 15:09:17"
630544,tk-20260518150914-c9j32m,MX,seedance2.0,195300,消费,-8.9838,"2026-05-18 15:09:14"
630657,tk-20260518150904-uuibxz,MX,seedance2.0,151078,消费,-6.9495,"2026-05-18 15:09:04"
630414,tk-20260518150903-tjy2cn,MX,seedance2.0,216900,消费,-9.9774,"2026-05-18 15:09:03"
630757,tk-20260518150822-mnue25,MX,seedance2.0,324900,消费,-14.9454,"2026-05-18 15:08:22"
630499,tk-20260518150818-pt56k8,MX,seedance2.0,130500,消费,-6.0030,"2026-05-18 15:08:18"
630628,tk-20260518150817-jasn4s,MX,seedance2.0,324900,消费,-14.9454,"2026-05-18 15:08:17"
630492,tk-20260518150814-oedk1v,MX,seedance2.0,324900,消费,-14.9454,"2026-05-18 15:08:14"
630626,tk-20260518150812-e9lg3v,MX,seedance2.0,324900,消费,-14.9454,"2026-05-18 15:08:12"
630485,tk-20260518150805-md9bib,MX,seedance2.0,324900,消费,-14.9454,"2026-05-18 15:08:05"
630480,tk-20260518150757-v52r3o,MX,seedance2.0,216900,消费,-9.9774,"2026-05-18 15:07:57"
630615,tk-20260518150754-uqxve8,MX,seedance2.0,87300,消费,-4.0158,"2026-05-18 15:07:54"
630600,tk-20260518150735-rtyiyj,MX,seedance2.0,151078,消费,-6.9495,"2026-05-18 15:07:35"
630452,tk-20260518150715-ucbdqm,MX,seedance2.0,324900,消费,-14.9454,"2026-05-18 15:07:15"
630579,tk-20260518150707-2j6e84,MX,seedance2.0,324900,消费,-14.9454,"2026-05-18 15:07:07"
630578,tk-20260518150704-2eg08w,MX,seedance2.0,151078,消费,-6.9495,"2026-05-18 15:07:04"
630439,tk-20260518150650-q03ky0,MX,seedance2.0,173700,消费,-7.9902,"2026-05-18 15:06:50"
630423,tk-20260518150631-8tzh32,MX,seedance2.0,130500,消费,-6.0030,"2026-05-18 15:06:31"
630542,tk-20260518150611-bwmba9,MX,seedance2.0,324900,消费,-14.9454,"2026-05-18 15:06:11"
630533,tk-20260518150610-453uko,MX,seedance2.0,324900,消费,-14.9454,"2026-05-18 15:06:10"
630532,tk-20260518150607-9tath1,MX,seedance2.0,324900,消费,-14.9454,"2026-05-18 15:06:07"
630531,tk-20260518150605-iyxze6,MX,seedance2.0,324900,消费,-14.9454,"2026-05-18 15:06:05"
630511,tk-20260518150537-th1z1w,MX,seedance2.0,324900,消费,-14.9454,"2026-05-18 15:05:37"
630517,tk-20260518150532-wb10bs,MX,seedance2.0,216900,消费,-9.9774,"2026-05-18 15:05:32"
630504,tk-20260518150529-udwc7a,MX,seedance2.0,324900,消费,-14.9454,"2026-05-18 15:05:29"
630506,tk-20260518150527-lv3nzy,MX,seedance2.0,151078,消费,-6.9495,"2026-05-18 15:05:27"
630498,tk-20260518150516-t5rqzo,MX,seedance2.0,324900,消费,-14.9454,"2026-05-18 15:05:16"
630488,tk-20260518150505-4dhf63,MX,seedance2.0,324900,消费,-14.9454,"2026-05-18 15:05:05"
630372,tk-20260518150456-2uj6sx,MX,seedance2.0,195300,消费,-8.9838,"2026-05-18 15:04:56"
630471,tk-20260518150434-czagom,MX,seedance2.0,324900,消费,-14.9454,"2026-05-18 15:04:34"
630465,tk-20260518150426-5uyi10,MX,seedance2.0,324900,消费,-14.9454,"2026-05-18 15:04:26"
630458,tk-20260518150415-4fy5vj,MX,seedance2.0,216900,消费,-9.9774,"2026-05-18 15:04:15"
630334,tk-20260518150403-aqxkr0,MX,seedance2.0,108900,消费,-5.0094,"2026-05-18 15:04:03"
630327,tk-20260518150359-57xj06,MX,seedance2.0,87300,消费,-4.0158,"2026-05-18 15:03:59"
630444,tk-20260518150354-iwnay5,MX,seedance2.0,151078,消费,-6.9495,"2026-05-18 15:03:54"
630321,tk-20260518150352-y3ymh7,MX,seedance2.0,130500,消费,-6.0030,"2026-05-18 15:03:52"
630301,tk-20260518150324-hdquq9,MX,seedance2.0,173700,消费,-7.9902,"2026-05-18 15:03:24"
630420,tk-20260518150312-tdodm7,MX,seedance2.0,324900,消费,-14.9454,"2026-05-18 15:03:12"
630288,tk-20260518150305-v1pfza,MX,seedance2.0,195300,消费,-8.9838,"2026-05-18 15:03:05"
630417,tk-20260518150302-9wagrj,MX,seedance2.0,324900,消费,-14.9454,"2026-05-18 15:03:02"
630287,tk-20260518150259-08n4li,MX,seedance2.0,130990,消费,-6.0255,"2026-05-18 15:02:59"
630269,tk-20260518150231-i1b97t,MX,seedance2.0,195300,消费,-8.9838,"2026-05-18 15:02:31"
630505,tk-20260518150231-xcs1b0,MX,seedance2.0,324900,消费,-14.9454,"2026-05-18 15:02:31"
630265,tk-20260518150225-obmv2u,MX,seedance2.0,324900,消费,-14.9454,"2026-05-18 15:02:25"
630384,tk-20260518150217-586hzs,MX,seedance2.0,324900,消费,-14.9454,"2026-05-18 15:02:17"
630373,tk-20260518150159-biw2d3,MX,seedance2.0,324900,消费,-14.9454,"2026-05-18 15:01:59"
630363,tk-20260518150140-6iwzhd,MX,seedance2.0,151078,消费,-6.9495,"2026-05-18 15:01:40"
630356,tk-20260518150137-5ci5fa,MX,seedance2.0,324900,消费,-14.9454,"2026-05-18 15:01:37"
630351,tk-20260518150133-bwj6d1,MX,seedance2.0,324900,消费,-14.9454,"2026-05-18 15:01:33"
630341,tk-20260518150125-7s94pi,MX,seedance2.0,324900,消费,-14.9454,"2026-05-18 15:01:25"
630344,tk-20260518150125-li8n1v,MX,seedance2.0,281700,消费,-12.9582,"2026-05-18 15:01:25"
630338,tk-20260518150121-scctnx,MX,seedance2.0,303300,消费,-13.9518,"2026-05-18 15:01:21"
630337,tk-20260518150110-k82o2e,MX,seedance2.0,151078,消费,-6.9495,"2026-05-18 15:01:10"
630326,tk-20260518150100-r7f0ru,MX,seedance2.0,324900,消费,-14.9454,"2026-05-18 15:01:00"
630448,tk-20260518150058-iwkq5r,MX,seedance2.0,324900,消费,-14.9454,"2026-05-18 15:00:58"
630205,tk-20260518150057-wayim8,MX,seedance2.0,216900,消费,-9.9774,"2026-05-18 15:00:57"
630428,tk-20260518150040-29375v,MX,seedance2.0,324900,消费,-14.9454,"2026-05-18 15:00:40"
630307,tk-20260518150037-t3qism,MX,seedance2.0,324900,消费,-14.9454,"2026-05-18 15:00:37"
630303,tk-20260518150031-cy6u9q,MX,seedance2.0,324900,消费,-14.9454,"2026-05-18 15:00:31"
630293,tk-20260518150013-yndzxe,MX,seedance2.0,238500,消费,-10.9710,"2026-05-18 15:00:13"
630286,tk-20260518145959-rs7v7v,MX,seedance2.0,260100,消费,-11.9646,"2026-05-18 14:59:59"
630147,tk-20260518145933-1zf9xf,MX,seedance2.0,151078,消费,-6.9495,"2026-05-18 14:59:33"
630145,tk-20260518145929-e7zm7a,MX,seedance2.0,87300,消费,-4.0158,"2026-05-18 14:59:29"
630125,tk-20260518145906-zc5qfg,MX,seedance2.0,108900,消费,-5.0094,"2026-05-18 14:59:06"
630122,tk-20260518145901-4y02d7,MX,seedance2.0,216900,消费,-9.9774,"2026-05-18 14:59:01"
630244,tk-20260518145858-tox82p,MX,seedance2.0,324900,消费,-14.9454,"2026-05-18 14:58:58"
630239,tk-20260518145843-dluhg1,MX,seedance2.0,324900,消费,-14.9454,"2026-05-18 14:58:43"
630234,tk-20260518145838-kdb3va,MX,seedance2.0,303300,消费,-13.9518,"2026-05-18 14:58:38"
630102,tk-20260518145830-qe7ykz,MX,seedance2.0,151078,消费,-6.9495,"2026-05-18 14:58:30"
630224,tk-20260518145825-53qdw7,MX,seedance2.0,324900,消费,-14.9454,"2026-05-18 14:58:25"
630096,tk-20260518145814-fr56lz,MX,seedance2.0,260100,消费,-11.9646,"2026-05-18 14:58:14"
630214,tk-20260518145807-2h13q7,MX,seedance2.0,324900,消费,-14.9454,"2026-05-18 14:58:07"
630213,tk-20260518145803-t3ceot,MX,seedance2.0,324900,消费,-14.9454,"2026-05-18 14:58:03"
630212,tk-20260518145800-g0ljxo,MX,seedance2.0,324900,消费,-14.9454,"2026-05-18 14:58:00"
630093,tk-20260518145758-lz8qwr,MX,seedance2.0,151078,消费,-6.9495,"2026-05-18 14:57:58"
630193,tk-20260518145732-k0n5nd,MX,seedance2.0,324900,消费,-14.9454,"2026-05-18 14:57:32"
630296,tk-20260518145712-sju5ez,MX,seedance2.0,324900,消费,-14.9454,"2026-05-18 14:57:12"
630173,tk-20260518145702-nkwitg,MX,seedance2.0,324900,消费,-14.9454,"2026-05-18 14:57:02"
630164,tk-20260518145700-4z67x6,MX,seedance2.0,324900,消费,-14.9454,"2026-05-18 14:57:00"
630172,tk-20260518145700-t1ntkt,MX,seedance2.0,216900,消费,-9.9774,"2026-05-18 14:57:00"
630284,tk-20260518145656-hqx2k3,MX,seedance2.0,324900,消费,-14.9454,"2026-05-18 14:56:56"
630158,tk-20260518145649-yosrz0,MX,seedance2.0,324900,消费,-14.9454,"2026-05-18 14:56:49"
630154,tk-20260518145645-ng60a8,MX,seedance2.0,216900,消费,-9.9774,"2026-05-18 14:56:45"
630133,tk-20260518145619-ujo6jq,MX,seedance2.0,324900,消费,-14.9454,"2026-05-18 14:56:19"
630031,tk-20260518145607-i22rgj,MX,seedance2.0,151078,消费,-6.9495,"2026-05-18 14:56:07"
630123,tk-20260518145602-ngmahx,MX,seedance2.0,324900,消费,-14.9454,"2026-05-18 14:56:02"
630118,tk-20260518145547-5e9vqx,MX,seedance2.0,130500,消费,-6.0030,"2026-05-18 14:55:47"
630016,tk-20260518145543-7onqlz,MX,seedance2.0,324900,消费,-14.9454,"2026-05-18 14:55:43"
630003,tk-20260518145521-9bwevm,MX,seedance2.0,87300,消费,-4.0158,"2026-05-18 14:55:21"
630095,tk-20260518145505-abbiwb,MX,seedance2.0,324900,消费,-14.9454,"2026-05-18 14:55:05"
630090,tk-20260518145458-dk12et,MX,seedance2.0,324900,消费,-14.9454,"2026-05-18 14:54:58"
630091,tk-20260518145458-6g7qs1,MX,seedance2.0,324900,消费,-14.9454,"2026-05-18 14:54:58"
630089,tk-20260518145455-zuh6l3,MX,seedance2.0,324900,消费,-14.9454,"2026-05-18 14:54:55"
630081,tk-20260518145442-01170j,MX,seedance2.0,324900,消费,-14.9454,"2026-05-18 14:54:42"
630078,tk-20260518145431-qboncr,MX,seedance2.0,173700,消费,-7.9902,"2026-05-18 14:54:31"
629948,tk-20260518145409-njz0cn,MX,seedance2.0,130500,消费,-6.0030,"2026-05-18 14:54:09"
630067,tk-20260518145409-6ladjt,MX,seedance2.0,324900,消费,-14.9454,"2026-05-18 14:54:09"
630066,tk-20260518145405-1n2ci1,MX,seedance2.0,216900,消费,-9.9774,"2026-05-18 14:54:05"
630065,tk-20260518145400-6d3pdp,MX,seedance2.0,324900,消费,-14.9454,"2026-05-18 14:54:00"
630062,tk-20260518145358-8ltf8o,MX,seedance2.0,260100,消费,-11.9646,"2026-05-18 14:53:58"
630054,tk-20260518145345-kr7ls4,MX,seedance2.0,324900,消费,-14.9454,"2026-05-18 14:53:45"
630051,tk-20260518145338-rwo04j,MX,seedance2.0,324900,消费,-14.9454,"2026-05-18 14:53:38"
630050,tk-20260518145336-bekhjq,MX,seedance2.0,216900,消费,-9.9774,"2026-05-18 14:53:36"
630036,tk-20260518145319-si6kwb,MX,seedance2.0,324900,消费,-14.9454,"2026-05-18 14:53:19"
629907,tk-20260518145309-ul1i19,MX,seedance2.0,173700,消费,-7.9902,"2026-05-18 14:53:09"
630034,tk-20260518145309-q94kf7,MX,seedance2.0,324900,消费,-14.9454,"2026-05-18 14:53:09"
629891,tk-20260518145241-z1h0na,MX,seedance2.0,260100,消费,-11.9646,"2026-05-18 14:52:41"
630011,tk-20260518145239-1ng40v,MX,seedance2.0,324900,消费,-14.9454,"2026-05-18 14:52:39"
630012,tk-20260518145236-11gv8u,MX,seedance2.0,324900,消费,-14.9454,"2026-05-18 14:52:36"
630010,tk-20260518145234-2s8k0n,MX,seedance2.0,324900,消费,-14.9454,"2026-05-18 14:52:34"
629885,tk-20260518145232-5wxkil,MX,seedance2.0,324900,消费,-14.9454,"2026-05-18 14:52:32"
629865,tk-20260518145207-d4k44t,MX,seedance2.0,87300,消费,-4.0158,"2026-05-18 14:52:07"
629985,tk-20260518145152-ymv7hp,MX,seedance2.0,173700,消费,-7.9902,"2026-05-18 14:51:52"
629978,tk-20260518145149-qq3jj1,MX,seedance2.0,324900,消费,-14.9454,"2026-05-18 14:51:49"
629976,tk-20260518145141-p6pti5,MX,seedance2.0,324900,消费,-14.9454,"2026-05-18 14:51:41"
629962,tk-20260518145135-g84n2v,MX,seedance2.0,324900,消费,-14.9454,"2026-05-18 14:51:35"
629834,tk-20260518145124-nultpz,MX,seedance2.0,152100,消费,-6.9966,"2026-05-18 14:51:24"
629827,tk-20260518145118-zan8zh,MX,seedance2.0,151078,消费,-6.9495,"2026-05-18 14:51:18"
629950,tk-20260518145115-kqvm91,MX,seedance2.0,324900,消费,-14.9454,"2026-05-18 14:51:15"
629951,tk-20260518145115-ryq0uq,MX,seedance2.0,87300,消费,-4.0158,"2026-05-18 14:51:15"
629819,tk-20260518145113-6cfoyo,MX,seedance2.0,324900,消费,-14.9454,"2026-05-18 14:51:13"
629943,tk-20260518145101-own38o,MX,seedance2.0,324900,消费,-14.9454,"2026-05-18 14:51:01"
629944,tk-20260518145101-an9wkr,MX,seedance2.0,324900,消费,-14.9454,"2026-05-18 14:51:01"
629917,tk-20260518145030-0frk1k,MX,seedance2.0,324900,消费,-14.9454,"2026-05-18 14:50:30"
629909,tk-20260518145011-nk31rk,MX,seedance2.0,324900,消费,-14.9454,"2026-05-18 14:50:11"
629783,tk-20260518145008-01p0ns,MX,seedance2.0,87300,消费,-4.0158,"2026-05-18 14:50:08"
629898,tk-20260518145001-1f4rqk,MX,seedance2.0,281700,消费,-12.9582,"2026-05-18 14:50:01"
629771,tk-20260518144954-bddyeu,MX,seedance2.0,324900,消费,-14.9454,"2026-05-18 14:49:54"
629890,tk-20260518144939-e113kk,MX,seedance2.0,324900,消费,-14.9454,"2026-05-18 14:49:39"
629884,tk-20260518144928-30bpcg,MX,seedance2.0,324900,消费,-14.9454,"2026-05-18 14:49:28"
629754,tk-20260518144924-3wejq3,MX,seedance2.0,87300,消费,-4.0158,"2026-05-18 14:49:24"
629875,tk-20260518144918-8gs2lo,MX,seedance2.0,324900,消费,-14.9454,"2026-05-18 14:49:18"
629876,tk-20260518144911-2055d7,MX,seedance2.0,324900,消费,-14.9454,"2026-05-18 14:49:11"
629856,tk-20260518144853-bptnvn,MX,seedance2.0,324900,消费,-14.9454,"2026-05-18 14:48:53"
629729,tk-20260518144851-5rnpvt,MX,seedance2.0,216900,消费,-9.9774,"2026-05-18 14:48:51"
629725,tk-20260518144846-qkhkan,MX,seedance2.0,151078,消费,-6.9495,"2026-05-18 14:48:46"
629724,tk-20260518144838-pg3o12,MX,seedance2.0,324900,消费,-14.9454,"2026-05-18 14:48:38"
629723,tk-20260518144837-7v1ox0,MX,seedance2.0,216900,消费,-9.9774,"2026-05-18 14:48:37"
629841,tk-20260518144835-uzrk4u,MX,seedance2.0,324900,消费,-14.9454,"2026-05-18 14:48:35"
629840,tk-20260518144832-x8brfg,MX,seedance2.0,324900,消费,-14.9454,"2026-05-18 14:48:32"
629714,tk-20260518144822-3fo11j,MX,seedance2.0,151078,消费,-6.9495,"2026-05-18 14:48:22"
629826,tk-20260518144817-tv9dre,MX,seedance2.0,324900,消费,-14.9454,"2026-05-18 14:48:17"
629817,tk-20260518144808-i80l1j,MX,seedance2.0,324900,消费,-14.9454,"2026-05-18 14:48:08"
629825,tk-20260518144808-a7y7cu,MX,seedance2.0,324900,消费,-14.9454,"2026-05-18 14:48:08"
629705,tk-20260518144802-fi4jc6,MX,seedance2.0,130500,消费,-6.0030,"2026-05-18 14:48:02"
629690,tk-20260518144751-c6p25v,MX,seedance2.0,151078,消费,-6.9495,"2026-05-18 14:47:51"
629683,tk-20260518144746-cdnhax,MX,seedance2.0,324900,消费,-14.9454,"2026-05-18 14:47:46"
629682,tk-20260518144739-oa6cie,MX,seedance2.0,238500,消费,-10.9710,"2026-05-18 14:47:39"
629800,tk-20260518144736-hc39ia,MX,seedance2.0,324900,消费,-14.9454,"2026-05-18 14:47:36"
629675,tk-20260518144731-kez3qx,MX,seedance2.0,152100,消费,-6.9966,"2026-05-18 14:47:31"
629791,tk-20260518144724-43mssc,MX,seedance2.0,324900,消费,-14.9454,"2026-05-18 14:47:24"
629790,tk-20260518144723-81xdlu,MX,seedance2.0,324900,消费,-14.9454,"2026-05-18 14:47:23"
629904,tk-20260518144700-821ste,MX,seedance2.0,324900,消费,-14.9454,"2026-05-18 14:47:00"
629782,tk-20260518144658-i9ojon,MX,seedance2.0,281700,消费,-12.9582,"2026-05-18 14:46:58"
629755,tk-20260518144628-xnfz7r,MX,seedance2.0,324900,消费,-14.9454,"2026-05-18 14:46:28"
629612,tk-20260518144612-q7xbny,MX,seedance2.0,151078,消费,-6.9495,"2026-05-18 14:46:12"
629744,tk-20260518144611-gsfn6h,MX,seedance2.0,216900,消费,-9.9774,"2026-05-18 14:46:11"
629614,tk-20260518144608-886tot,MX,seedance2.0,260100,消费,-11.9646,"2026-05-18 14:46:08"
629743,tk-20260518144607-bl288r,MX,seedance2.0,324900,消费,-14.9454,"2026-05-18 14:46:07"
629739,tk-20260518144558-zx11jj,MX,seedance2.0,324900,消费,-14.9454,"2026-05-18 14:45:58"
629728,tk-20260518144545-85nh82,MX,seedance2.0,151078,消费,-6.9495,"2026-05-18 14:45:45"
629845,tk-20260518144541-6kmy50,MX,seedance2.0,324900,消费,-14.9454,"2026-05-18 14:45:41"
629718,tk-20260518144527-3345zi,MX,seedance2.0,324900,消费,-14.9454,"2026-05-18 14:45:27"
629703,tk-20260518144503-69rdq8,MX,seedance2.0,324900,消费,-14.9454,"2026-05-18 14:45:03"
629697,tk-20260518144459-tdbu4r,MX,seedance2.0,324900,消费,-14.9454,"2026-05-18 14:44:59"
629804,tk-20260518144442-jevmuc,MX,seedance2.0,324900,消费,-14.9454,"2026-05-18 14:44:42"
629671,tk-20260518144425-pvybax,MX,seedance2.0,151078,消费,-6.9495,"2026-05-18 14:44:25"
629666,tk-20260518144416-jn2uz6,MX,seedance2.0,324900,消费,-14.9454,"2026-05-18 14:44:16"
629655,tk-20260518144409-6t77c1,MX,seedance2.0,260100,消费,-11.9646,"2026-05-18 14:44:09"
629657,tk-20260518144407-65n630,MX,seedance2.0,151078,消费,-6.9495,"2026-05-18 14:44:07"
629650,tk-20260518144359-67nf9k,MX,seedance2.0,324900,消费,-14.9454,"2026-05-18 14:43:59"
629526,tk-20260518144351-9oz5u1,MX,seedance2.0,151078,消费,-6.9495,"2026-05-18 14:43:51"
629642,tk-20260518144340-9io2nq,MX,seedance2.0,324900,消费,-14.9454,"2026-05-18 14:43:40"
629519,tk-20260518144335-hl5psv,MX,seedance2.0,260100,消费,-11.9646,"2026-05-18 14:43:35"
629517,tk-20260518144334-zfz1dh,MX,seedance2.0,324900,消费,-14.9454,"2026-05-18 14:43:34"
629620,tk-20260518144319-w6093l,MX,seedance2.0,324900,消费,-14.9454,"2026-05-18 14:43:19"
629479,tk-20260518144250-14u3r4,MX,seedance2.0,151078,消费,-6.9495,"2026-05-18 14:42:50"
629478,tk-20260518144242-bcgvux,MX,seedance2.0,130500,消费,-6.0030,"2026-05-18 14:42:42"
629465,tk-20260518144240-40wbyr,MX,seedance2.0,260100,消费,-11.9646,"2026-05-18 14:42:40"
629464,tk-20260518144235-eb2335,MX,seedance2.0,173700,消费,-7.9902,"2026-05-18 14:42:35"
629590,tk-20260518144229-daqt49,MX,seedance2.0,216900,消费,-9.9774,"2026-05-18 14:42:29"
629583,tk-20260518144213-38lpu0,MX,seedance2.0,87300,消费,-4.0158,"2026-05-18 14:42:13"
629578,tk-20260518144201-qteji7,MX,seedance2.0,324900,消费,-14.9454,"2026-05-18 14:42:01"
629412,tk-20260518144119-lxu03e,MX,seedance2.0,324900,消费,-14.9454,"2026-05-18 14:41:19"
629545,tk-20260518144119-sn9hko,MX,seedance2.0,324900,消费,-14.9454,"2026-05-18 14:41:19"
629549,tk-20260518144118-n92uuw,MX,seedance2.0,108900,消费,-5.0094,"2026-05-18 14:41:18"
629415,tk-20260518144117-vxg081,MX,seedance2.0,87300,消费,-4.0158,"2026-05-18 14:41:17"
629407,tk-20260518144109-9xewrx,MX,seedance2.0,130500,消费,-6.0030,"2026-05-18 14:41:09"
629535,tk-20260518144102-kk9iuy,MX,seedance2.0,281700,消费,-12.9582,"2026-05-18 14:41:02"
629540,tk-20260518144057-2yj44a,MX,seedance2.0,173700,消费,-7.9902,"2026-05-18 14:40:57"
629525,tk-20260518144052-fo6f3b,MX,seedance2.0,260100,消费,-11.9646,"2026-05-18 14:40:52"
629382,tk-20260518144030-fb34r6,MX,seedance2.0,324900,消费,-14.9454,"2026-05-18 14:40:30"
629512,tk-20260518144030-k4w6js,MX,seedance2.0,303300,消费,-13.9518,"2026-05-18 14:40:30"
629506,tk-20260518144027-i261c1,MX,seedance2.0,324900,消费,-14.9454,"2026-05-18 14:40:27"
629511,tk-20260518144024-dp9kgp,MX,seedance2.0,324900,消费,-14.9454,"2026-05-18 14:40:24"
629500,tk-20260518144021-ah8oct,MX,seedance2.0,324900,消费,-14.9454,"2026-05-18 14:40:21"
629499,tk-20260518144016-oquqhx,MX,seedance2.0,324900,消费,-14.9454,"2026-05-18 14:40:16"
629495,tk-20260518144011-s0zjko,MX,seedance2.0,324900,消费,-14.9454,"2026-05-18 14:40:11"
629482,tk-20260518143959-3djk8f,MX,seedance2.0,324900,消费,-14.9454,"2026-05-18 14:39:59"
629345,tk-20260518143951-9l67s0,MX,seedance2.0,130500,消费,-6.0030,"2026-05-18 14:39:51"
630080,tk-20260518143945-qw3oir,MX,seedance2.0,324900,消费,-14.9454,"2026-05-18 14:39:45"
629336,tk-20260518143931-i2oz0z,MX,seedance2.0,216900,消费,-9.9774,"2026-05-18 14:39:31"
629463,tk-20260518143927-hzp5j0,MX,seedance2.0,260100,消费,-11.9646,"2026-05-18 14:39:27"
629334,tk-20260518143921-iszjr1,MX,seedance2.0,108900,消费,-5.0094,"2026-05-18 14:39:21"
629451,tk-20260518143917-syl6fr,MX,seedance2.0,324900,消费,-14.9454,"2026-05-18 14:39:17"
629322,tk-20260518143913-gba5eh,MX,seedance2.0,260100,消费,-11.9646,"2026-05-18 14:39:13"
629438,tk-20260518143859-gw9zw5,MX,seedance2.0,324900,消费,-14.9454,"2026-05-18 14:38:59"
629414,tk-20260518143811-2hxcrp,MX,seedance2.0,324900,消费,-14.9454,"2026-05-18 14:38:11"
629406,tk-20260518143809-r8ttag,MX,seedance2.0,324900,消费,-14.9454,"2026-05-18 14:38:09"
629397,tk-20260518143801-lna72p,MX,seedance2.0,151078,消费,-6.9495,"2026-05-18 14:38:01"
629394,tk-20260518143748-dpe9xj,MX,seedance2.0,151078,消费,-6.9495,"2026-05-18 14:37:48"
629261,tk-20260518143742-vtr1pu,MX,seedance2.0,108900,消费,-5.0094,"2026-05-18 14:37:42"
629383,tk-20260518143720-mtuzda,MX,seedance2.0,324900,消费,-14.9454,"2026-05-18 14:37:20"
629238,tk-20260518143701-a4ua9e,MX,seedance2.0,87300,消费,-4.0158,"2026-05-18 14:37:01"
629349,tk-20260518143652-hrun0a,MX,seedance2.0,324900,消费,-14.9454,"2026-05-18 14:36:52"
629233,tk-20260518143648-wvuyp6,MX,seedance2.0,324900,消费,-14.9454,"2026-05-18 14:36:48"
629339,tk-20260518143639-io20h5,MX,seedance2.0,324900,消费,-14.9454,"2026-05-18 14:36:39"
629338,tk-20260518143634-oqpikj,MX,seedance2.0,324900,消费,-14.9454,"2026-05-18 14:36:34"
629332,tk-20260518143619-soqupg,MX,seedance2.0,324900,消费,-14.9454,"2026-05-18 14:36:19"
629213,tk-20260518143605-9uvm4h,MX,seedance2.0,151078,消费,-6.9495,"2026-05-18 14:36:05"
629313,tk-20260518143558-z3oe5j,MX,seedance2.0,324900,消费,-14.9454,"2026-05-18 14:35:58"
629302,tk-20260518143544-bv5qzw,MX,seedance2.0,324900,消费,-14.9454,"2026-05-18 14:35:44"
629295,tk-20260518143536-i74bzw,MX,seedance2.0,324900,消费,-14.9454,"2026-05-18 14:35:36"
629292,tk-20260518143527-v2p51r,MX,seedance2.0,108900,消费,-5.0094,"2026-05-18 14:35:27"
629177,tk-20260518143513-kmixfk,MX,seedance2.0,324900,消费,-14.9454,"2026-05-18 14:35:13"
629279,tk-20260518143513-o4yw6b,MX,seedance2.0,324900,消费,-14.9454,"2026-05-18 14:35:13"
629175,tk-20260518143511-ycw277,MX,seedance2.0,87300,消费,-4.0158,"2026-05-18 14:35:11"
629278,tk-20260518143508-m6v46z,MX,seedance2.0,324900,消费,-14.9454,"2026-05-18 14:35:08"
629273,tk-20260518143455-mqhiu3,MX,seedance2.0,324900,消费,-14.9454,"2026-05-18 14:34:55"
629148,tk-20260518143440-orkvb0,MX,seedance2.0,173700,消费,-7.9902,"2026-05-18 14:34:40"
629258,tk-20260518143436-7erun0,MX,seedance2.0,152100,消费,-6.9966,"2026-05-18 14:34:36"
629253,tk-20260518143429-tabvl8,MX,seedance2.0,324900,消费,-14.9454,"2026-05-18 14:34:29"
629129,tk-20260518143415-oumvz4,MX,seedance2.0,324900,消费,-14.9454,"2026-05-18 14:34:15"
629241,tk-20260518143407-dlxv4y,MX,seedance2.0,324900,消费,-14.9454,"2026-05-18 14:34:07"
629114,tk-20260518143354-6cdyr5,MX,seedance2.0,151078,消费,-6.9495,"2026-05-18 14:33:54"
629112,tk-20260518143352-nclgrl,MX,seedance2.0,324900,消费,-14.9454,"2026-05-18 14:33:52"
629107,tk-20260518143349-ky3h6x,MX,seedance2.0,151078,消费,-6.9495,"2026-05-18 14:33:49"
629102,tk-20260518143344-7zz4bo,MX,seedance2.0,324900,消费,-14.9454,"2026-05-18 14:33:44"
629231,tk-20260518143343-lrygtj,MX,seedance2.0,324900,消费,-14.9454,"2026-05-18 14:33:43"
629225,tk-20260518143341-o0wq4q,MX,seedance2.0,324900,消费,-14.9454,"2026-05-18 14:33:41"
629224,tk-20260518143331-5bi0wc,MX,seedance2.0,324900,消费,-14.9454,"2026-05-18 14:33:31"
629079,tk-20260518143311-sccaif,MX,seedance2.0,324900,消费,-14.9454,"2026-05-18 14:33:11"
629076,tk-20260518143304-m4fkfe,MX,seedance2.0,324900,消费,-14.9454,"2026-05-18 14:33:04"
629204,tk-20260518143257-8vbv1a,MX,seedance2.0,324900,消费,-14.9454,"2026-05-18 14:32:57"
629049,tk-20260518143225-0rihsh,MX,seedance2.0,324900,消费,-14.9454,"2026-05-18 14:32:25"
629186,tk-20260518143216-m61v4y,MX,seedance2.0,216900,消费,-9.9774,"2026-05-18 14:32:16"
629034,tk-20260518143207-q3duf7,MX,seedance2.0,324900,消费,-14.9454,"2026-05-18 14:32:07"
629164,tk-20260518143203-581g5k,MX,seedance2.0,173700,消费,-7.9902,"2026-05-18 14:32:03"
629153,tk-20260518143156-2ci50f,MX,seedance2.0,324900,消费,-14.9454,"2026-05-18 14:31:56"
629155,tk-20260518143156-050s4t,MX,seedance2.0,324900,消费,-14.9454,"2026-05-18 14:31:56"
629141,tk-20260518143123-h0f1tv,MX,seedance2.0,324900,消费,-14.9454,"2026-05-18 14:31:23"
629139,tk-20260518143111-6ktwaa,MX,seedance2.0,216900,消费,-9.9774,"2026-05-18 14:31:11"
629125,tk-20260518143106-0t1sx3,MX,seedance2.0,216900,消费,-9.9774,"2026-05-18 14:31:06"
629124,tk-20260518143100-s8adrx,MX,seedance2.0,324900,消费,-14.9454,"2026-05-18 14:31:00"
629118,tk-20260518143054-wzyr3t,MX,seedance2.0,324900,消费,-14.9454,"2026-05-18 14:30:54"
629117,tk-20260518143048-gzqr74,MX,seedance2.0,324900,消费,-14.9454,"2026-05-18 14:30:48"
629116,tk-20260518143047-7x3uoq,MX,seedance2.0,152100,消费,-6.9966,"2026-05-18 14:30:47"
629087,tk-20260518143026-0ha7zg,MX,seedance2.0,173700,消费,-7.9902,"2026-05-18 14:30:26"
628929,tk-20260518143003-enf1i0,MX,seedance2.0,324900,消费,-14.9454,"2026-05-18 14:30:03"
628928,tk-20260518143000-e1o29q,MX,seedance2.0,324900,消费,-14.9454,"2026-05-18 14:30:00"
628926,tk-20260518142948-nubee2,MX,seedance2.0,108900,消费,-5.0094,"2026-05-18 14:29:48"
629055,tk-20260518142934-35nwtn,MX,seedance2.0,324900,消费,-14.9454,"2026-05-18 14:29:34"
628915,tk-20260518142932-zhoxl1,MX,seedance2.0,130500,消费,-6.0030,"2026-05-18 14:29:32"
629669,tk-20260518142923-19ej56,MX,seedance2.0,238500,消费,-10.9710,"2026-05-18 14:29:23"
628903,tk-20260518142915-59zg4s,MX,seedance2.0,324900,消费,-14.9454,"2026-05-18 14:29:15"
628901,tk-20260518142909-9fne49,MX,seedance2.0,195300,消费,-8.9838,"2026-05-18 14:29:09"
629029,tk-20260518142855-mh6zgg,MX,seedance2.0,324900,消费,-14.9454,"2026-05-18 14:28:55"
629023,tk-20260518142843-tl56yy,MX,seedance2.0,324900,消费,-14.9454,"2026-05-18 14:28:43"
628884,tk-20260518142842-opwyr5,MX,seedance2.0,151078,消费,-6.9495,"2026-05-18 14:28:42"
629018,tk-20260518142833-lp01xv,MX,seedance2.0,324900,消费,-14.9454,"2026-05-18 14:28:33"
628878,tk-20260518142825-vg6d94,MX,seedance2.0,108900,消费,-5.0094,"2026-05-18 14:28:25"
629002,tk-20260518142818-aq99ny,MX,seedance2.0,324900,消费,-14.9454,"2026-05-18 14:28:18"
628995,tk-20260518142811-rwu7w4,MX,seedance2.0,151078,消费,-6.9495,"2026-05-18 14:28:11"
628994,tk-20260518142802-11u6d2,MX,seedance2.0,324900,消费,-14.9454,"2026-05-18 14:28:02"
628976,tk-20260518142742-oehxfm,MX,seedance2.0,173700,消费,-7.9902,"2026-05-18 14:27:42"
628963,tk-20260518142734-25x628,MX,seedance2.0,324900,消费,-14.9454,"2026-05-18 14:27:34"
628956,tk-20260518142718-nkxrq7,MX,seedance2.0,260100,消费,-11.9646,"2026-05-18 14:27:18"
628951,tk-20260518142711-ebwq3q,MX,seedance2.0,151078,消费,-6.9495,"2026-05-18 14:27:11"
628939,tk-20260518142700-mxs8c9,MX,seedance2.0,324900,消费,-14.9454,"2026-05-18 14:27:00"
629073,tk-20260518142658-erc78h,MX,seedance2.0,324900,消费,-14.9454,"2026-05-18 14:26:58"
628797,tk-20260518142655-fqkhms,MX,seedance2.0,324900,消费,-14.9454,"2026-05-18 14:26:55"
628927,tk-20260518142649-ih9l25,MX,seedance2.0,216900,消费,-9.9774,"2026-05-18 14:26:49"
628788,tk-20260518142647-3giiv3,MX,seedance2.0,324900,消费,-14.9454,"2026-05-18 14:26:47"
628923,tk-20260518142640-xg4b5x,MX,seedance2.0,324900,消费,-14.9454,"2026-05-18 14:26:40"
628919,tk-20260518142636-k1nt8k,MX,seedance2.0,324900,消费,-14.9454,"2026-05-18 14:26:36"
628917,tk-20260518142629-ycdxn5,MX,seedance2.0,195300,消费,-8.9838,"2026-05-18 14:26:29"
628916,tk-20260518142623-s4mp7y,MX,seedance2.0,324900,消费,-14.9454,"2026-05-18 14:26:23"
628905,tk-20260518142618-vr70di,MX,seedance2.0,100858,消费,-4.6394,"2026-05-18 14:26:18"
628906,tk-20260518142617-yttgz3,MX,seedance2.0,152100,消费,-6.9966,"2026-05-18 14:26:17"
628887,tk-20260518142545-86clo3,MX,seedance2.0,324900,消费,-14.9454,"2026-05-18 14:25:45"
629022,tk-20260518142545-ewpuff,MX,seedance2.0,151078,消费,-6.9495,"2026-05-18 14:25:45"
628877,tk-20260518142531-7a8wb8,MX,seedance2.0,216900,消费,-9.9774,"2026-05-18 14:25:31"
628879,tk-20260518142531-esnhkr,MX,seedance2.0,216900,消费,-9.9774,"2026-05-18 14:25:31"
628862,tk-20260518142453-0jziw4,MX,seedance2.0,324900,消费,-14.9454,"2026-05-18 14:24:53"
628856,tk-20260518142450-8uybw7,MX,seedance2.0,324900,消费,-14.9454,"2026-05-18 14:24:50"
628845,tk-20260518142437-pqfd8i,MX,seedance2.0,151078,消费,-6.9495,"2026-05-18 14:24:37"
629098,tk-20260518142431-x0wior,MX,seedance2.0,324900,消费,-14.9454,"2026-05-18 14:24:31"
628833,tk-20260518142426-vqttjl,MX,seedance2.0,324900,消费,-14.9454,"2026-05-18 14:24:26"
628826,tk-20260518142414-nl9h3m,MX,seedance2.0,324900,消费,-14.9454,"2026-05-18 14:24:14"
628803,tk-20260518142405-edywq1,MX,seedance2.0,151078,消费,-6.9495,"2026-05-18 14:24:05"
628786,tk-20260518142347-hjmwox,MX,seedance2.0,281700,消费,-12.9582,"2026-05-18 14:23:47"
628783,tk-20260518142345-006a8k,MX,seedance2.0,324900,消费,-14.9454,"2026-05-18 14:23:45"
628636,tk-20260518142342-dyc4du,MX,seedance2.0,108900,消费,-5.0094,"2026-05-18 14:23:42"
628776,tk-20260518142331-jdf4ew,MX,seedance2.0,324900,消费,-14.9454,"2026-05-18 14:23:31"
628777,tk-20260518142331-amx7pk,MX,seedance2.0,324900,消费,-14.9454,"2026-05-18 14:23:31"
628630,tk-20260518142326-k02g39,MX,seedance2.0,173700,消费,-7.9902,"2026-05-18 14:23:26"
628756,tk-20260518142302-fyoxrj,MX,seedance2.0,260100,消费,-11.9646,"2026-05-18 14:23:02"
628754,tk-20260518142301-okkj8q,MX,seedance2.0,324900,消费,-14.9454,"2026-05-18 14:23:01"
628612,tk-20260518142258-5xlqgy,MX,seedance2.0,260100,消费,-11.9646,"2026-05-18 14:22:58"
628746,tk-20260518142252-ni98ph,MX,seedance2.0,216900,消费,-9.9774,"2026-05-18 14:22:52"
628745,tk-20260518142248-zcjphe,MX,seedance2.0,281700,消费,-12.9582,"2026-05-18 14:22:48"
628738,tk-20260518142246-9due91,MX,seedance2.0,216900,消费,-9.9774,"2026-05-18 14:22:46"
628601,tk-20260518142245-uhkibg,MX,seedance2.0,173700,消费,-7.9902,"2026-05-18 14:22:45"
628731,tk-20260518142235-ard6wv,MX,seedance2.0,151078,消费,-6.9495,"2026-05-18 14:22:35"
628588,tk-20260518142229-nx6dqs,MX,seedance2.0,324900,消费,-14.9454,"2026-05-18 14:22:29"
628583,tk-20260518142222-20u30l,MX,seedance2.0,195300,消费,-8.9838,"2026-05-18 14:22:22"
628580,tk-20260518142220-omxjye,MX,seedance2.0,152100,消费,-6.9966,"2026-05-18 14:22:20"
628573,tk-20260518142219-uk2n8o,MX,seedance2.0,151078,消费,-6.9495,"2026-05-18 14:22:19"
628696,tk-20260518142212-nssqpu,MX,seedance2.0,324900,消费,-14.9454,"2026-05-18 14:22:12"
628697,tk-20260518142203-i28xz8,MX,seedance2.0,260100,消费,-11.9646,"2026-05-18 14:22:03"
628692,tk-20260518142149-3651hq,MX,seedance2.0,152100,消费,-6.9966,"2026-05-18 14:21:49"
628684,tk-20260518142145-eydp1z,MX,seedance2.0,324900,消费,-14.9454,"2026-05-18 14:21:45"
628546,tk-20260518142144-tanpmg,MX,seedance2.0,173700,消费,-7.9902,"2026-05-18 14:21:44"
628837,tk-20260518142127-5hvthg,MX,seedance2.0,324900,消费,-14.9454,"2026-05-18 14:21:27"
628657,tk-20260518142112-57tike,MX,seedance2.0,130500,消费,-6.0030,"2026-05-18 14:21:12"
628656,tk-20260518142111-kr5bh7,MX,seedance2.0,324900,消费,-14.9454,"2026-05-18 14:21:11"
628785,tk-20260518142041-623tfr,MX,seedance2.0,173700,消费,-7.9902,"2026-05-18 14:20:41"
628628,tk-20260518142028-uovwf5,MX,seedance2.0,324900,消费,-14.9454,"2026-05-18 14:20:28"
628627,tk-20260518142026-zlvfdf,MX,seedance2.0,324900,消费,-14.9454,"2026-05-18 14:20:27"
628459,tk-20260518142010-jj6beg,MX,seedance2.0,151078,消费,-6.9495,"2026-05-18 14:20:10"
628616,tk-20260518142004-s35wvh,MX,seedance2.0,324900,消费,-14.9454,"2026-05-18 14:20:04"
628434,tk-20260518141940-o6xoxl,MX,seedance2.0,152100,消费,-6.9966,"2026-05-18 14:19:40"
628729,tk-20260518141940-zi9xzn,MX,seedance2.0,324900,消费,-14.9454,"2026-05-18 14:19:40"
628595,tk-20260518141938-ohkj9q,MX,seedance2.0,324900,消费,-14.9454,"2026-05-18 14:19:38"
628429,tk-20260518141934-nq66ci,MX,seedance2.0,324900,消费,-14.9454,"2026-05-18 14:19:34"
628589,tk-20260518141925-nw0cg3,MX,seedance2.0,324900,消费,-14.9454,"2026-05-18 14:19:25"
628718,tk-20260518141925-3ib4sq,MX,seedance2.0,324900,消费,-14.9454,"2026-05-18 14:19:25"
628422,tk-20260518141915-mb5mor,MX,seedance2.0,87300,消费,-4.0158,"2026-05-18 14:19:15"
628549,tk-20260518141853-hwt567,MX,seedance2.0,130500,消费,-6.0030,"2026-05-18 14:18:53"
628691,tk-20260518141850-kk47v4,MX,seedance2.0,324900,消费,-14.9454,"2026-05-18 14:18:50"
628545,tk-20260518141842-m03xtk,MX,seedance2.0,324900,消费,-14.9454,"2026-05-18 14:18:42"
628535,tk-20260518141841-5g2h63,MX,seedance2.0,87300,消费,-4.0158,"2026-05-18 14:18:41"
628388,tk-20260518141836-x80mnu,MX,seedance2.0,324900,消费,-14.9454,"2026-05-18 14:18:36"
628377,tk-20260518141821-0dh28k,MX,seedance2.0,108900,消费,-5.0094,"2026-05-18 14:18:21"
628662,tk-20260518141820-2vg20l,MX,seedance2.0,324900,消费,-14.9454,"2026-05-18 14:18:20"
628519,tk-20260518141818-mcceha,MX,seedance2.0,324900,消费,-14.9454,"2026-05-18 14:18:18"
628518,tk-20260518141815-u2g9ih,MX,seedance2.0,324900,消费,-14.9454,"2026-05-18 14:18:15"
628372,tk-20260518141810-tlqvql,MX,seedance2.0,87300,消费,-4.0158,"2026-05-18 14:18:10"
628497,tk-20260518141756-gbwlec,MX,seedance2.0,151078,消费,-6.9495,"2026-05-18 14:17:56"
628640,tk-20260518141751-exyhgo,MX,seedance2.0,324900,消费,-14.9454,"2026-05-18 14:17:51"
628495,tk-20260518141750-5kysln,MX,seedance2.0,108900,消费,-5.0094,"2026-05-18 14:17:50"
628364,tk-20260518141747-2s0iol,MX,seedance2.0,216900,消费,-9.9774,"2026-05-18 14:17:47"
628478,tk-20260518141726-ge0yb5,MX,seedance2.0,260100,消费,-11.9646,"2026-05-18 14:17:26"
628466,tk-20260518141712-eo5z1q,MX,seedance2.0,152100,消费,-6.9966,"2026-05-18 14:17:12"
628450,tk-20260518141700-860teo,MX,seedance2.0,324900,消费,-14.9454,"2026-05-18 14:17:00"
628320,tk-20260518141658-b9h315,MX,seedance2.0,87300,消费,-4.0158,"2026-05-18 14:16:58"
628319,tk-20260518141657-0tm4hu,MX,seedance2.0,324900,消费,-14.9454,"2026-05-18 14:16:57"
628451,tk-20260518141657-curxz6,MX,seedance2.0,108900,消费,-5.0094,"2026-05-18 14:16:57"
628314,tk-20260518141649-p872lq,MX,seedance2.0,152100,消费,-6.9966,"2026-05-18 14:16:49"
628435,tk-20260518141634-m822gm,MX,seedance2.0,324900,消费,-14.9454,"2026-05-18 14:16:34"
628421,tk-20260518141625-j5dc75,MX,seedance2.0,324900,消费,-14.9454,"2026-05-18 14:16:25"
628575,tk-20260518141614-k99u4y,MX,seedance2.0,324900,消费,-14.9454,"2026-05-18 14:16:14"
628406,tk-20260518141612-817lts,MX,seedance2.0,324900,消费,-14.9454,"2026-05-18 14:16:12"
628416,tk-20260518141610-1bq2rx,MX,seedance2.0,152100,消费,-6.9966,"2026-05-18 14:16:10"
628271,tk-20260518141605-gnupt9,MX,seedance2.0,151078,消费,-6.9495,"2026-05-18 14:16:05"
628565,tk-20260518141603-tq3kl6,MX,seedance2.0,324900,消费,-14.9454,"2026-05-18 14:16:03"
628392,tk-20260518141550-zuffxr,MX,seedance2.0,324900,消费,-14.9454,"2026-05-18 14:15:50"
628385,tk-20260518141532-asmmrf,MX,seedance2.0,324900,消费,-14.9454,"2026-05-18 14:15:32"
628490,tk-20260518141440-tjlkhh,MX,seedance2.0,324900,消费,-14.9454,"2026-05-18 14:14:40"
628347,tk-20260518141437-ex380g,MX,seedance2.0,151078,消费,-6.9495,"2026-05-18 14:14:37"
628488,tk-20260518141431-uvdngx,MX,seedance2.0,324900,消费,-14.9454,"2026-05-18 14:14:31"
628331,tk-20260518141413-hgkkm9,MX,seedance2.0,324900,消费,-14.9454,"2026-05-18 14:14:13"
628458,tk-20260518141406-bq5s09,MX,seedance2.0,324900,消费,-14.9454,"2026-05-18 14:14:06"
628184,tk-20260518141404-6n5zih,MX,seedance2.0,173700,消费,-7.9902,"2026-05-18 14:14:04"
628172,tk-20260518141358-wgm6yx,MX,seedance2.0,324900,消费,-14.9454,"2026-05-18 14:13:58"
628327,tk-20260518141358-03ja6z,MX,seedance2.0,238500,消费,-10.9710,"2026-05-18 14:13:58"
628316,tk-20260518141347-uukxdr,MX,seedance2.0,173700,消费,-7.9902,"2026-05-18 14:13:47"
628315,tk-20260518141346-h5zqyj,MX,seedance2.0,152100,消费,-6.9966,"2026-05-18 14:13:46"
628594,tk-20260518141337-masddi,MX,seedance2.0,324900,消费,-14.9454,"2026-05-18 14:13:37"
628284,tk-20260518141322-3rydaz,MX,seedance2.0,324900,消费,-14.9454,"2026-05-18 14:13:22"
628285,tk-20260518141315-mkrf8r,MX,seedance2.0,151078,消费,-6.9495,"2026-05-18 14:13:15"
628280,tk-20260518141310-kjghm6,MX,seedance2.0,324900,消费,-14.9454,"2026-05-18 14:13:10"
628564,tk-20260518141301-aqjxwj,MX,seedance2.0,324900,消费,-14.9454,"2026-05-18 14:13:01"
628554,tk-20260518141255-a2cnlb,MX,seedance2.0,324900,消费,-14.9454,"2026-05-18 14:12:55"
628257,tk-20260518141240-jm0bom,MX,seedance2.0,324900,消费,-14.9454,"2026-05-18 14:12:40"
628256,tk-20260518141234-25jjob,MX,seedance2.0,324900,消费,-14.9454,"2026-05-18 14:12:34"
628253,tk-20260518141226-iym5xj,MX,seedance2.0,324900,消费,-14.9454,"2026-05-18 14:12:26"
628102,tk-20260518141222-vwd7ck,MX,seedance2.0,152100,消费,-6.9966,"2026-05-18 14:12:22"
628086,tk-20260518141151-994iyp,MX,seedance2.0,151078,消费,-6.9495,"2026-05-18 14:11:51"
628214,tk-20260518141141-bvv631,MX,seedance2.0,324900,消费,-14.9454,"2026-05-18 14:11:41"
628217,tk-20260518141140-b1eqmb,MX,seedance2.0,173700,消费,-7.9902,"2026-05-18 14:11:40"
628204,tk-20260518141132-siqyvq,MX,seedance2.0,324900,消费,-14.9454,"2026-05-18 14:11:32"
628201,tk-20260518141129-yapexh,MX,seedance2.0,324900,消费,-14.9454,"2026-05-18 14:11:29"
628069,tk-20260518141127-yg0pop,MX,seedance2.0,151078,消费,-6.9495,"2026-05-18 14:11:27"
628191,tk-20260518141123-1bv3c9,MX,seedance2.0,324900,消费,-14.9454,"2026-05-18 14:11:23"
628067,tk-20260518141122-twujaa,MX,seedance2.0,324900,消费,-14.9454,"2026-05-18 14:11:22"
628180,tk-20260518141105-ajsohj,MX,seedance2.0,324900,消费,-14.9454,"2026-05-18 14:11:05"
628323,tk-20260518141058-g7r006,MX,seedance2.0,324900,消费,-14.9454,"2026-05-18 14:10:58"
628175,tk-20260518141055-n7v5rg,MX,seedance2.0,173700,消费,-7.9902,"2026-05-18 14:10:55"
628165,tk-20260518141053-nor1if,MX,seedance2.0,173700,消费,-7.9902,"2026-05-18 14:10:53"
628158,tk-20260518141046-9t4hjv,MX,seedance2.0,151078,消费,-6.9495,"2026-05-18 14:10:46"
628153,tk-20260518141044-vrh9gu,MX,seedance2.0,324900,消费,-14.9454,"2026-05-18 14:10:44"
628151,tk-20260518141042-aaqzkx,MX,seedance2.0,324900,消费,-14.9454,"2026-05-18 14:10:42"
628592,tk-20260518141036-0immtm,MX,seedance2.0,324900,消费,-14.9454,"2026-05-18 14:10:36"
628433,tk-20260518141023-zhu2o3,MX,seedance2.0,324900,消费,-14.9454,"2026-05-18 14:10:23"
628278,tk-20260518141005-jk20rq,MX,seedance2.0,173700,消费,-7.9902,"2026-05-18 14:10:05"
628113,tk-20260518140954-ap1vk0,MX,seedance2.0,151078,消费,-6.9495,"2026-05-18 14:09:54"
628110,tk-20260518140937-83zkdk,MX,seedance2.0,324900,消费,-14.9454,"2026-05-18 14:09:37"
628255,tk-20260518140935-q3c3la,MX,seedance2.0,324900,消费,-14.9454,"2026-05-18 14:09:35"
628109,tk-20260518140929-omrpi5,MX,seedance2.0,151078,消费,-6.9495,"2026-05-18 14:09:29"
628108,tk-20260518140927-1f4ev8,MX,seedance2.0,216900,消费,-9.9774,"2026-05-18 14:09:27"
628100,tk-20260518140912-4y38m4,MX,seedance2.0,324900,消费,-14.9454,"2026-05-18 14:09:12"
628093,tk-20260518140910-dj9ial,MX,seedance2.0,324900,消费,-14.9454,"2026-05-18 14:09:10"
628218,tk-20260518140849-r92inh,MX,seedance2.0,173700,消费,-7.9902,"2026-05-18 14:08:49"
628085,tk-20260518140847-pc0zf4,MX,seedance2.0,324900,消费,-14.9454,"2026-05-18 14:08:47"
628070,tk-20260518140828-s5b6tu,MX,seedance2.0,87300,消费,-4.0158,"2026-05-18 14:08:28"
628179,tk-20260518140806-xchy0k,MX,seedance2.0,324900,消费,-14.9454,"2026-05-18 14:08:06"
628057,tk-20260518140805-ino608,MX,seedance2.0,216900,消费,-9.9774,"2026-05-18 14:08:05"
628053,tk-20260518140802-7yz3i3,MX,seedance2.0,324900,消费,-14.9454,"2026-05-18 14:08:02"
628052,tk-20260518140800-4civtc,MX,seedance2.0,324900,消费,-14.9454,"2026-05-18 14:08:00"
628044,tk-20260518140746-ck3age,MX,seedance2.0,173700,消费,-7.9902,"2026-05-18 14:07:46"
627913,tk-20260518140722-p8myui,MX,seedance2.0,87300,消费,-4.0158,"2026-05-18 14:07:22"
628025,tk-20260518140722-1fuo9t,MX,seedance2.0,324900,消费,-14.9454,"2026-05-18 14:07:22"
628292,tk-20260518140720-igev0g,MX,seedance2.0,324900,消费,-14.9454,"2026-05-18 14:07:20"
628021,tk-20260518140717-8txjyx,MX,seedance2.0,324900,消费,-14.9454,"2026-05-18 14:07:17"
627906,tk-20260518140707-23rpj1,MX,seedance2.0,151078,消费,-6.9495,"2026-05-18 14:07:07"
627895,tk-20260518140703-1yb6ib,MX,seedance2.0,324900,消费,-14.9454,"2026-05-18 14:07:03"
628004,tk-20260518140653-p6069n,MX,seedance2.0,151078,消费,-6.9495,"2026-05-18 14:06:53"
628000,tk-20260518140649-lvaq7x,MX,seedance2.0,324900,消费,-14.9454,"2026-05-18 14:06:49"
628097,tk-20260518140618-796mri,MX,seedance2.0,87300,消费,-4.0158,"2026-05-18 14:06:18"
628240,tk-20260518140609-k0hmt6,MX,seedance2.0,324900,消费,-14.9454,"2026-05-18 14:06:09"
627843,tk-20260518140603-qmbkki,MX,seedance2.0,50638,消费,-2.3293,"2026-05-18 14:06:03"
627823,tk-20260518140538-60y1se,MX,seedance2.0,151078,消费,-6.9495,"2026-05-18 14:05:38"
627809,tk-20260518140518-jjin9n,MX,seedance2.0,108900,消费,-5.0094,"2026-05-18 14:05:18"
627928,tk-20260518140457-hdbsrx,MX,seedance2.0,324900,消费,-14.9454,"2026-05-18 14:04:57"
627797,tk-20260518140450-03j8o6,MX,seedance2.0,108900,消费,-5.0094,"2026-05-18 14:04:50"
628038,tk-20260518140442-z7wkxs,MX,seedance2.0,324900,消费,-14.9454,"2026-05-18 14:04:42"
627787,tk-20260518140433-elrl89,MX,seedance2.0,87300,消费,-4.0158,"2026-05-18 14:04:33"
627786,tk-20260518140431-v8a6f6,MX,seedance2.0,216900,消费,-9.9774,"2026-05-18 14:04:31"
627918,tk-20260518140429-2wbuf8,MX,seedance2.0,151078,消费,-6.9495,"2026-05-18 14:04:29"
627917,tk-20260518140421-lgdsz3,MX,seedance2.0,238500,消费,-10.9710,"2026-05-18 14:04:21"
627781,tk-20260518140420-lxmq3v,MX,seedance2.0,324900,消费,-14.9454,"2026-05-18 14:04:20"
628016,tk-20260518140413-tgb7c1,MX,seedance2.0,151078,消费,-6.9495,"2026-05-18 14:04:13"
628012,tk-20260518140409-yikg7g,MX,seedance2.0,324900,消费,-14.9454,"2026-05-18 14:04:09"
627905,tk-20260518140408-tzfjfi,MX,seedance2.0,281700,消费,-12.9582,"2026-05-18 14:04:08"
627898,tk-20260518140405-1in88a,MX,seedance2.0,281700,消费,-12.9582,"2026-05-18 14:04:05"
627999,tk-20260518140341-gdidjw,MX,seedance2.0,260100,消费,-11.9646,"2026-05-18 14:03:41"
627747,tk-20260518140339-50i0sr,MX,seedance2.0,151078,消费,-6.9495,"2026-05-18 14:03:39"
627990,tk-20260518140330-2i07a2,MX,seedance2.0,324900,消费,-14.9454,"2026-05-18 14:03:30"
627829,tk-20260518140239-mxzhgr,MX,seedance2.0,87300,消费,-4.0158,"2026-05-18 14:02:39"
627955,tk-20260518140232-iv59uv,MX,seedance2.0,324900,消费,-14.9454,"2026-05-18 14:02:32"
627952,tk-20260518140224-p3co32,MX,seedance2.0,324900,消费,-14.9454,"2026-05-18 14:02:24"
628471,tk-20260518140208-mtgf4a,MX,seedance2.0,324900,消费,-14.9454,"2026-05-18 14:02:08"
627806,tk-20260518140204-tao8po,MX,seedance2.0,324900,消费,-14.9454,"2026-05-18 14:02:04"
627798,tk-20260518140152-8vbmdv,MX,seedance2.0,324900,消费,-14.9454,"2026-05-18 14:01:52"
627680,tk-20260518140151-vyzppe,MX,seedance2.0,130990,消费,-6.0255,"2026-05-18 14:01:51"
627932,tk-20260518140150-akoo84,MX,seedance2.0,216900,消费,-9.9774,"2026-05-18 14:01:50"
627790,tk-20260518140132-hjz4kc,MX,seedance2.0,151078,消费,-6.9495,"2026-05-18 14:01:32"
627903,tk-20260518140109-doh0p8,MX,seedance2.0,324900,消费,-14.9454,"2026-05-18 14:01:09"
627771,tk-20260518140105-zy8s86,MX,seedance2.0,324900,消费,-14.9454,"2026-05-18 14:01:05"
627902,tk-20260518140100-4j0712,MX,seedance2.0,324900,消费,-14.9454,"2026-05-18 14:01:00"
627901,tk-20260518140059-h5lauu,MX,seedance2.0,324900,消费,-14.9454,"2026-05-18 14:00:59"
627890,tk-20260518140058-dyn0aq,MX,seedance2.0,108900,消费,-5.0094,"2026-05-18 14:00:58"
627759,tk-20260518140043-aiznv5,MX,seedance2.0,324900,消费,-14.9454,"2026-05-18 14:00:43"
627635,tk-20260518140041-huxf92,MX,seedance2.0,151078,消费,-6.9495,"2026-05-18 14:00:41"
627740,tk-20260518140028-0rvibc,MX,seedance2.0,324900,消费,-14.9454,"2026-05-18 14:00:28"
627735,tk-20260518140016-9s51h2,MX,seedance2.0,108900,消费,-5.0094,"2026-05-18 14:00:16"
627732,tk-20260518140011-5fzvf0,MX,seedance2.0,151078,消费,-6.9495,"2026-05-18 14:00:11"
627831,tk-20260518135935-4lf18x,MX,seedance2.0,216900,消费,-9.9774,"2026-05-18 13:59:35"
627708,tk-20260518135933-1otoa1,MX,seedance2.0,324900,消费,-14.9454,"2026-05-18 13:59:33"
627705,tk-20260518135927-07oqzp,MX,seedance2.0,324900,消费,-14.9454,"2026-05-18 13:59:27"
627701,tk-20260518135920-35lt42,MX,seedance2.0,324900,消费,-14.9454,"2026-05-18 13:59:20"
627689,tk-20260518135858-tbay95,MX,seedance2.0,260100,消费,-11.9646,"2026-05-18 13:58:58"
627677,tk-20260518135841-lep2hh,MX,seedance2.0,324900,消费,-14.9454,"2026-05-18 13:58:41"
627673,tk-20260518135835-en9ht4,MX,seedance2.0,151078,消费,-6.9495,"2026-05-18 13:58:35"
627788,tk-20260518135829-evsn8h,MX,seedance2.0,324900,消费,-14.9454,"2026-05-18 13:58:29"
627665,tk-20260518135824-sd9oyh,MX,seedance2.0,324900,消费,-14.9454,"2026-05-18 13:58:24"
627647,tk-20260518135757-f3a3kn,MX,seedance2.0,151078,消费,-6.9495,"2026-05-18 13:57:57"
627645,tk-20260518135745-qcv3bo,MX,seedance2.0,216900,消费,-9.9774,"2026-05-18 13:57:45"
628263,tk-20260518135745-xk1cj4,MX,seedance2.0,151078,消费,-6.9495,"2026-05-18 13:57:45"
627634,tk-20260518135741-m5afpj,MX,seedance2.0,324900,消费,-14.9454,"2026-05-18 13:57:41"
627631,tk-20260518135736-b2uomb,MX,seedance2.0,173700,消费,-7.9902,"2026-05-18 13:57:36"
627619,tk-20260518135732-6w0c9l,MX,seedance2.0,260100,消费,-11.9646,"2026-05-18 13:57:32"
627612,tk-20260518135717-y1xtqk,MX,seedance2.0,216900,消费,-9.9774,"2026-05-18 13:57:17"
627731,tk-20260518135713-mfqyms,MX,seedance2.0,260100,消费,-11.9646,"2026-05-18 13:57:13"
627605,tk-20260518135710-3udusg,MX,seedance2.0,151078,消费,-6.9495,"2026-05-18 13:57:10"
628215,tk-20260518135647-y4lf08,MX,seedance2.0,324900,消费,-14.9454,"2026-05-18 13:56:47"
627713,tk-20260518135643-aw04eu,MX,seedance2.0,324900,消费,-14.9454,"2026-05-18 13:56:43"
627583,tk-20260518135630-18i84u,MX,seedance2.0,324900,消费,-14.9454,"2026-05-18 13:56:30"
627697,tk-20260518135615-43cvkk,MX,seedance2.0,324900,消费,-14.9454,"2026-05-18 13:56:15"
627571,tk-20260518135611-3wjh28,MX,seedance2.0,324900,消费,-14.9454,"2026-05-18 13:56:11"
627575,tk-20260518135611-a41en2,MX,seedance2.0,151078,消费,-6.9495,"2026-05-18 13:56:11"
627481,tk-20260518135605-k2v1ez,MX,seedance2.0,130500,消费,-6.0030,"2026-05-18 13:56:05"
627562,tk-20260518135604-ar2nrj,MX,seedance2.0,324900,消费,-14.9454,"2026-05-18 13:56:04"
627696,tk-20260518135601-z5l6us,MX,seedance2.0,324900,消费,-14.9454,"2026-05-18 13:56:01"
627553,tk-20260518135550-ql9jx4,MX,seedance2.0,324900,消费,-14.9454,"2026-05-18 13:55:50"
627554,tk-20260518135549-lnck02,MX,seedance2.0,324900,消费,-14.9454,"2026-05-18 13:55:49"
628157,tk-20260518135548-6k9n8d,MX,seedance2.0,151078,消费,-6.9495,"2026-05-18 13:55:48"
627551,tk-20260518135544-iiq27a,MX,seedance2.0,324900,消费,-14.9454,"2026-05-18 13:55:44"
627550,tk-20260518135543-6ka9y4,MX,seedance2.0,324900,消费,-14.9454,"2026-05-18 13:55:43"
627548,tk-20260518135539-g94edv,MX,seedance2.0,324900,消费,-14.9454,"2026-05-18 13:55:39"
627546,tk-20260518135535-h662hb,MX,seedance2.0,324900,消费,-14.9454,"2026-05-18 13:55:35"
627545,tk-20260518135533-bzgrnz,MX,seedance2.0,324900,消费,-14.9454,"2026-05-18 13:55:33"
627539,tk-20260518135527-2k6o14,MX,seedance2.0,324900,消费,-14.9454,"2026-05-18 13:55:27"
627464,tk-20260518135522-mw41wl,MX,seedance2.0,141034,消费,-6.4875,"2026-05-18 13:55:22"
627532,tk-20260518135521-z8eugs,MX,seedance2.0,324900,消费,-14.9454,"2026-05-18 13:55:21"
627541,tk-20260518135521-whovo6,MX,seedance2.0,324900,消费,-14.9454,"2026-05-18 13:55:21"
627520,tk-20260518135501-qhe741,MX,seedance2.0,324900,消费,-14.9454,"2026-05-18 13:55:01"
627513,tk-20260518135437-fpfd18,MX,seedance2.0,324900,消费,-14.9454,"2026-05-18 13:54:37"
627512,tk-20260518135433-cu49bd,MX,seedance2.0,260100,消费,-11.9646,"2026-05-18 13:54:33"
627617,tk-20260518135429-eddbq2,MX,seedance2.0,151078,消费,-6.9495,"2026-05-18 13:54:29"
627628,tk-20260518135429-vijks1,MX,seedance2.0,173700,消费,-7.9902,"2026-05-18 13:54:29"
627503,tk-20260518135409-gfwkzc,MX,seedance2.0,324900,消费,-14.9454,"2026-05-18 13:54:09"
627499,tk-20260518135359-msast7,MX,seedance2.0,324900,消费,-14.9454,"2026-05-18 13:53:59"
627419,tk-20260518135346-y9xha7,MX,seedance2.0,108900,消费,-5.0094,"2026-05-18 13:53:46"
627412,tk-20260518135325-bxyzlg,MX,seedance2.0,324900,消费,-14.9454,"2026-05-18 13:53:25"
627487,tk-20260518135323-lyhe8w,MX,seedance2.0,324900,消费,-14.9454,"2026-05-18 13:53:23"
627482,tk-20260518135302-rxae0w,MX,seedance2.0,324900,消费,-14.9454,"2026-05-18 13:53:02"
627477,tk-20260518135254-hi55ja,MX,seedance2.0,216900,消费,-9.9774,"2026-05-18 13:52:54"
627394,tk-20260518135249-a4r0t7,MX,seedance2.0,173700,消费,-7.9902,"2026-05-18 13:52:49"
627395,tk-20260518135249-d27tya,MX,seedance2.0,324900,消费,-14.9454,"2026-05-18 13:52:49"
627470,tk-20260518135235-u11lpv,MX,seedance2.0,216900,消费,-9.9774,"2026-05-18 13:52:35"
627465,tk-20260518135222-tae3ux,MX,seedance2.0,324900,消费,-14.9454,"2026-05-18 13:52:22"
627526,tk-20260518135204-4x6o48,MX,seedance2.0,324900,消费,-14.9454,"2026-05-18 13:52:04"
627519,tk-20260518135159-izdm2b,MX,seedance2.0,324900,消费,-14.9454,"2026-05-18 13:51:59"
627511,tk-20260518135135-4vg8qd,MX,seedance2.0,324900,消费,-14.9454,"2026-05-18 13:51:35"
627436,tk-20260518135120-roo34p,MX,seedance2.0,324900,消费,-14.9454,"2026-05-18 13:51:20"
627363,tk-20260518135103-fzelj4,MX,seedance2.0,324900,消费,-14.9454,"2026-05-18 13:51:03"
627433,tk-20260518135102-g4ueel,MX,seedance2.0,216900,消费,-9.9774,"2026-05-18 13:51:02"
627422,tk-20260518135051-r9c8nt,MX,seedance2.0,151078,消费,-6.9495,"2026-05-18 13:50:51"
627423,tk-20260518135051-a2g8wz,MX,seedance2.0,324900,消费,-14.9454,"2026-05-18 13:50:51"
627428,tk-20260518135050-j27icj,MX,seedance2.0,324900,消费,-14.9454,"2026-05-18 13:50:50"
627415,tk-20260518135031-cprtjg,MX,seedance2.0,324900,消费,-14.9454,"2026-05-18 13:50:31"
627411,tk-20260518135025-wg7bzc,MX,seedance2.0,324900,消费,-14.9454,"2026-05-18 13:50:25"
627409,tk-20260518135023-r08b4t,MX,seedance2.0,324900,消费,-14.9454,"2026-05-18 13:50:23"
627403,tk-20260518135003-1174sc,MX,seedance2.0,216900,消费,-9.9774,"2026-05-18 13:50:03"
627399,tk-20260518135000-vnra1c,MX,seedance2.0,151078,消费,-6.9495,"2026-05-18 13:50:00"
627393,tk-20260518134949-t9kry4,MX,seedance2.0,324900,消费,-14.9454,"2026-05-18 13:49:49"
627549,tk-20260518134939-qfq1vc,MX,seedance2.0,324900,消费,-14.9454,"2026-05-18 13:49:39"
627385,tk-20260518134912-imeggo,MX,seedance2.0,324900,消费,-14.9454,"2026-05-18 13:49:12"
627461,tk-20260518134912-7j3qks,MX,seedance2.0,108900,消费,-5.0094,"2026-05-18 13:49:12"
627320,tk-20260518134908-y563oo,MX,seedance2.0,108900,消费,-5.0094,"2026-05-18 13:49:08"
627524,tk-20260518134906-fo053n,MX,seedance2.0,216900,消费,-9.9774,"2026-05-18 13:49:06"
627318,tk-20260518134905-s9zldg,MX,seedance2.0,50638,消费,-2.3293,"2026-05-18 13:49:05"
627317,tk-20260518134902-5j2hau,MX,seedance2.0,141034,消费,-6.4875,"2026-05-18 13:49:02"
627375,tk-20260518134840-wzwzl3,MX,seedance2.0,151078,消费,-6.9495,"2026-05-18 13:48:40"
627374,tk-20260518134832-z7sp55,MX,seedance2.0,324900,消费,-14.9454,"2026-05-18 13:48:32"
627373,tk-20260518134831-9ta67l,MX,seedance2.0,324900,消费,-14.9454,"2026-05-18 13:48:31"
627445,tk-20260518134831-9j9cow,MX,seedance2.0,324900,消费,-14.9454,"2026-05-18 13:48:31"
627369,tk-20260518134824-30z17c,MX,seedance2.0,120946,消费,-5.5635,"2026-05-18 13:48:24"
627368,tk-20260518134822-ewjj6d,MX,seedance2.0,324900,消费,-14.9454,"2026-05-18 13:48:22"
627435,tk-20260518134811-bo9xxe,MX,seedance2.0,324900,消费,-14.9454,"2026-05-18 13:48:11"
627432,tk-20260518134801-n3xnj9,MX,seedance2.0,324900,消费,-14.9454,"2026-05-18 13:48:01"
627356,tk-20260518134738-w2ppzm,MX,seedance2.0,260100,消费,-11.9646,"2026-05-18 13:47:38"
627282,tk-20260518134726-c0ucmj,MX,seedance2.0,195300,消费,-8.9838,"2026-05-18 13:47:26"
627578,tk-20260518134726-zyuipy,MX,seedance2.0,324900,消费,-14.9454,"2026-05-18 13:47:26"
627345,tk-20260518134719-p1izbb,MX,seedance2.0,324900,消费,-14.9454,"2026-05-18 13:47:19"
627348,tk-20260518134716-rs3bm7,MX,seedance2.0,216900,消费,-9.9774,"2026-05-18 13:47:16"
627272,tk-20260518134649-pxgrp5,MX,seedance2.0,87300,消费,-4.0158,"2026-05-18 13:46:49"
627313,tk-20260518134545-w8plhd,MX,seedance2.0,324900,消费,-14.9454,"2026-05-18 13:45:45"
627307,tk-20260518134536-7x2l8t,MX,seedance2.0,324900,消费,-14.9454,"2026-05-18 13:45:36"
627300,tk-20260518134504-ln2kqo,MX,seedance2.0,324900,消费,-14.9454,"2026-05-18 13:45:04"
627195,tk-20260518134502-cf3bat,MX,seedance2.0,87300,消费,-4.0158,"2026-05-18 13:45:02"
627287,tk-20260518134448-n5sxno,MX,seedance2.0,151078,消费,-6.9495,"2026-05-18 13:44:48"
627279,tk-20260518134417-qclmit,MX,seedance2.0,324900,消费,-14.9454,"2026-05-18 13:44:17"
627335,tk-20260518134349-6dnnnk,MX,seedance2.0,324900,消费,-14.9454,"2026-05-18 13:43:49"
627331,tk-20260518134347-w6mb2u,MX,seedance2.0,324900,消费,-14.9454,"2026-05-18 13:43:47"
627267,tk-20260518134342-zqfzpp,MX,seedance2.0,324900,消费,-14.9454,"2026-05-18 13:43:42"
627264,tk-20260518134333-hl6p9f,MX,seedance2.0,151078,消费,-6.9495,"2026-05-18 13:43:33"
627263,tk-20260518134330-zoxeqb,MX,seedance2.0,324900,消费,-14.9454,"2026-05-18 13:43:30"
627255,tk-20260518134319-bzvzao,MX,seedance2.0,216900,消费,-9.9774,"2026-05-18 13:43:19"
627249,tk-20260518134317-d8p2gh,MX,seedance2.0,151078,消费,-6.9495,"2026-05-18 13:43:17"
627243,tk-20260518134301-v33li6,MX,seedance2.0,87300,消费,-4.0158,"2026-05-18 13:43:01"
627217,tk-20260518134243-f317ub,MX,seedance2.0,260100,消费,-11.9646,"2026-05-18 13:42:43"
627138,tk-20260518134214-8636rj,MX,seedance2.0,173700,消费,-7.9902,"2026-05-18 13:42:14"
627198,tk-20260518134208-kyxigk,MX,seedance2.0,324900,消费,-14.9454,"2026-05-18 13:42:08"
627193,tk-20260518134149-bea79w,MX,seedance2.0,324900,消费,-14.9454,"2026-05-18 13:41:49"
627190,tk-20260518134134-13tb66,MX,seedance2.0,87300,消费,-4.0158,"2026-05-18 13:41:34"
627184,tk-20260518134131-v945zt,MX,seedance2.0,195300,消费,-8.9838,"2026-05-18 13:41:31"
627180,tk-20260518134116-3bm8tg,MX,seedance2.0,324900,消费,-14.9454,"2026-05-18 13:41:16"
627172,tk-20260518134050-w7rw7h,MX,seedance2.0,324900,消费,-14.9454,"2026-05-18 13:40:50"
627168,tk-20260518134047-224866,MX,seedance2.0,324900,消费,-14.9454,"2026-05-18 13:40:47"
627171,tk-20260518134045-lr88z5,MX,seedance2.0,324900,消费,-14.9454,"2026-05-18 13:40:45"
627165,tk-20260518134030-y0rrvw,MX,seedance2.0,324900,消费,-14.9454,"2026-05-18 13:40:30"
627099,tk-20260518134028-sndft9,MX,seedance2.0,141034,消费,-6.4875,"2026-05-18 13:40:28"
627153,tk-20260518134004-mbn7u3,MX,seedance2.0,281700,消费,-12.9582,"2026-05-18 13:40:04"
627088,tk-20260518133936-uqe5ms,MX,seedance2.0,50638,消费,-2.3293,"2026-05-18 13:39:36"
627146,tk-20260518133936-i0jca5,MX,seedance2.0,324900,消费,-14.9454,"2026-05-18 13:39:36"
627136,tk-20260518133913-6xg8zi,MX,seedance2.0,324900,消费,-14.9454,"2026-05-18 13:39:13"
627129,tk-20260518133856-yo8lev,MX,seedance2.0,238500,消费,-10.9710,"2026-05-18 13:38:56"
627127,tk-20260518133852-hewsi3,MX,seedance2.0,324900,消费,-14.9454,"2026-05-18 13:38:52"
627113,tk-20260518133810-21zxvm,MX,seedance2.0,324900,消费,-14.9454,"2026-05-18 13:38:10"
627109,tk-20260518133758-5xwfmt,MX,seedance2.0,216900,消费,-9.9774,"2026-05-18 13:37:58"
627054,tk-20260518133754-vlo3jr,MX,seedance2.0,108900,消费,-5.0094,"2026-05-18 13:37:54"
627106,tk-20260518133744-dsxyce,MX,seedance2.0,324900,消费,-14.9454,"2026-05-18 13:37:44"
627044,tk-20260518133723-4t2y0k,MX,seedance2.0,195300,消费,-8.9838,"2026-05-18 13:37:23"
627094,tk-20260518133700-iaj22o,MX,seedance2.0,324900,消费,-14.9454,"2026-05-18 13:37:00"
627041,tk-20260518133655-piw3zb,MX,seedance2.0,216900,消费,-9.9774,"2026-05-18 13:36:55"
627091,tk-20260518133646-1oueb0,MX,seedance2.0,324900,消费,-14.9454,"2026-05-18 13:36:46"
627087,tk-20260518133628-cg923m,MX,seedance2.0,324900,消费,-14.9454,"2026-05-18 13:36:28"
627085,tk-20260518133627-6ul94h,MX,seedance2.0,108900,消费,-5.0094,"2026-05-18 13:36:27"
627079,tk-20260518133611-urmkwz,MX,seedance2.0,324900,消费,-14.9454,"2026-05-18 13:36:11"
627078,tk-20260518133607-h6ok0c,MX,seedance2.0,173700,消费,-7.9902,"2026-05-18 13:36:07"
627071,tk-20260518133603-v9vwpp,MX,seedance2.0,324900,消费,-14.9454,"2026-05-18 13:36:03"
627070,tk-20260518133602-gqr5n3,MX,seedance2.0,152100,消费,-6.9966,"2026-05-18 13:36:02"
627023,tk-20260518133555-f9gfbg,MX,seedance2.0,108900,消费,-5.0094,"2026-05-18 13:35:55"
627014,tk-20260518133508-alu6ii,MX,seedance2.0,324900,消费,-14.9454,"2026-05-18 13:35:08"
627046,tk-20260518133424-ts8vhp,MX,seedance2.0,324900,消费,-14.9454,"2026-05-18 13:34:24"
627031,tk-20260518133319-m327lu,MX,seedance2.0,216900,消费,-9.9774,"2026-05-18 13:33:19"
627027,tk-20260518133313-nwoy2l,MX,seedance2.0,324900,消费,-14.9454,"2026-05-18 13:33:13"
627133,tk-20260518133303-5raasy,MX,seedance2.0,324900,消费,-14.9454,"2026-05-18 13:33:03"
626980,tk-20260518133259-ibfv8h,MX,seedance2.0,152100,消费,-6.9966,"2026-05-18 13:32:59"
626976,tk-20260518133244-xcbgv8,MX,seedance2.0,108900,消费,-5.0094,"2026-05-18 13:32:44"
626975,tk-20260518133240-k2orgw,MX,seedance2.0,152100,消费,-6.9966,"2026-05-18 13:32:40"
626928,tk-20260518133232-5c3w4f,MX,seedance2.0,108900,消费,-5.0094,"2026-05-18 13:32:32"
626964,tk-20260518133205-1g4kko,MX,seedance2.0,324900,消费,-14.9454,"2026-05-18 13:32:05"
626944,tk-20260518133036-x9saou,MX,seedance2.0,216900,消费,-9.9774,"2026-05-18 13:30:36"
626937,tk-20260518133003-4or0dg,MX,seedance2.0,260100,消费,-11.9646,"2026-05-18 13:30:03"
626959,tk-20260518132853-kua9n4,MX,seedance2.0,324900,消费,-14.9454,"2026-05-18 13:28:53"
626914,tk-20260518132808-hi61iu,MX,seedance2.0,87300,消费,-4.0158,"2026-05-18 13:28:08"
627034,tk-20260518132725-dgx3ko,MX,seedance2.0,173700,消费,-7.9902,"2026-05-18 13:27:25"
626886,tk-20260518132610-rcjtzf,MX,seedance2.0,130500,消费,-6.0030,"2026-05-18 13:26:10"
626854,tk-20260518132301-4eka8a,MX,seedance2.0,108900,消费,-5.0094,"2026-05-18 13:23:01"
626881,tk-20260518132235-me903l,MX,seedance2.0,303300,消费,-13.9518,"2026-05-18 13:22:35"
626827,tk-20260518131943-ud781z,MX,seedance2.0,173700,消费,-7.9902,"2026-05-18 13:19:43"
626805,tk-20260518131731-6frkw8,MX,seedance2.0,173700,消费,-7.9902,"2026-05-18 13:17:31"
626813,tk-20260518131521-53dbd3,MX,seedance2.0,324900,消费,-14.9454,"2026-05-18 13:15:21"
626808,tk-20260518131453-4cbg1f,MX,seedance2.0,87300,消费,-4.0158,"2026-05-18 13:14:53"
626791,tk-20260518131319-5juulz,MX,seedance2.0,303300,消费,-13.9518,"2026-05-18 13:13:19"
626782,tk-20260518131138-79q278,MX,seedance2.0,87300,消费,-4.0158,"2026-05-18 13:11:38"
626773,tk-20260518131114-77quin,MX,seedance2.0,324900,消费,-14.9454,"2026-05-18 13:11:14"
626770,tk-20260518131039-qq65zk,MX,seedance2.0,87300,消费,-4.0158,"2026-05-18 13:10:39"
626786,tk-20260518130859-dja9ou,MX,seedance2.0,173700,消费,-7.9902,"2026-05-18 13:08:59"
626700,tk-20260518130011-d0x9fn,MX,seedance2.0,87300,消费,-4.0158,"2026-05-18 13:00:11"
626708,tk-20260518130002-zo9rt2,MX,seedance2.0,87300,消费,-4.0158,"2026-05-18 13:00:02"
626699,tk-20260518125713-bdptg9,MX,seedance2.0,324900,消费,-14.9454,"2026-05-18 12:57:13"
626710,tk-20260518125443-ltiiof,MX,seedance2.0,130500,消费,-6.0030,"2026-05-18 12:54:43"
626671,tk-20260518125357-y8reps,MX,seedance2.0,324900,消费,-14.9454,"2026-05-18 12:53:57"
626666,tk-20260518125140-29o751,MX,seedance2.0,216900,消费,-9.9774,"2026-05-18 12:51:40"
626674,tk-20260518125136-fzjo16,MX,seedance2.0,108900,消费,-5.0094,"2026-05-18 12:51:36"
626665,tk-20260518125133-287bo0,MX,seedance2.0,108900,消费,-5.0094,"2026-05-18 12:51:33"
626662,tk-20260518125038-9lu9ln,MX,seedance2.0,324900,消费,-14.9454,"2026-05-18 12:50:38"
626669,tk-20260518125017-pksoos,MX,seedance2.0,324900,消费,-14.9454,"2026-05-18 12:50:17"
626704,tk-20260518124626-h4cnoi,MX,seedance2.0,108900,消费,-5.0094,"2026-05-18 12:46:26"
626643,tk-20260518124447-90b6cf,MX,seedance2.0,216900,消费,-9.9774,"2026-05-18 12:44:47"
626638,tk-20260518124359-i51ymn,MX,seedance2.0,216900,消费,-9.9774,"2026-05-18 12:43:59"
626632,tk-20260518124242-qb515x,MX,seedance2.0,130500,消费,-6.0030,"2026-05-18 12:42:42"
626647,tk-20260518124238-3qqo1i,MX,seedance2.0,324900,消费,-14.9454,"2026-05-18 12:42:38"
626626,tk-20260518124102-jyc12b,MX,seedance2.0,324900,消费,-14.9454,"2026-05-18 12:41:02"
626637,tk-20260518124051-b8ntpj,MX,seedance2.0,324900,消费,-14.9454,"2026-05-18 12:40:51"
626635,tk-20260518124049-ozus74,MX,seedance2.0,324900,消费,-14.9454,"2026-05-18 12:40:49"
626620,tk-20260518123941-rdsjra,MX,seedance2.0,87300,消费,-4.0158,"2026-05-18 12:39:41"
626619,tk-20260518123925-8sw1gh,MX,seedance2.0,108900,消费,-5.0094,"2026-05-18 12:39:25"
626629,tk-20260518123851-2gu9xw,MX,seedance2.0,324900,消费,-14.9454,"2026-05-18 12:38:51"
626624,tk-20260518123729-evvsii,MX,seedance2.0,324900,消费,-14.9454,"2026-05-18 12:37:29"
626618,tk-20260518123623-488auu,MX,seedance2.0,216900,消费,-9.9774,"2026-05-18 12:36:23"
626614,tk-20260518123555-n5kri2,MX,seedance2.0,324900,消费,-14.9454,"2026-05-18 12:35:55"
626613,tk-20260518123540-git0t0,MX,seedance2.0,324900,消费,-14.9454,"2026-05-18 12:35:40"
626604,tk-20260518123417-nasu87,MX,seedance2.0,216900,消费,-9.9774,"2026-05-18 12:34:17"
626587,tk-20260518123411-al0u92,MX,seedance2.0,216900,消费,-9.9774,"2026-05-18 12:34:11"
626584,tk-20260518123338-soxo7g,MX,seedance2.0,152100,消费,-6.9966,"2026-05-18 12:33:38"
626602,tk-20260518123338-ltgey5,MX,seedance2.0,130500,消费,-6.0030,"2026-05-18 12:33:38"
626582,tk-20260518123335-93zb8u,MX,seedance2.0,152100,消费,-6.9966,"2026-05-18 12:33:35"
626540,tk-20260518122829-5ul41s,MX,seedance2.0,87300,消费,-4.0158,"2026-05-18 12:28:29"
626541,tk-20260518122532-qgnapp,MX,seedance2.0,324900,消费,-14.9454,"2026-05-18 12:25:32"
626537,tk-20260518122458-a532xv,MX,seedance2.0,324900,消费,-14.9454,"2026-05-18 12:24:58"
626501,tk-20260518122407-w10gup,MX,seedance2.0,87300,消费,-4.0158,"2026-05-18 12:24:07"
626520,tk-20260518122248-0mdxes,MX,seedance2.0,152100,消费,-6.9966,"2026-05-18 12:22:48"
626476,tk-20260518122036-h5jn14,MX,seedance2.0,87300,消费,-4.0158,"2026-05-18 12:20:36"
626490,tk-20260518121912-e0rpej,MX,seedance2.0,216900,消费,-9.9774,"2026-05-18 12:19:12"
626486,tk-20260518121851-2sr11h,MX,seedance2.0,324900,消费,-14.9454,"2026-05-18 12:18:51"
626499,tk-20260518121749-z84f3a,MX,seedance2.0,324900,消费,-14.9454,"2026-05-18 12:17:49"
626410,tk-20260518120746-8d5g1e,MX,seedance2.0,216900,消费,-9.9774,"2026-05-18 12:07:46"
626403,tk-20260518120714-3c7sht,MX,seedance2.0,216900,消费,-9.9774,"2026-05-18 12:07:14"
626397,tk-20260518120626-1vn4np,MX,seedance2.0,324900,消费,-14.9454,"2026-05-18 12:06:26"
626420,tk-20260518120557-eh8kvs,MX,seedance2.0,324900,消费,-14.9454,"2026-05-18 12:05:57"
626180,tk-20260518120512-1y17yx,MX,seedance2.0,173700,消费,-7.9902,"2026-05-18 12:05:12"
626385,tk-20260518120501-4u0qzz,MX,seedance2.0,324900,消费,-14.9454,"2026-05-18 12:05:01"
626176,tk-20260518120458-iidv6i,MX,seedance2.0,87300,消费,-4.0158,"2026-05-18 12:04:58"
626383,tk-20260518120449-qzj5tn,MX,seedance2.0,173700,消费,-7.9902,"2026-05-18 12:04:49"
626380,tk-20260518120446-hgdr3y,MX,seedance2.0,324900,消费,-14.9454,"2026-05-18 12:04:46"
626198,tk-20260518120337-0b620i,MX,seedance2.0,108900,消费,-5.0094,"2026-05-18 12:03:37"
626189,tk-20260518120253-mv1iu4,MX,seedance2.0,195300,消费,-8.9838,"2026-05-18 12:02:53"
626191,tk-20260518120250-dr8i78,MX,seedance2.0,260100,消费,-11.9646,"2026-05-18 12:02:50"
626161,tk-20260518120042-e6fpod,MX,seedance2.0,260100,消费,-11.9646,"2026-05-18 12:00:42"
626087,tk-20260518120041-3mtzh4,MX,seedance2.0,87300,消费,-4.0158,"2026-05-18 12:00:41"
626078,tk-20260518120008-vkkrp4,MX,seedance2.0,108900,消费,-5.0094,"2026-05-18 12:00:08"
626131,tk-20260518115940-zcj6ws,MX,seedance2.0,324900,消费,-14.9454,"2026-05-18 11:59:40"
626069,tk-20260518115928-p2lulk,MX,seedance2.0,108900,消费,-5.0094,"2026-05-18 11:59:28"
626065,tk-20260518115923-m03s7b,MX,seedance2.0,108900,消费,-5.0094,"2026-05-18 11:59:23"
626440,tk-20260518115917-sbmaj9,MX,seedance2.0,324900,消费,-14.9454,"2026-05-18 11:59:17"
626117,tk-20260518115904-rtgrxs,MX,seedance2.0,324900,消费,-14.9454,"2026-05-18 11:59:04"
626177,tk-20260518115853-xajrx6,MX,seedance2.0,195300,消费,-8.9838,"2026-05-18 11:58:53"
626108,tk-20260518115850-fleim2,MX,seedance2.0,324900,消费,-14.9454,"2026-05-18 11:58:50"
626105,tk-20260518115836-7pqc9c,MX,seedance2.0,324900,消费,-14.9454,"2026-05-18 11:58:36"
626023,tk-20260518115753-7t79nb,MX,seedance2.0,87300,消费,-4.0158,"2026-05-18 11:57:53"
626165,tk-20260518115753-zbz1kz,MX,seedance2.0,324900,消费,-14.9454,"2026-05-18 11:57:53"
626086,tk-20260518115738-madnk8,MX,seedance2.0,324900,消费,-14.9454,"2026-05-18 11:57:38"
626085,tk-20260518115736-mqgqr0,MX,seedance2.0,324900,消费,-14.9454,"2026-05-18 11:57:36"
626012,tk-20260518115734-iialge,MX,seedance2.0,324900,消费,-14.9454,"2026-05-18 11:57:34"
626084,tk-20260518115730-to5jw0,MX,seedance2.0,260100,消费,-11.9646,"2026-05-18 11:57:30"
626008,tk-20260518115727-85pnlr,MX,seedance2.0,151078,消费,-6.9495,"2026-05-18 11:57:27"
626082,tk-20260518115725-wy3urb,MX,seedance2.0,324900,消费,-14.9454,"2026-05-18 11:57:25"
626080,tk-20260518115713-vmcuu0,MX,seedance2.0,324900,消费,-14.9454,"2026-05-18 11:57:13"
626000,tk-20260518115710-04bkzm,MX,seedance2.0,173700,消费,-7.9902,"2026-05-18 11:57:10"
626447,tk-20260518115645-9cllrl,MX,seedance2.0,281700,消费,-12.9582,"2026-05-18 11:56:45"
625973,tk-20260518115614-qyjx8c,MX,seedance2.0,151078,消费,-6.9495,"2026-05-18 11:56:14"
625961,tk-20260518115611-ppa3qx,MX,seedance2.0,108900,消费,-5.0094,"2026-05-18 11:56:11"
626055,tk-20260518115610-uy0xgv,MX,seedance2.0,50638,消费,-2.3293,"2026-05-18 11:56:10"
626050,tk-20260518115557-wftq3s,MX,seedance2.0,324900,消费,-14.9454,"2026-05-18 11:55:57"
625957,tk-20260518115556-7nhq2o,MX,seedance2.0,87300,消费,-4.0158,"2026-05-18 11:55:56"
626052,tk-20260518115555-dhgscn,MX,seedance2.0,324900,消费,-14.9454,"2026-05-18 11:55:55"
626047,tk-20260518115551-67ww3l,MX,seedance2.0,151078,消费,-6.9495,"2026-05-18 11:55:51"
625956,tk-20260518115545-r5t5bj,MX,seedance2.0,151078,消费,-6.9495,"2026-05-18 11:55:45"
626043,tk-20260518115534-k8hpcu,MX,seedance2.0,151078,消费,-6.9495,"2026-05-18 11:55:34"
626101,tk-20260518115523-ydbhdv,MX,seedance2.0,281700,消费,-12.9582,"2026-05-18 11:55:23"
625940,tk-20260518115518-6uy6cz,MX,seedance2.0,324900,消费,-14.9454,"2026-05-18 11:55:18"
626032,tk-20260518115505-rqglm3,MX,seedance2.0,324900,消费,-14.9454,"2026-05-18 11:55:05"
626094,tk-20260518115454-eaho5w,MX,seedance2.0,324900,消费,-14.9454,"2026-05-18 11:54:54"
626017,tk-20260518115448-dr57io,MX,seedance2.0,324900,消费,-14.9454,"2026-05-18 11:54:48"
626011,tk-20260518115432-mmqts7,MX,seedance2.0,87300,消费,-4.0158,"2026-05-18 11:54:32"
625914,tk-20260518115423-1x2mua,MX,seedance2.0,260100,消费,-11.9646,"2026-05-18 11:54:23"
626010,tk-20260518115420-vnhg7f,MX,seedance2.0,324900,消费,-14.9454,"2026-05-18 11:54:20"
626007,tk-20260518115418-h0dadh,MX,seedance2.0,324900,消费,-14.9454,"2026-05-18 11:54:18"
625903,tk-20260518115409-40wl8a,MX,seedance2.0,152100,消费,-6.9966,"2026-05-18 11:54:09"
625991,tk-20260518115402-k84e2v,MX,seedance2.0,324900,消费,-14.9454,"2026-05-18 11:54:02"
625990,tk-20260518115358-e7fy26,MX,seedance2.0,303300,消费,-13.9518,"2026-05-18 11:53:58"
625983,tk-20260518115357-rur8c7,MX,seedance2.0,324900,消费,-14.9454,"2026-05-18 11:53:57"
625900,tk-20260518115351-ot7wjb,MX,seedance2.0,87300,消费,-4.0158,"2026-05-18 11:53:51"
625960,tk-20260518115310-er5csu,MX,seedance2.0,324900,消费,-14.9454,"2026-05-18 11:53:10"
625954,tk-20260518115248-lqztks,MX,seedance2.0,195300,消费,-8.9838,"2026-05-18 11:52:48"
625955,tk-20260518115240-tlb1yh,MX,seedance2.0,324900,消费,-14.9454,"2026-05-18 11:52:40"
625945,tk-20260518115229-8ysntj,MX,seedance2.0,324900,消费,-14.9454,"2026-05-18 11:52:29"
625946,tk-20260518115226-d04wro,MX,seedance2.0,324900,消费,-14.9454,"2026-05-18 11:52:26"
625935,tk-20260518115208-x0qo3d,MX,seedance2.0,173700,消费,-7.9902,"2026-05-18 11:52:08"
625934,tk-20260518115204-5k4498,MX,seedance2.0,87300,消费,-4.0158,"2026-05-18 11:52:04"
625846,tk-20260518115157-xtcuwi,MX,seedance2.0,87300,消费,-4.0158,"2026-05-18 11:51:57"
625925,tk-20260518115147-gp1oxz,MX,seedance2.0,173700,消费,-7.9902,"2026-05-18 11:51:47"
625837,tk-20260518115132-z3vnrb,MX,seedance2.0,324900,消费,-14.9454,"2026-05-18 11:51:32"
625920,tk-20260518115132-nbnuam,MX,seedance2.0,324900,消费,-14.9454,"2026-05-18 11:51:32"
625739,tk-20260518115124-dnsr8k,MX,seedance2.0,152100,消费,-6.9966,"2026-05-18 11:51:24"
625909,tk-20260518115116-1ivii3,MX,seedance2.0,108900,消费,-5.0094,"2026-05-18 11:51:16"
625888,tk-20260518115039-x0mvuu,MX,seedance2.0,324900,消费,-14.9454,"2026-05-18 11:50:39"
625810,tk-20260518115038-lz6qou,MX,seedance2.0,238500,消费,-10.9710,"2026-05-18 11:50:38"
625885,tk-20260518115031-s4zaz3,MX,seedance2.0,324900,消费,-14.9454,"2026-05-18 11:50:31"
625881,tk-20260518115025-fdqkph,MX,seedance2.0,324900,消费,-14.9454,"2026-05-18 11:50:25"
625799,tk-20260518115020-ovgu1z,MX,seedance2.0,324900,消费,-14.9454,"2026-05-18 11:50:20"
625805,tk-20260518115020-rrql59,MX,seedance2.0,324900,消费,-14.9454,"2026-05-18 11:50:20"
625877,tk-20260518115016-n4miu3,MX,seedance2.0,324900,消费,-14.9454,"2026-05-18 11:50:16"
625879,tk-20260518115016-w5it18,MX,seedance2.0,324900,消费,-14.9454,"2026-05-18 11:50:16"
625792,tk-20260518115011-gzf4bv,MX,seedance2.0,87300,消费,-4.0158,"2026-05-18 11:50:11"
625869,tk-20260518114941-f22lm0,MX,seedance2.0,324900,消费,-14.9454,"2026-05-18 11:49:41"
625953,tk-20260518114941-kbqgvt,MX,seedance2.0,324900,消费,-14.9454,"2026-05-18 11:49:41"
625948,tk-20260518114932-arkzhr,MX,seedance2.0,324900,消费,-14.9454,"2026-05-18 11:49:32"
625855,tk-20260518114922-rehoks,MX,seedance2.0,324900,消费,-14.9454,"2026-05-18 11:49:22"
625843,tk-20260518114842-44p0t2,MX,seedance2.0,216900,消费,-9.9774,"2026-05-18 11:48:42"
625833,tk-20260518114820-f33uct,MX,seedance2.0,324900,消费,-14.9454,"2026-05-18 11:48:20"
625907,tk-20260518114812-a3ttq6,MX,seedance2.0,324900,消费,-14.9454,"2026-05-18 11:48:12"
625730,tk-20260518114811-t24u14,MX,seedance2.0,151078,消费,-6.9495,"2026-05-18 11:48:11"
625828,tk-20260518114810-y6pa60,MX,seedance2.0,324900,消费,-14.9454,"2026-05-18 11:48:10"
625826,tk-20260518114805-u4mcyc,MX,seedance2.0,324900,消费,-14.9454,"2026-05-18 11:48:05"
625820,tk-20260518114753-abh0jc,MX,seedance2.0,324900,消费,-14.9454,"2026-05-18 11:47:53"
625812,tk-20260518114740-y7siq6,MX,seedance2.0,108900,消费,-5.0094,"2026-05-18 11:47:40"
625714,tk-20260518114739-juhvwc,MX,seedance2.0,87300,消费,-4.0158,"2026-05-18 11:47:39"
625809,tk-20260518114738-k0se5m,MX,seedance2.0,324900,消费,-14.9454,"2026-05-18 11:47:38"
625705,tk-20260518114720-2tar4s,MX,seedance2.0,87300,消费,-4.0158,"2026-05-18 11:47:20"
625794,tk-20260518114716-fxgvwt,MX,seedance2.0,324900,消费,-14.9454,"2026-05-18 11:47:16"
625795,tk-20260518114716-6yzdv0,MX,seedance2.0,87300,消费,-4.0158,"2026-05-18 11:47:16"
625791,tk-20260518114705-uny5ct,MX,seedance2.0,324900,消费,-14.9454,"2026-05-18 11:47:05"
625872,tk-20260518114701-qc1tsy,MX,seedance2.0,324900,消费,-14.9454,"2026-05-18 11:47:01"
625780,tk-20260518114650-u6lniz,MX,seedance2.0,151078,消费,-6.9495,"2026-05-18 11:46:50"
625681,tk-20260518114647-k87ywr,MX,seedance2.0,108900,消费,-5.0094,"2026-05-18 11:46:47"
625779,tk-20260518114647-s6w8my,MX,seedance2.0,260100,消费,-11.9646,"2026-05-18 11:46:47"
625771,tk-20260518114630-1wkg20,MX,seedance2.0,324900,消费,-14.9454,"2026-05-18 11:46:30"
625768,tk-20260518114617-2jx832,MX,seedance2.0,324900,消费,-14.9454,"2026-05-18 11:46:17"
625664,tk-20260518114614-cx338c,MX,seedance2.0,173700,消费,-7.9902,"2026-05-18 11:46:14"
625764,tk-20260518114614-ski2tj,MX,seedance2.0,324900,消费,-14.9454,"2026-05-18 11:46:14"
625667,tk-20260518114613-y3niae,MX,seedance2.0,87300,消费,-4.0158,"2026-05-18 11:46:13"
625761,tk-20260518114611-3921b3,MX,seedance2.0,324900,消费,-14.9454,"2026-05-18 11:46:11"
625657,tk-20260518114606-lzun9h,MX,seedance2.0,130500,消费,-6.0030,"2026-05-18 11:46:06"
625658,tk-20260518114604-pjbxmj,MX,seedance2.0,151078,消费,-6.9495,"2026-05-18 11:46:04"
625759,tk-20260518114604-0ermg1,MX,seedance2.0,324900,消费,-14.9454,"2026-05-18 11:46:04"
625653,tk-20260518114559-ifc8fa,MX,seedance2.0,87300,消费,-4.0158,"2026-05-18 11:45:59"
625754,tk-20260518114559-sdfn56,MX,seedance2.0,324900,消费,-14.9454,"2026-05-18 11:45:59"
625845,tk-20260518114553-de75bp,MX,seedance2.0,324900,消费,-14.9454,"2026-05-18 11:45:53"
625648,tk-20260518114550-519cam,MX,seedance2.0,324900,消费,-14.9454,"2026-05-18 11:45:50"
625749,tk-20260518114549-z2fekc,MX,seedance2.0,324900,消费,-14.9454,"2026-05-18 11:45:49"
625746,tk-20260518114539-n7d5zh,MX,seedance2.0,324900,消费,-14.9454,"2026-05-18 11:45:39"
625738,tk-20260518114528-tptr2r,MX,seedance2.0,281700,消费,-12.9582,"2026-05-18 11:45:28"
625622,tk-20260518114520-tanto6,MX,seedance2.0,108900,消费,-5.0094,"2026-05-18 11:45:20"
625733,tk-20260518114515-qp8zj3,MX,seedance2.0,87300,消费,-4.0158,"2026-05-18 11:45:15"
625732,tk-20260518114512-3pyzeg,MX,seedance2.0,151078,消费,-6.9495,"2026-05-18 11:45:12"
625729,tk-20260518114509-7agqtf,MX,seedance2.0,324900,消费,-14.9454,"2026-05-18 11:45:09"
625600,tk-20260518114501-cvtb0a,MX,seedance2.0,87300,消费,-4.0158,"2026-05-18 11:45:01"
625597,tk-20260518114458-7in3f2,MX,seedance2.0,216900,消费,-9.9774,"2026-05-18 11:44:58"
625720,tk-20260518114449-34e7er,MX,seedance2.0,260100,消费,-11.9646,"2026-05-18 11:44:49"
625578,tk-20260518114431-v1nd1j,MX,seedance2.0,130500,消费,-6.0030,"2026-05-18 11:44:31"
625711,tk-20260518114418-1jory4,MX,seedance2.0,324900,消费,-14.9454,"2026-05-18 11:44:18"
625700,tk-20260518114412-qp9b42,MX,seedance2.0,151078,消费,-6.9495,"2026-05-18 11:44:12"
625556,tk-20260518114404-dh7zna,MX,seedance2.0,87300,消费,-4.0158,"2026-05-18 11:44:04"
625541,tk-20260518114335-bwitto,MX,seedance2.0,216900,消费,-9.9774,"2026-05-18 11:43:35"
625537,tk-20260518114334-jk1tfa,MX,seedance2.0,324900,消费,-14.9454,"2026-05-18 11:43:34"
625857,tk-20260518114322-rsxm37,MX,seedance2.0,324900,消费,-14.9454,"2026-05-18 11:43:22"
625644,tk-20260518114242-axs1hq,MX,seedance2.0,216900,消费,-9.9774,"2026-05-18 11:42:42"
625639,tk-20260518114234-sio8ie,MX,seedance2.0,195300,消费,-8.9838,"2026-05-18 11:42:34"
625637,tk-20260518114232-t3ql0m,MX,seedance2.0,151078,消费,-6.9495,"2026-05-18 11:42:32"
625638,tk-20260518114232-1x7lyd,MX,seedance2.0,151078,消费,-6.9495,"2026-05-18 11:42:32"
625494,tk-20260518114231-fa2u44,MX,seedance2.0,151078,消费,-6.9495,"2026-05-18 11:42:31"
625495,tk-20260518114231-rpwpt0,MX,seedance2.0,151078,消费,-6.9495,"2026-05-18 11:42:31"
625497,tk-20260518114231-n1tj0z,MX,seedance2.0,151078,消费,-6.9495,"2026-05-18 11:42:31"
625502,tk-20260518114231-1ezy9y,MX,seedance2.0,151078,消费,-6.9495,"2026-05-18 11:42:31"
625625,tk-20260518114231-7zue52,MX,seedance2.0,151078,消费,-6.9495,"2026-05-18 11:42:31"
625634,tk-20260518114231-yz6vzk,MX,seedance2.0,151078,消费,-6.9495,"2026-05-18 11:42:31"
625635,tk-20260518114231-f3jiou,MX,seedance2.0,151078,消费,-6.9495,"2026-05-18 11:42:31"
625745,tk-20260518114231-jbromm,MX,seedance2.0,151078,消费,-6.9495,"2026-05-18 11:42:31"
625493,tk-20260518114230-w5uxb3,MX,seedance2.0,151078,消费,-6.9495,"2026-05-18 11:42:30"
625627,tk-20260518114230-pnocnc,MX,seedance2.0,151078,消费,-6.9495,"2026-05-18 11:42:30"
625630,tk-20260518114230-62fk49,MX,seedance2.0,151078,消费,-6.9495,"2026-05-18 11:42:30"
625631,tk-20260518114230-jfozdm,MX,seedance2.0,151078,消费,-6.9495,"2026-05-18 11:42:30"
625632,tk-20260518114230-2wc8jx,MX,seedance2.0,151078,消费,-6.9495,"2026-05-18 11:42:30"
625633,tk-20260518114230-j7x6s5,MX,seedance2.0,151078,消费,-6.9495,"2026-05-18 11:42:30"
625642,tk-20260518114230-yyn3iq,MX,seedance2.0,151078,消费,-6.9495,"2026-05-18 11:42:30"
625487,tk-20260518114215-x5mpi6,MX,seedance2.0,151078,消费,-6.9495,"2026-05-18 11:42:15"
625599,tk-20260518114159-yab5o1,MX,seedance2.0,324900,消费,-14.9454,"2026-05-18 11:41:59"
625604,tk-20260518114159-zlk5ws,MX,seedance2.0,324900,消费,-14.9454,"2026-05-18 11:41:59"
625583,tk-20260518114136-aymk4x,MX,seedance2.0,324900,消费,-14.9454,"2026-05-18 11:41:36"
625577,tk-20260518114133-ss89j2,MX,seedance2.0,151078,消费,-6.9495,"2026-05-18 11:41:33"
625582,tk-20260518114129-84spuf,MX,seedance2.0,195300,消费,-8.9838,"2026-05-18 11:41:29"
625576,tk-20260518114123-wex6nk,MX,seedance2.0,238500,消费,-10.9710,"2026-05-18 11:41:23"
625573,tk-20260518114122-jk1g50,MX,seedance2.0,324900,消费,-14.9454,"2026-05-18 11:41:22"
625569,tk-20260518114121-umxehc,MX,seedance2.0,324900,消费,-14.9454,"2026-05-18 11:41:21"
625562,tk-20260518114112-mqw238,MX,seedance2.0,173700,消费,-7.9902,"2026-05-18 11:41:12"
625570,tk-20260518114110-0n005f,MX,seedance2.0,173700,消费,-7.9902,"2026-05-18 11:41:10"
625561,tk-20260518114106-ha11av,MX,seedance2.0,260100,消费,-11.9646,"2026-05-18 11:41:06"
625553,tk-20260518114058-e8f0u8,MX,seedance2.0,324900,消费,-14.9454,"2026-05-18 11:40:58"
625542,tk-20260518114035-f318z1,MX,seedance2.0,324900,消费,-14.9454,"2026-05-18 11:40:35"
625528,tk-20260518114024-bytn3m,MX,seedance2.0,324900,消费,-14.9454,"2026-05-18 11:40:24"
625436,tk-20260518114023-c551dp,MX,seedance2.0,87300,消费,-4.0158,"2026-05-18 11:40:23"
625534,tk-20260518114023-yw7pd2,MX,seedance2.0,151078,消费,-6.9495,"2026-05-18 11:40:23"
625519,tk-20260518114011-v6e0mj,MX,seedance2.0,324900,消费,-14.9454,"2026-05-18 11:40:11"
625662,tk-20260518114010-8jflhp,MX,seedance2.0,216900,消费,-9.9774,"2026-05-18 11:40:10"
625517,tk-20260518114003-clu40y,MX,seedance2.0,324900,消费,-14.9454,"2026-05-18 11:40:03"
625525,tk-20260518114001-5zw2pu,MX,seedance2.0,87300,消费,-4.0158,"2026-05-18 11:40:01"
625413,tk-20260518113939-x3i50q,MX,seedance2.0,87300,消费,-4.0158,"2026-05-18 11:39:39"
625501,tk-20260518113937-ks0htp,MX,seedance2.0,324900,消费,-14.9454,"2026-05-18 11:39:37"
625390,tk-20260518113901-2e4ens,MX,seedance2.0,173700,消费,-7.9902,"2026-05-18 11:39:01"
625485,tk-20260518113857-n97ekw,MX,seedance2.0,108900,消费,-5.0094,"2026-05-18 11:38:57"
625473,tk-20260518113847-mb1i55,MX,seedance2.0,324900,消费,-14.9454,"2026-05-18 11:38:47"
625472,tk-20260518113846-z6qk8z,MX,seedance2.0,324900,消费,-14.9454,"2026-05-18 11:38:46"
625468,tk-20260518113837-zl6sbc,MX,seedance2.0,173700,消费,-7.9902,"2026-05-18 11:38:37"
625375,tk-20260518113828-bd2w42,MX,seedance2.0,87300,消费,-4.0158,"2026-05-18 11:38:28"
625457,tk-20260518113814-94mvmj,MX,seedance2.0,324900,消费,-14.9454,"2026-05-18 11:38:14"
625456,tk-20260518113813-jj4nsp,MX,seedance2.0,324900,消费,-14.9454,"2026-05-18 11:38:13"
625368,tk-20260518113812-jh59rq,MX,seedance2.0,87300,消费,-4.0158,"2026-05-18 11:38:12"
625460,tk-20260518113812-6fh2pm,MX,seedance2.0,87300,消费,-4.0158,"2026-05-18 11:38:12"
625452,tk-20260518113805-hljd01,MX,seedance2.0,324900,消费,-14.9454,"2026-05-18 11:38:05"
625445,tk-20260518113748-c04imd,MX,seedance2.0,324900,消费,-14.9454,"2026-05-18 11:37:48"
625434,tk-20260518113718-zyd89i,MX,seedance2.0,216900,消费,-9.9774,"2026-05-18 11:37:18"
625433,tk-20260518113713-a8tvao,MX,seedance2.0,216900,消费,-9.9774,"2026-05-18 11:37:13"
625426,tk-20260518113709-v0pxa0,MX,seedance2.0,324900,消费,-14.9454,"2026-05-18 11:37:09"
625417,tk-20260518113643-mersik,MX,seedance2.0,324900,消费,-14.9454,"2026-05-18 11:36:43"
625416,tk-20260518113641-elkyf1,MX,seedance2.0,324900,消费,-14.9454,"2026-05-18 11:36:41"
625410,tk-20260518113635-1lrk7b,MX,seedance2.0,324900,消费,-14.9454,"2026-05-18 11:36:35"
625313,tk-20260518113618-npdw59,MX,seedance2.0,130500,消费,-6.0030,"2026-05-18 11:36:18"
625405,tk-20260518113614-tr5ajx,MX,seedance2.0,173700,消费,-7.9902,"2026-05-18 11:36:14"
625401,tk-20260518113612-3qcnzg,MX,seedance2.0,324900,消费,-14.9454,"2026-05-18 11:36:12"
625306,tk-20260518113605-rzxg2y,MX,seedance2.0,324900,消费,-14.9454,"2026-05-18 11:36:05"
625307,tk-20260518113605-t8bqq5,MX,seedance2.0,108900,消费,-5.0094,"2026-05-18 11:36:05"
625385,tk-20260518113547-c4d1bb,MX,seedance2.0,324900,消费,-14.9454,"2026-05-18 11:35:47"
625382,tk-20260518113538-a6xspn,MX,seedance2.0,324900,消费,-14.9454,"2026-05-18 11:35:38"
625378,tk-20260518113528-fh8ecf,MX,seedance2.0,324900,消费,-14.9454,"2026-05-18 11:35:28"
625275,tk-20260518113501-cxau5g,MX,seedance2.0,87300,消费,-4.0158,"2026-05-18 11:35:01"
625366,tk-20260518113500-tj2ijy,MX,seedance2.0,281700,消费,-12.9582,"2026-05-18 11:35:00"
625358,tk-20260518113456-eqm8un,MX,seedance2.0,324900,消费,-14.9454,"2026-05-18 11:34:56"
625354,tk-20260518113451-0nzam8,MX,seedance2.0,324900,消费,-14.9454,"2026-05-18 11:34:51"
625267,tk-20260518113450-lrcc24,MX,seedance2.0,324900,消费,-14.9454,"2026-05-18 11:34:50"
625351,tk-20260518113447-1pbnep,MX,seedance2.0,324900,消费,-14.9454,"2026-05-18 11:34:47"
625350,tk-20260518113444-deu8pv,MX,seedance2.0,324900,消费,-14.9454,"2026-05-18 11:34:44"
625344,tk-20260518113435-3krq6x,MX,seedance2.0,324900,消费,-14.9454,"2026-05-18 11:34:35"
625441,tk-20260518113433-xsaxhy,MX,seedance2.0,324900,消费,-14.9454,"2026-05-18 11:34:33"
625343,tk-20260518113431-kxr67l,MX,seedance2.0,130500,消费,-6.0030,"2026-05-18 11:34:31"
625339,tk-20260518113423-ijlm7h,MX,seedance2.0,324900,消费,-14.9454,"2026-05-18 11:34:23"
625419,tk-20260518113357-4eemd2,MX,seedance2.0,324900,消费,-14.9454,"2026-05-18 11:33:57"
625324,tk-20260518113353-ebendr,MX,seedance2.0,324900,消费,-14.9454,"2026-05-18 11:33:53"
625420,tk-20260518113353-93lmn5,MX,seedance2.0,130500,消费,-6.0030,"2026-05-18 11:33:53"
625319,tk-20260518113345-mwbu4p,MX,seedance2.0,324900,消费,-14.9454,"2026-05-18 11:33:45"
625210,tk-20260518113322-m1lv6h,MX,seedance2.0,216900,消费,-9.9774,"2026-05-18 11:33:22"
625312,tk-20260518113317-0oic6d,MX,seedance2.0,324900,消费,-14.9454,"2026-05-18 11:33:17"
625391,tk-20260518113302-h2r0d5,MX,seedance2.0,151078,消费,-6.9495,"2026-05-18 11:33:02"
625294,tk-20260518113240-owhbhc,MX,seedance2.0,151078,消费,-6.9495,"2026-05-18 11:32:40"
625167,tk-20260518113211-e8b00h,MX,seedance2.0,87300,消费,-4.0158,"2026-05-18 11:32:11"
625277,tk-20260518113210-95dvwu,MX,seedance2.0,324900,消费,-14.9454,"2026-05-18 11:32:10"
625269,tk-20260518113152-8nii3f,MX,seedance2.0,324900,消费,-14.9454,"2026-05-18 11:31:52"
625782,tk-20260518113151-suc45e,MX,seedance2.0,324900,消费,-14.9454,"2026-05-18 11:31:51"
625272,tk-20260518113145-81lh9y,MX,seedance2.0,324900,消费,-14.9454,"2026-05-18 11:31:45"
625264,tk-20260518113143-gtjjdk,MX,seedance2.0,216900,消费,-9.9774,"2026-05-18 11:31:43"
625255,tk-20260518113141-oexrah,MX,seedance2.0,324900,消费,-14.9454,"2026-05-18 11:31:41"
625345,tk-20260518113137-hurlmq,MX,seedance2.0,324900,消费,-14.9454,"2026-05-18 11:31:37"
625244,tk-20260518113123-7jv401,MX,seedance2.0,324900,消费,-14.9454,"2026-05-18 11:31:23"
625146,tk-20260518113120-tpxcdk,MX,seedance2.0,108900,消费,-5.0094,"2026-05-18 11:31:20"
625342,tk-20260518113120-itdoy1,MX,seedance2.0,324900,消费,-14.9454,"2026-05-18 11:31:20"
625242,tk-20260518113119-chzj7f,MX,seedance2.0,324900,消费,-14.9454,"2026-05-18 11:31:19"
625239,tk-20260518113114-thhs3l,MX,seedance2.0,324900,消费,-14.9454,"2026-05-18 11:31:14"
625236,tk-20260518113104-e1h4bb,MX,seedance2.0,260100,消费,-11.9646,"2026-05-18 11:31:04"
625237,tk-20260518113102-7vnefs,MX,seedance2.0,324900,消费,-14.9454,"2026-05-18 11:31:02"
625323,tk-20260518113057-lp514t,MX,seedance2.0,324900,消费,-14.9454,"2026-05-18 11:30:57"
625139,tk-20260518113052-wys2eq,MX,seedance2.0,216900,消费,-9.9774,"2026-05-18 11:30:52"
625232,tk-20260518113044-usydbk,MX,seedance2.0,324900,消费,-14.9454,"2026-05-18 11:30:44"
625318,tk-20260518113041-i0cyhs,MX,seedance2.0,324900,消费,-14.9454,"2026-05-18 11:30:41"
625118,tk-20260518113023-gge136,MX,seedance2.0,108900,消费,-5.0094,"2026-05-18 11:30:23"
625218,tk-20260518113022-e3kqfd,MX,seedance2.0,324900,消费,-14.9454,"2026-05-18 11:30:22"
625206,tk-20260518113014-7bkr5h,MX,seedance2.0,324900,消费,-14.9454,"2026-05-18 11:30:14"
625205,tk-20260518113013-a9oon9,MX,seedance2.0,324900,消费,-14.9454,"2026-05-18 11:30:13"
625196,tk-20260518112958-6f77k3,MX,seedance2.0,324900,消费,-14.9454,"2026-05-18 11:29:58"
625195,tk-20260518112956-4kerok,MX,seedance2.0,216900,消费,-9.9774,"2026-05-18 11:29:56"
625193,tk-20260518112951-clpx65,MX,seedance2.0,216900,消费,-9.9774,"2026-05-18 11:29:51"
625189,tk-20260518112940-ndira4,MX,seedance2.0,324900,消费,-14.9454,"2026-05-18 11:29:40"
625181,tk-20260518112931-i8zttk,MX,seedance2.0,324900,消费,-14.9454,"2026-05-18 11:29:31"
625085,tk-20260518112922-ziyzg8,MX,seedance2.0,151078,消费,-6.9495,"2026-05-18 11:29:22"
625173,tk-20260518112920-jbmfen,MX,seedance2.0,151078,消费,-6.9495,"2026-05-18 11:29:20"
625176,tk-20260518112920-9azvpb,MX,seedance2.0,260100,消费,-11.9646,"2026-05-18 11:29:20"
625168,tk-20260518112918-1g3oek,MX,seedance2.0,216900,消费,-9.9774,"2026-05-18 11:29:18"
625274,tk-20260518112904-1nz987,MX,seedance2.0,324900,消费,-14.9454,"2026-05-18 11:29:04"
625161,tk-20260518112901-f3c43d,MX,seedance2.0,87300,消费,-4.0158,"2026-05-18 11:29:01"
625253,tk-20260518112837-413pu5,MX,seedance2.0,216900,消费,-9.9774,"2026-05-18 11:28:37"
625155,tk-20260518112832-nu8e7w,MX,seedance2.0,324900,消费,-14.9454,"2026-05-18 11:28:32"
625150,tk-20260518112831-sny1fy,MX,seedance2.0,324900,消费,-14.9454,"2026-05-18 11:28:31"
625138,tk-20260518112801-4qhlez,MX,seedance2.0,324900,消费,-14.9454,"2026-05-18 11:28:01"
625133,tk-20260518112746-ujf9k1,MX,seedance2.0,324900,消费,-14.9454,"2026-05-18 11:27:46"
625225,tk-20260518112746-oit52l,MX,seedance2.0,324900,消费,-14.9454,"2026-05-18 11:27:46"
625129,tk-20260518112742-tqpemu,MX,seedance2.0,324900,消费,-14.9454,"2026-05-18 11:27:42"
625128,tk-20260518112741-nccpio,MX,seedance2.0,324900,消费,-14.9454,"2026-05-18 11:27:41"
625127,tk-20260518112738-oyabwt,MX,seedance2.0,151078,消费,-6.9495,"2026-05-18 11:27:38"
625125,tk-20260518112732-x34p68,MX,seedance2.0,108900,消费,-5.0094,"2026-05-18 11:27:32"
625126,tk-20260518112732-35jrjj,MX,seedance2.0,324900,消费,-14.9454,"2026-05-18 11:27:32"
625107,tk-20260518112701-qkv83a,MX,seedance2.0,260100,消费,-11.9646,"2026-05-18 11:27:01"
625095,tk-20260518112646-uocqfk,MX,seedance2.0,324900,消费,-14.9454,"2026-05-18 11:26:46"
625094,tk-20260518112641-w7p071,MX,seedance2.0,151078,消费,-6.9495,"2026-05-18 11:26:41"
625080,tk-20260518112615-nzkhfc,MX,seedance2.0,324900,消费,-14.9454,"2026-05-18 11:26:15"
625170,tk-20260518112612-hu2d8w,MX,seedance2.0,324900,消费,-14.9454,"2026-05-18 11:26:12"
625169,tk-20260518112609-yd8dfa,MX,seedance2.0,324900,消费,-14.9454,"2026-05-18 11:26:09"
625057,tk-20260518112524-9u6pf7,MX,seedance2.0,324900,消费,-14.9454,"2026-05-18 11:25:24"
625046,tk-20260518112459-vgz6hl,MX,seedance2.0,324900,消费,-14.9454,"2026-05-18 11:24:59"
625136,tk-20260518112453-qkgqmo,MX,seedance2.0,324900,消费,-14.9454,"2026-05-18 11:24:53"
624936,tk-20260518112447-pzjjgp,MX,seedance2.0,130500,消费,-6.0030,"2026-05-18 11:24:47"
625037,tk-20260518112439-hwv2hg,MX,seedance2.0,324900,消费,-14.9454,"2026-05-18 11:24:39"
625033,tk-20260518112426-nrdig8,MX,seedance2.0,324900,消费,-14.9454,"2026-05-18 11:24:26"
625029,tk-20260518112421-jatpcp,MX,seedance2.0,324900,消费,-14.9454,"2026-05-18 11:24:21"
624914,tk-20260518112407-6xagh2,MX,seedance2.0,87300,消费,-4.0158,"2026-05-18 11:24:07"
625021,tk-20260518112407-fhgg1c,MX,seedance2.0,216900,消费,-9.9774,"2026-05-18 11:24:07"
625016,tk-20260518112357-91iark,MX,seedance2.0,324900,消费,-14.9454,"2026-05-18 11:23:57"
625011,tk-20260518112349-df9awn,MX,seedance2.0,87300,消费,-4.0158,"2026-05-18 11:23:49"
624901,tk-20260518112348-u3kdi0,MX,seedance2.0,130500,消费,-6.0030,"2026-05-18 11:23:48"
625004,tk-20260518112335-lr9gk4,MX,seedance2.0,324900,消费,-14.9454,"2026-05-18 11:23:35"
624997,tk-20260518112316-jaxium,MX,seedance2.0,216900,消费,-9.9774,"2026-05-18 11:23:16"
625086,tk-20260518112316-0twe3t,MX,seedance2.0,324900,消费,-14.9454,"2026-05-18 11:23:16"
624995,tk-20260518112314-4lmle0,MX,seedance2.0,324900,消费,-14.9454,"2026-05-18 11:23:14"
624987,tk-20260518112302-0q6bjh,MX,seedance2.0,130500,消费,-6.0030,"2026-05-18 11:23:02"
624985,tk-20260518112257-cmyb47,MX,seedance2.0,324900,消费,-14.9454,"2026-05-18 11:22:57"
624983,tk-20260518112243-xx8e28,MX,seedance2.0,216900,消费,-9.9774,"2026-05-18 11:22:43"
625156,tk-20260518112243-n0lwb1,MX,seedance2.0,324900,消费,-14.9454,"2026-05-18 11:22:43"
624976,tk-20260518112242-zlw5bk,MX,seedance2.0,324900,消费,-14.9454,"2026-05-18 11:22:42"
624974,tk-20260518112237-rypphm,MX,seedance2.0,324900,消费,-14.9454,"2026-05-18 11:22:37"
624971,tk-20260518112236-0wic66,MX,seedance2.0,324900,消费,-14.9454,"2026-05-18 11:22:36"
624975,tk-20260518112232-5o489i,MX,seedance2.0,324900,消费,-14.9454,"2026-05-18 11:22:32"
624957,tk-20260518112215-ul4v6t,MX,seedance2.0,324900,消费,-14.9454,"2026-05-18 11:22:15"
624952,tk-20260518112208-y5ibln,MX,seedance2.0,216900,消费,-9.9774,"2026-05-18 11:22:08"
625051,tk-20260518112206-dnw1fh,MX,seedance2.0,324900,消费,-14.9454,"2026-05-18 11:22:06"
624955,tk-20260518112204-jt20ip,MX,seedance2.0,324900,消费,-14.9454,"2026-05-18 11:22:04"
624844,tk-20260518112124-yx38w1,MX,seedance2.0,141034,消费,-6.4875,"2026-05-18 11:21:24"
624921,tk-20260518112118-7h5tk0,MX,seedance2.0,87300,消费,-4.0158,"2026-05-18 11:21:18"
624830,tk-20260518112101-wu9q08,MX,seedance2.0,50638,消费,-2.3293,"2026-05-18 11:21:01"
624904,tk-20260518112100-fw1ugv,MX,seedance2.0,324900,消费,-14.9454,"2026-05-18 11:21:00"
625092,tk-20260518112035-mp3eic,MX,seedance2.0,216900,消费,-9.9774,"2026-05-18 11:20:35"
624896,tk-20260518112034-gtdbbp,MX,seedance2.0,324900,消费,-14.9454,"2026-05-18 11:20:34"
624888,tk-20260518112023-1bbp5p,MX,seedance2.0,151078,消费,-6.9495,"2026-05-18 11:20:23"
624882,tk-20260518112014-4wv6zx,MX,seedance2.0,151078,消费,-6.9495,"2026-05-18 11:20:14"
624886,tk-20260518112014-80bav2,MX,seedance2.0,324900,消费,-14.9454,"2026-05-18 11:20:14"
624873,tk-20260518111952-y1fu70,MX,seedance2.0,281700,消费,-12.9582,"2026-05-18 11:19:52"
624784,tk-20260518111934-59h80e,MX,seedance2.0,324900,消费,-14.9454,"2026-05-18 11:19:34"
624970,tk-20260518111934-bi45i6,MX,seedance2.0,108900,消费,-5.0094,"2026-05-18 11:19:34"
624865,tk-20260518111913-0bpbsl,MX,seedance2.0,173700,消费,-7.9902,"2026-05-18 11:19:13"
625330,tk-20260518111908-laolmj,MX,seedance2.0,152100,消费,-6.9966,"2026-05-18 11:19:08"
624863,tk-20260518111905-fh6k22,MX,seedance2.0,324900,消费,-14.9454,"2026-05-18 11:19:05"
624855,tk-20260518111843-p6cy2a,MX,seedance2.0,324900,消费,-14.9454,"2026-05-18 11:18:43"
624847,tk-20260518111830-5eprxl,MX,seedance2.0,173700,消费,-7.9902,"2026-05-18 11:18:30"
624744,tk-20260518111813-b2qz6p,MX,seedance2.0,324900,消费,-14.9454,"2026-05-18 11:18:13"
624838,tk-20260518111808-mbkrwc,MX,seedance2.0,151078,消费,-6.9495,"2026-05-18 11:18:08"
624837,tk-20260518111803-dzu8f1,MX,seedance2.0,324900,消费,-14.9454,"2026-05-18 11:18:03"
624827,tk-20260518111741-7c44m7,MX,seedance2.0,130500,消费,-6.0030,"2026-05-18 11:17:41"
624825,tk-20260518111738-68vwr8,MX,seedance2.0,324900,消费,-14.9454,"2026-05-18 11:17:38"
624822,tk-20260518111736-r65yym,MX,seedance2.0,260100,消费,-11.9646,"2026-05-18 11:17:36"
624815,tk-20260518111726-0abdz6,MX,seedance2.0,324900,消费,-14.9454,"2026-05-18 11:17:26"
624808,tk-20260518111710-rozxlp,MX,seedance2.0,120946,消费,-5.5635,"2026-05-18 11:17:10"
624800,tk-20260518111652-cfo2z8,MX,seedance2.0,130500,消费,-6.0030,"2026-05-18 11:16:52"
624793,tk-20260518111646-rco9h3,MX,seedance2.0,151078,消费,-6.9495,"2026-05-18 11:16:46"
624794,tk-20260518111644-pmjtt4,MX,seedance2.0,173700,消费,-7.9902,"2026-05-18 11:16:44"
624695,tk-20260518111636-n28ldu,MX,seedance2.0,173700,消费,-7.9902,"2026-05-18 11:16:36"
624789,tk-20260518111636-mabnne,MX,seedance2.0,324900,消费,-14.9454,"2026-05-18 11:16:36"
624770,tk-20260518111604-c12k7g,MX,seedance2.0,324900,消费,-14.9454,"2026-05-18 11:16:04"
624769,tk-20260518111600-3ci775,MX,seedance2.0,324900,消费,-14.9454,"2026-05-18 11:16:00"
624765,tk-20260518111552-5l94vw,MX,seedance2.0,324900,消费,-14.9454,"2026-05-18 11:15:52"
624854,tk-20260518111550-ozjjv4,MX,seedance2.0,324900,消费,-14.9454,"2026-05-18 11:15:50"
624761,tk-20260518111546-ph2foc,MX,seedance2.0,151078,消费,-6.9495,"2026-05-18 11:15:46"
624853,tk-20260518111545-ccbcwa,MX,seedance2.0,152100,消费,-6.9966,"2026-05-18 11:15:45"
624742,tk-20260518111505-tqxq43,MX,seedance2.0,281700,消费,-12.9582,"2026-05-18 11:15:05"
624732,tk-20260518111454-kwrwhr,MX,seedance2.0,324900,消费,-14.9454,"2026-05-18 11:14:54"
624828,tk-20260518111454-ksmwxq,MX,seedance2.0,324900,消费,-14.9454,"2026-05-18 11:14:54"
624723,tk-20260518111440-1imj7f,MX,seedance2.0,324900,消费,-14.9454,"2026-05-18 11:14:40"
624719,tk-20260518111426-ec1vee,MX,seedance2.0,324900,消费,-14.9454,"2026-05-18 11:14:26"
624710,tk-20260518111418-w6xsgo,MX,seedance2.0,238500,消费,-10.9710,"2026-05-18 11:14:18"
624703,tk-20260518111358-khywqd,MX,seedance2.0,281700,消费,-12.9582,"2026-05-18 11:13:58"
624799,tk-20260518111354-6ly1p8,MX,seedance2.0,324900,消费,-14.9454,"2026-05-18 11:13:54"
624700,tk-20260518111350-1imn2u,MX,seedance2.0,324900,消费,-14.9454,"2026-05-18 11:13:50"
624689,tk-20260518111321-761bfb,MX,seedance2.0,324900,消费,-14.9454,"2026-05-18 11:13:21"
624684,tk-20260518111305-ngt8kd,MX,seedance2.0,216900,消费,-9.9774,"2026-05-18 11:13:05"
624676,tk-20260518111255-uj0j8e,MX,seedance2.0,87300,消费,-4.0158,"2026-05-18 11:12:55"
624670,tk-20260518111238-e1uqq6,MX,seedance2.0,216900,消费,-9.9774,"2026-05-18 11:12:38"
624669,tk-20260518111236-unk7fe,MX,seedance2.0,260100,消费,-11.9646,"2026-05-18 11:12:36"
624751,tk-20260518111216-6e6owy,MX,seedance2.0,324900,消费,-14.9454,"2026-05-18 11:12:16"
624663,tk-20260518111213-jn93xa,MX,seedance2.0,216900,消费,-9.9774,"2026-05-18 11:12:13"
624644,tk-20260518111129-he9g9y,MX,seedance2.0,324900,消费,-14.9454,"2026-05-18 11:11:29"
624894,tk-20260518111123-sjugpi,MX,seedance2.0,324900,消费,-14.9454,"2026-05-18 11:11:23"
624642,tk-20260518111121-gpovey,MX,seedance2.0,87300,消费,-4.0158,"2026-05-18 11:11:21"
624569,tk-20260518111117-u80y1e,MX,seedance2.0,324900,消费,-14.9454,"2026-05-18 11:11:17"
624556,tk-20260518111058-ve33yn,MX,seedance2.0,87300,消费,-4.0158,"2026-05-18 11:10:58"
624631,tk-20260518111055-6iyk1v,MX,seedance2.0,324900,消费,-14.9454,"2026-05-18 11:10:55"
624629,tk-20260518111052-1bvlgl,MX,seedance2.0,108900,消费,-5.0094,"2026-05-18 11:10:52"
624623,tk-20260518111042-xppb2x,MX,seedance2.0,324900,消费,-14.9454,"2026-05-18 11:10:42"
624617,tk-20260518111028-lohtsa,MX,seedance2.0,151078,消费,-6.9495,"2026-05-18 11:10:28"
624540,tk-20260518111015-dcai2p,MX,seedance2.0,90814,消费,-4.1774,"2026-05-18 11:10:15"
624611,tk-20260518111000-icnp12,MX,seedance2.0,216900,消费,-9.9774,"2026-05-18 11:10:00"
624528,tk-20260518110947-au941e,MX,seedance2.0,324900,消费,-14.9454,"2026-05-18 11:09:47"
624595,tk-20260518110918-belurv,MX,seedance2.0,324900,消费,-14.9454,"2026-05-18 11:09:18"
624594,tk-20260518110912-227f2s,MX,seedance2.0,216900,消费,-9.9774,"2026-05-18 11:09:12"
624587,tk-20260518110856-g9u4pn,MX,seedance2.0,324900,消费,-14.9454,"2026-05-18 11:08:56"
624586,tk-20260518110851-gcqd0k,MX,seedance2.0,324900,消费,-14.9454,"2026-05-18 11:08:51"
624585,tk-20260518110850-3abl18,MX,seedance2.0,324900,消费,-14.9454,"2026-05-18 11:08:50"
624581,tk-20260518110845-kwn7up,MX,seedance2.0,87300,消费,-4.0158,"2026-05-18 11:08:45"
624577,tk-20260518110843-f5x2p3,MX,seedance2.0,324900,消费,-14.9454,"2026-05-18 11:08:43"
624574,tk-20260518110839-lnd01r,MX,seedance2.0,87300,消费,-4.0158,"2026-05-18 11:08:39"
624497,tk-20260518110829-lx5j4r,MX,seedance2.0,303300,消费,-13.9518,"2026-05-18 11:08:29"
624570,tk-20260518110816-ph4o99,MX,seedance2.0,324900,消费,-14.9454,"2026-05-18 11:08:16"
624566,tk-20260518110812-m73pd0,MX,seedance2.0,324900,消费,-14.9454,"2026-05-18 11:08:12"
624567,tk-20260518110807-iggimz,MX,seedance2.0,152100,消费,-6.9966,"2026-05-18 11:08:07"
624632,tk-20260518110804-6qyq3n,MX,seedance2.0,324900,消费,-14.9454,"2026-05-18 11:08:04"
624633,tk-20260518110800-3ymim6,MX,seedance2.0,173700,消费,-7.9902,"2026-05-18 11:08:00"
624626,tk-20260518110754-xc6cfq,MX,seedance2.0,324900,消费,-14.9454,"2026-05-18 11:07:54"
624548,tk-20260518110729-tch3af,MX,seedance2.0,324900,消费,-14.9454,"2026-05-18 11:07:29"
624475,tk-20260518110726-zw397b,MX,seedance2.0,173700,消费,-7.9902,"2026-05-18 11:07:26"
624545,tk-20260518110726-z73bjz,MX,seedance2.0,324900,消费,-14.9454,"2026-05-18 11:07:26"
624536,tk-20260518110714-5pxacz,MX,seedance2.0,324900,消费,-14.9454,"2026-05-18 11:07:14"
624534,tk-20260518110709-74e9pf,MX,seedance2.0,324900,消费,-14.9454,"2026-05-18 11:07:09"
624531,tk-20260518110705-gbhrm6,MX,seedance2.0,324900,消费,-14.9454,"2026-05-18 11:07:05"
624456,tk-20260518110642-99fntg,MX,seedance2.0,324900,消费,-14.9454,"2026-05-18 11:06:42"
624524,tk-20260518110637-3jidgg,MX,seedance2.0,324900,消费,-14.9454,"2026-05-18 11:06:37"
624452,tk-20260518110629-avk9ga,MX,seedance2.0,151078,消费,-6.9495,"2026-05-18 11:06:29"
624515,tk-20260518110617-rotwhu,MX,seedance2.0,324900,消费,-14.9454,"2026-05-18 11:06:17"
624829,tk-20260518110558-g9n7l5,MX,seedance2.0,324900,消费,-14.9454,"2026-05-18 11:05:58"
624506,tk-20260518110556-brvo75,MX,seedance2.0,324900,消费,-14.9454,"2026-05-18 11:05:56"
624505,tk-20260518110554-o9zmby,MX,seedance2.0,151078,消费,-6.9495,"2026-05-18 11:05:54"
624499,tk-20260518110540-qna5zl,MX,seedance2.0,120946,消费,-5.5635,"2026-05-18 11:05:40"
624432,tk-20260518110534-6w0rjs,MX,seedance2.0,87300,消费,-4.0158,"2026-05-18 11:05:34"
624424,tk-20260518110523-md370j,MX,seedance2.0,324900,消费,-14.9454,"2026-05-18 11:05:23"
624489,tk-20260518110507-xaje5m,MX,seedance2.0,324900,消费,-14.9454,"2026-05-18 11:05:07"
624484,tk-20260518110451-ei1l7k,MX,seedance2.0,324900,消费,-14.9454,"2026-05-18 11:04:51"
624558,tk-20260518110451-lbgvp7,MX,seedance2.0,324900,消费,-14.9454,"2026-05-18 11:04:51"
624552,tk-20260518110448-wa9mt6,MX,seedance2.0,324900,消费,-14.9454,"2026-05-18 11:04:48"
624473,tk-20260518110416-vvqj24,MX,seedance2.0,324900,消费,-14.9454,"2026-05-18 11:04:16"
624471,tk-20260518110403-zboibh,MX,seedance2.0,216900,消费,-9.9774,"2026-05-18 11:04:03"
624470,tk-20260518110402-51crbp,MX,seedance2.0,324900,消费,-14.9454,"2026-05-18 11:04:02"
624463,tk-20260518110354-2na2e3,MX,seedance2.0,108900,消费,-5.0094,"2026-05-18 11:03:54"
624375,tk-20260518110320-163544,MX,seedance2.0,173700,消费,-7.9902,"2026-05-18 11:03:20"
624373,tk-20260518110317-6vyki0,MX,seedance2.0,216900,消费,-9.9774,"2026-05-18 11:03:17"
624451,tk-20260518110314-8a5ykp,MX,seedance2.0,152100,消费,-6.9966,"2026-05-18 11:03:14"
624362,tk-20260518110246-xyz7nq,MX,seedance2.0,151078,消费,-6.9495,"2026-05-18 11:02:46"
624434,tk-20260518110245-t578yf,MX,seedance2.0,324900,消费,-14.9454,"2026-05-18 11:02:45"
624431,tk-20260518110240-7czxpx,MX,seedance2.0,324900,消费,-14.9454,"2026-05-18 11:02:40"
624430,tk-20260518110235-miesyi,MX,seedance2.0,324900,消费,-14.9454,"2026-05-18 11:02:35"
624354,tk-20260518110231-cz7t6b,MX,seedance2.0,324900,消费,-14.9454,"2026-05-18 11:02:31"
624426,tk-20260518110231-2dymfo,MX,seedance2.0,324900,消费,-14.9454,"2026-05-18 11:02:31"
624349,tk-20260518110227-38i0xq,MX,seedance2.0,151078,消费,-6.9495,"2026-05-18 11:02:27"
624425,tk-20260518110226-0rj8dn,MX,seedance2.0,324900,消费,-14.9454,"2026-05-18 11:02:26"
624339,tk-20260518110203-o7r5z2,MX,seedance2.0,216900,消费,-9.9774,"2026-05-18 11:02:04"
624338,tk-20260518110203-f7k3ap,MX,seedance2.0,216900,消费,-9.9774,"2026-05-18 11:02:03"
624415,tk-20260518110158-ikt6vl,MX,seedance2.0,324900,消费,-14.9454,"2026-05-18 11:01:58"
624330,tk-20260518110146-tykj6e,MX,seedance2.0,195300,消费,-8.9838,"2026-05-18 11:01:46"
624326,tk-20260518110137-fncu6b,MX,seedance2.0,151078,消费,-6.9495,"2026-05-18 11:01:37"
624479,tk-20260518110131-s0l5ym,MX,seedance2.0,324900,消费,-14.9454,"2026-05-18 11:01:31"
624316,tk-20260518110117-wmq1hd,MX,seedance2.0,324900,消费,-14.9454,"2026-05-18 11:01:17"
624399,tk-20260518110116-dbrfm2,MX,seedance2.0,324900,消费,-14.9454,"2026-05-18 11:01:16"
624398,tk-20260518110109-agmnwd,MX,seedance2.0,281700,消费,-12.9582,"2026-05-18 11:01:09"
624392,tk-20260518110050-1cg4j4,MX,seedance2.0,87300,消费,-4.0158,"2026-05-18 11:00:50"
624306,tk-20260518110042-o8bir1,MX,seedance2.0,324900,消费,-14.9454,"2026-05-18 11:00:42"
624382,tk-20260518110033-03r4b4,MX,seedance2.0,324900,消费,-14.9454,"2026-05-18 11:00:33"
624293,tk-20260518110006-8tnnn6,MX,seedance2.0,324900,消费,-14.9454,"2026-05-18 11:00:06"
624292,tk-20260518110005-n0wapr,MX,seedance2.0,151078,消费,-6.9495,"2026-05-18 11:00:05"
624371,tk-20260518110005-0ypg8h,MX,seedance2.0,324900,消费,-14.9454,"2026-05-18 11:00:05"
624285,tk-20260518105959-movoz7,MX,seedance2.0,87300,消费,-4.0158,"2026-05-18 10:59:59"
624366,tk-20260518105956-viz3q7,MX,seedance2.0,324900,消费,-14.9454,"2026-05-18 10:59:56"
624281,tk-20260518105955-06g8de,MX,seedance2.0,151078,消费,-6.9495,"2026-05-18 10:59:55"
624365,tk-20260518105948-b1c10m,MX,seedance2.0,324900,消费,-14.9454,"2026-05-18 10:59:48"
624274,tk-20260518105942-nfidj6,MX,seedance2.0,87300,消费,-4.0158,"2026-05-18 10:59:42"
624357,tk-20260518105934-pz0tov,MX,seedance2.0,324900,消费,-14.9454,"2026-05-18 10:59:34"
624356,tk-20260518105933-o8u014,MX,seedance2.0,324900,消费,-14.9454,"2026-05-18 10:59:33"
624346,tk-20260518105920-8ckfnz,MX,seedance2.0,324900,消费,-14.9454,"2026-05-18 10:59:20"
624255,tk-20260518105850-dmtkai,MX,seedance2.0,324900,消费,-14.9454,"2026-05-18 10:58:50"
624253,tk-20260518105841-rt5pjn,MX,seedance2.0,173700,消费,-7.9902,"2026-05-18 10:58:41"
624324,tk-20260518105829-hgm9bs,MX,seedance2.0,324900,消费,-14.9454,"2026-05-18 10:58:29"
624241,tk-20260518105821-xrqdnh,MX,seedance2.0,87300,消费,-4.0158,"2026-05-18 10:58:21"
624317,tk-20260518105816-3xieay,MX,seedance2.0,324900,消费,-14.9454,"2026-05-18 10:58:16"
624237,tk-20260518105806-6xubqg,MX,seedance2.0,87300,消费,-4.0158,"2026-05-18 10:58:06"
624305,tk-20260518105748-qd8mfo,MX,seedance2.0,324900,消费,-14.9454,"2026-05-18 10:57:48"
624235,tk-20260518105745-00xz47,MX,seedance2.0,152100,消费,-6.9966,"2026-05-18 10:57:45"
624219,tk-20260518105714-ukntjg,MX,seedance2.0,324900,消费,-14.9454,"2026-05-18 10:57:14"
624215,tk-20260518105712-qbli7b,MX,seedance2.0,216900,消费,-9.9774,"2026-05-18 10:57:12"
624214,tk-20260518105708-x3u041,MX,seedance2.0,120946,消费,-5.5635,"2026-05-18 10:57:08"
624284,tk-20260518105659-zx1r6f,MX,seedance2.0,324900,消费,-14.9454,"2026-05-18 10:56:59"
624289,tk-20260518105659-bz68b1,MX,seedance2.0,130500,消费,-6.0030,"2026-05-18 10:56:59"
624205,tk-20260518105647-tlx4py,MX,seedance2.0,87300,消费,-4.0158,"2026-05-18 10:56:47"
624201,tk-20260518105642-rptkcf,MX,seedance2.0,195300,消费,-8.9838,"2026-05-18 10:56:42"
624203,tk-20260518105635-7kj5z8,MX,seedance2.0,238500,消费,-10.9710,"2026-05-18 10:56:35"
624273,tk-20260518105628-dthnj7,MX,seedance2.0,173700,消费,-7.9902,"2026-05-18 10:56:28"
624270,tk-20260518105624-oourko,MX,seedance2.0,120946,消费,-5.5635,"2026-05-18 10:56:24"
624265,tk-20260518105618-ucuxwg,MX,seedance2.0,324900,消费,-14.9454,"2026-05-18 10:56:18"
624186,tk-20260518105558-u54i02,MX,seedance2.0,324900,消费,-14.9454,"2026-05-18 10:55:58"
624254,tk-20260518105550-c8tdy5,MX,seedance2.0,324900,消费,-14.9454,"2026-05-18 10:55:50"
624247,tk-20260518105536-13q3ys,MX,seedance2.0,324900,消费,-14.9454,"2026-05-18 10:55:36"
624249,tk-20260518105536-h57rgj,MX,seedance2.0,324900,消费,-14.9454,"2026-05-18 10:55:36"
624248,tk-20260518105533-4aghun,MX,seedance2.0,100858,消费,-4.6394,"2026-05-18 10:55:33"
624169,tk-20260518105517-mm56tx,MX,seedance2.0,40594,消费,-1.8673,"2026-05-18 10:55:17"
624164,tk-20260518105507-jws5xi,MX,seedance2.0,151078,消费,-6.9495,"2026-05-18 10:55:07"
624239,tk-20260518105505-5vcyyk,MX,seedance2.0,324900,消费,-14.9454,"2026-05-18 10:55:05"
624298,tk-20260518105430-0hicog,MX,seedance2.0,324900,消费,-14.9454,"2026-05-18 10:54:30"
624138,tk-20260518105346-xik6eb,MX,seedance2.0,324900,消费,-14.9454,"2026-05-18 10:53:46"
624200,tk-20260518105341-7d7kf9,MX,seedance2.0,324900,消费,-14.9454,"2026-05-18 10:53:41"
624276,tk-20260518105341-9g5p57,MX,seedance2.0,281700,消费,-12.9582,"2026-05-18 10:53:41"
624135,tk-20260518105339-cr2u84,MX,seedance2.0,151078,消费,-6.9495,"2026-05-18 10:53:39"
624189,tk-20260518105312-10a0a8,MX,seedance2.0,324900,消费,-14.9454,"2026-05-18 10:53:12"
624192,tk-20260518105311-o3yo10,MX,seedance2.0,87300,消费,-4.0158,"2026-05-18 10:53:11"
624105,tk-20260518105234-m9ngoh,MX,seedance2.0,324900,消费,-14.9454,"2026-05-18 10:52:34"
624103,tk-20260518105231-76w1a0,MX,seedance2.0,87300,消费,-4.0158,"2026-05-18 10:52:31"
624180,tk-20260518105231-yktbjd,MX,seedance2.0,324900,消费,-14.9454,"2026-05-18 10:52:31"
624091,tk-20260518105211-966did,MX,seedance2.0,216900,消费,-9.9774,"2026-05-18 10:52:11"
624089,tk-20260518105202-p7o5kx,MX,seedance2.0,324900,消费,-14.9454,"2026-05-18 10:52:02"
624085,tk-20260518105153-iskn1s,MX,seedance2.0,50638,消费,-2.3293,"2026-05-18 10:51:53"
624234,tk-20260518105153-hb0nk7,MX,seedance2.0,173700,消费,-7.9902,"2026-05-18 10:51:53"
624158,tk-20260518105151-0y80dg,MX,seedance2.0,324900,消费,-14.9454,"2026-05-18 10:51:51"
624082,tk-20260518105150-m1rc48,MX,seedance2.0,130500,消费,-6.0030,"2026-05-18 10:51:50"
624156,tk-20260518105143-1p0uho,MX,seedance2.0,108900,消费,-5.0094,"2026-05-18 10:51:43"
624078,tk-20260518105141-is37sc,MX,seedance2.0,216900,消费,-9.9774,"2026-05-18 10:51:41"
624067,tk-20260518105120-bpcc7u,MX,seedance2.0,216900,消费,-9.9774,"2026-05-18 10:51:20"
624142,tk-20260518105105-jlmbc7,MX,seedance2.0,152100,消费,-6.9966,"2026-05-18 10:51:05"
624208,tk-20260518105059-13fydy,MX,seedance2.0,324900,消费,-14.9454,"2026-05-18 10:50:59"
624134,tk-20260518105039-jte7ea,MX,seedance2.0,260100,消费,-11.9646,"2026-05-18 10:50:39"
624136,tk-20260518105039-bka1dh,MX,seedance2.0,216900,消费,-9.9774,"2026-05-18 10:50:39"
624043,tk-20260518105028-jpe1wb,MX,seedance2.0,216900,消费,-9.9774,"2026-05-18 10:50:28"
624132,tk-20260518105018-fv1j5b,MX,seedance2.0,216900,消费,-9.9774,"2026-05-18 10:50:18"
624124,tk-20260518105009-llnrvs,MX,seedance2.0,216900,消费,-9.9774,"2026-05-18 10:50:09"
624118,tk-20260518104944-p81ikg,MX,seedance2.0,324900,消费,-14.9454,"2026-05-18 10:49:44"
624117,tk-20260518104939-uq71kk,MX,seedance2.0,324900,消费,-14.9454,"2026-05-18 10:49:39"
624101,tk-20260518104933-3d9ph6,MX,seedance2.0,324900,消费,-14.9454,"2026-05-18 10:49:33"
624113,tk-20260518104928-l2xlv9,MX,seedance2.0,173700,消费,-7.9902,"2026-05-18 10:49:28"
624009,tk-20260518104918-mbgiqf,MX,seedance2.0,324900,消费,-14.9454,"2026-05-18 10:49:18"
624081,tk-20260518104846-lp140q,MX,seedance2.0,324900,消费,-14.9454,"2026-05-18 10:48:46"
624080,tk-20260518104843-hwgwjs,MX,seedance2.0,324900,消费,-14.9454,"2026-05-18 10:48:43"
624071,tk-20260518104826-12ey1t,MX,seedance2.0,324900,消费,-14.9454,"2026-05-18 10:48:26"
624065,tk-20260518104815-71adkm,MX,seedance2.0,324900,消费,-14.9454,"2026-05-18 10:48:15"
623986,tk-20260518104800-6edarl,MX,seedance2.0,324900,消费,-14.9454,"2026-05-18 10:48:00"
624060,tk-20260518104800-053suu,MX,seedance2.0,151078,消费,-6.9495,"2026-05-18 10:48:00"
623984,tk-20260518104743-63d0cn,MX,seedance2.0,87300,消费,-4.0158,"2026-05-18 10:47:43"
623983,tk-20260518104740-wxbqhu,MX,seedance2.0,108900,消费,-5.0094,"2026-05-18 10:47:40"
624051,tk-20260518104735-s6axtn,MX,seedance2.0,173700,消费,-7.9902,"2026-05-18 10:47:35"
624045,tk-20260518104729-odzpnu,MX,seedance2.0,324900,消费,-14.9454,"2026-05-18 10:47:29"
624037,tk-20260518104721-dqxqfs,MX,seedance2.0,238500,消费,-10.9710,"2026-05-18 10:47:21"
624027,tk-20260518104710-1i7tox,MX,seedance2.0,216900,消费,-9.9774,"2026-05-18 10:47:10"
624031,tk-20260518104706-ivvesq,MX,seedance2.0,281700,消费,-12.9582,"2026-05-18 10:47:06"
624024,tk-20260518104657-w9s8oy,MX,seedance2.0,324900,消费,-14.9454,"2026-05-18 10:46:57"
623954,tk-20260518104651-23dx2p,MX,seedance2.0,120946,消费,-5.5635,"2026-05-18 10:46:51"
623952,tk-20260518104645-nrjsl7,MX,seedance2.0,195300,消费,-8.9838,"2026-05-18 10:46:45"
623945,tk-20260518104640-iqhv09,MX,seedance2.0,87300,消费,-4.0158,"2026-05-18 10:46:40"
623946,tk-20260518104640-5e81h7,MX,seedance2.0,324900,消费,-14.9454,"2026-05-18 10:46:40"
624016,tk-20260518104634-p3x6w5,MX,seedance2.0,141034,消费,-6.4875,"2026-05-18 10:46:34"
624020,tk-20260518104632-a9g8nn,MX,seedance2.0,120946,消费,-5.5635,"2026-05-18 10:46:32"
624010,tk-20260518104611-atd84m,MX,seedance2.0,324900,消费,-14.9454,"2026-05-18 10:46:11"
624001,tk-20260518104530-0rltzs,MX,seedance2.0,324900,消费,-14.9454,"2026-05-18 10:45:30"
624002,tk-20260518104530-nam9n1,MX,seedance2.0,260100,消费,-11.9646,"2026-05-18 10:45:30"
623996,tk-20260518104521-4x09ba,MX,seedance2.0,324900,消费,-14.9454,"2026-05-18 10:45:21"
623888,tk-20260518104438-k36xau,MX,seedance2.0,324900,消费,-14.9454,"2026-05-18 10:44:38"
623979,tk-20260518104434-1szkro,MX,seedance2.0,324900,消费,-14.9454,"2026-05-18 10:44:34"
623880,tk-20260518104422-6o5t5a,MX,seedance2.0,87300,消费,-4.0158,"2026-05-18 10:44:22"
623867,tk-20260518104350-dqe9mb,MX,seedance2.0,216900,消费,-9.9774,"2026-05-18 10:43:50"
623865,tk-20260518104346-66h1nu,MX,seedance2.0,151078,消费,-6.9495,"2026-05-18 10:43:46"
623949,tk-20260518104342-qpxej9,MX,seedance2.0,324900,消费,-14.9454,"2026-05-18 10:43:42"
623941,tk-20260518104338-xqpyjv,MX,seedance2.0,324900,消费,-14.9454,"2026-05-18 10:43:38"
623948,tk-20260518104332-tozixl,MX,seedance2.0,324900,消费,-14.9454,"2026-05-18 10:43:32"
623947,tk-20260518104331-fcqxsw,MX,seedance2.0,324900,消费,-14.9454,"2026-05-18 10:43:31"
623855,tk-20260518104329-o2f6cv,MX,seedance2.0,324900,消费,-14.9454,"2026-05-18 10:43:29"
623936,tk-20260518104326-gdfxea,MX,seedance2.0,324900,消费,-14.9454,"2026-05-18 10:43:26"
623934,tk-20260518104324-5zomyz,MX,seedance2.0,324900,消费,-14.9454,"2026-05-18 10:43:24"
623847,tk-20260518104320-og6h4l,MX,seedance2.0,324900,消费,-14.9454,"2026-05-18 10:43:20"
623931,tk-20260518104317-1gez8g,MX,seedance2.0,324900,消费,-14.9454,"2026-05-18 10:43:17"
623849,tk-20260518104315-8cbm11,MX,seedance2.0,324900,消费,-14.9454,"2026-05-18 10:43:15"
623930,tk-20260518104312-h4ytu7,MX,seedance2.0,324900,消费,-14.9454,"2026-05-18 10:43:12"
623929,tk-20260518104311-hvv426,MX,seedance2.0,324900,消费,-14.9454,"2026-05-18 10:43:11"
623924,tk-20260518104308-w8mqtz,MX,seedance2.0,324900,消费,-14.9454,"2026-05-18 10:43:08"
623837,tk-20260518104258-2hxibo,MX,seedance2.0,324900,消费,-14.9454,"2026-05-18 10:42:58"
623921,tk-20260518104257-uzwqg8,MX,seedance2.0,324900,消费,-14.9454,"2026-05-18 10:42:57"
623919,tk-20260518104255-4is9kn,MX,seedance2.0,324900,消费,-14.9454,"2026-05-18 10:42:55"
623918,tk-20260518104253-tvmj96,MX,seedance2.0,324900,消费,-14.9454,"2026-05-18 10:42:53"
623916,tk-20260518104243-zu1l54,MX,seedance2.0,260100,消费,-11.9646,"2026-05-18 10:42:43"
623912,tk-20260518104236-q367rf,MX,seedance2.0,324900,消费,-14.9454,"2026-05-18 10:42:36"
623911,tk-20260518104233-a7pdx2,MX,seedance2.0,324900,消费,-14.9454,"2026-05-18 10:42:33"
623910,tk-20260518104230-xp6rz1,MX,seedance2.0,151078,消费,-6.9495,"2026-05-18 10:42:30"
623822,tk-20260518104227-uulwlt,MX,seedance2.0,281700,消费,-12.9582,"2026-05-18 10:42:27"
623828,tk-20260518104227-h4dywj,MX,seedance2.0,324900,消费,-14.9454,"2026-05-18 10:42:27"
623827,tk-20260518104224-cxwm14,MX,seedance2.0,173700,消费,-7.9902,"2026-05-18 10:42:24"
623900,tk-20260518104159-wl0hq0,MX,seedance2.0,324900,消费,-14.9454,"2026-05-18 10:41:59"
623894,tk-20260518104152-kyvhh3,MX,seedance2.0,324900,消费,-14.9454,"2026-05-18 10:41:52"
623895,tk-20260518104152-1b1irc,MX,seedance2.0,324900,消费,-14.9454,"2026-05-18 10:41:52"
623808,tk-20260518104148-30tq7g,MX,seedance2.0,324900,消费,-14.9454,"2026-05-18 10:41:48"
623793,tk-20260518104132-vwwxgm,MX,seedance2.0,151078,消费,-6.9495,"2026-05-18 10:41:32"
623794,tk-20260518104131-n441w4,MX,seedance2.0,324900,消费,-14.9454,"2026-05-18 10:41:31"
623785,tk-20260518104122-l2tz0b,MX,seedance2.0,324900,消费,-14.9454,"2026-05-18 10:41:22"
623879,tk-20260518104119-tnagus,MX,seedance2.0,324900,消费,-14.9454,"2026-05-18 10:41:19"
623769,tk-20260518104047-zkkpxo,MX,seedance2.0,173700,消费,-7.9902,"2026-05-18 10:40:47"
623764,tk-20260518104041-1ohhqd,MX,seedance2.0,324900,消费,-14.9454,"2026-05-18 10:40:41"
623859,tk-20260518104036-fcjhc0,MX,seedance2.0,324900,消费,-14.9454,"2026-05-18 10:40:36"
623856,tk-20260518104026-092opg,MX,seedance2.0,324900,消费,-14.9454,"2026-05-18 10:40:26"
623679,tk-20260518104023-00h5ox,MX,seedance2.0,108900,消费,-5.0094,"2026-05-18 10:40:23"
623754,tk-20260518104001-siaftz,MX,seedance2.0,324900,消费,-14.9454,"2026-05-18 10:40:01"
623749,tk-20260518103954-xico2t,MX,seedance2.0,324900,消费,-14.9454,"2026-05-18 10:39:54"
623835,tk-20260518103940-1h3sqr,MX,seedance2.0,216900,消费,-9.9774,"2026-05-18 10:39:40"
623736,tk-20260518103926-3kxe0z,MX,seedance2.0,120946,消费,-5.5635,"2026-05-18 10:39:26"
623824,tk-20260518103924-dbid1k,MX,seedance2.0,324900,消费,-14.9454,"2026-05-18 10:39:24"
623817,tk-20260518103905-j9hdyn,MX,seedance2.0,324900,消费,-14.9454,"2026-05-18 10:39:05"
623810,tk-20260518103856-uthsau,MX,seedance2.0,151078,消费,-6.9495,"2026-05-18 10:38:56"
623897,tk-20260518103843-9lw6eu,MX,seedance2.0,238500,消费,-10.9710,"2026-05-18 10:38:43"
623800,tk-20260518103837-i4rsw9,MX,seedance2.0,324900,消费,-14.9454,"2026-05-18 10:38:37"
623796,tk-20260518103831-gqzd5h,MX,seedance2.0,324900,消费,-14.9454,"2026-05-18 10:38:31"
623791,tk-20260518103824-1puy1l,MX,seedance2.0,324900,消费,-14.9454,"2026-05-18 10:38:24"
623884,tk-20260518103823-t9az50,MX,seedance2.0,324900,消费,-14.9454,"2026-05-18 10:38:23"
623703,tk-20260518103819-01i0ng,MX,seedance2.0,108900,消费,-5.0094,"2026-05-18 10:38:19"
623692,tk-20260518103803-yfaihx,MX,seedance2.0,151078,消费,-6.9495,"2026-05-18 10:38:03"
623863,tk-20260518103745-rq73kk,MX,seedance2.0,324900,消费,-14.9454,"2026-05-18 10:37:45"
623676,tk-20260518103713-ra3d7l,MX,seedance2.0,130500,消费,-6.0030,"2026-05-18 10:37:13"
623753,tk-20260518103701-6qrcf3,MX,seedance2.0,324900,消费,-14.9454,"2026-05-18 10:37:01"
623666,tk-20260518103659-u6l259,MX,seedance2.0,324900,消费,-14.9454,"2026-05-18 10:36:59"
623664,tk-20260518103652-0bo6r6,MX,seedance2.0,87300,消费,-4.0158,"2026-05-18 10:36:52"
623751,tk-20260518103652-3uy1e9,MX,seedance2.0,324900,消费,-14.9454,"2026-05-18 10:36:52"
623745,tk-20260518103647-c8jkyc,MX,seedance2.0,324900,消费,-14.9454,"2026-05-18 10:36:47"
623743,tk-20260518103645-ivqxgt,MX,seedance2.0,324900,消费,-14.9454,"2026-05-18 10:36:45"
623660,tk-20260518103643-j6tbgy,MX,seedance2.0,324900,消费,-14.9454,"2026-05-18 10:36:43"
623741,tk-20260518103641-aqka9t,MX,seedance2.0,324900,消费,-14.9454,"2026-05-18 10:36:41"
623739,tk-20260518103639-p7irm2,MX,seedance2.0,324900,消费,-14.9454,"2026-05-18 10:36:39"
623653,tk-20260518103623-gzh0wm,MX,seedance2.0,324900,消费,-14.9454,"2026-05-18 10:36:23"
623734,tk-20260518103623-68u96c,MX,seedance2.0,324900,消费,-14.9454,"2026-05-18 10:36:23"
623730,tk-20260518103614-g0dlty,MX,seedance2.0,260100,消费,-11.9646,"2026-05-18 10:36:14"
623646,tk-20260518103611-4ipmys,MX,seedance2.0,216900,消费,-9.9774,"2026-05-18 10:36:11"
623729,tk-20260518103610-7vx1z6,MX,seedance2.0,173700,消费,-7.9902,"2026-05-18 10:36:10"
623722,tk-20260518103606-4673rj,MX,seedance2.0,324900,消费,-14.9454,"2026-05-18 10:36:06"
623728,tk-20260518103604-ewzix8,MX,seedance2.0,173700,消费,-7.9902,"2026-05-18 10:36:04"
623641,tk-20260518103603-3cvims,MX,seedance2.0,324900,消费,-14.9454,"2026-05-18 10:36:03"
623721,tk-20260518103603-ymco18,MX,seedance2.0,260100,消费,-11.9646,"2026-05-18 10:36:03"
623710,tk-20260518103532-97g7ay,MX,seedance2.0,324900,消费,-14.9454,"2026-05-18 10:35:32"
623783,tk-20260518103519-khnx4v,MX,seedance2.0,324900,消费,-14.9454,"2026-05-18 10:35:19"
623695,tk-20260518103509-0jrco7,MX,seedance2.0,324900,消费,-14.9454,"2026-05-18 10:35:09"
623698,tk-20260518103509-hvces2,MX,seedance2.0,324900,消费,-14.9454,"2026-05-18 10:35:09"
623782,tk-20260518103509-ua89f5,MX,seedance2.0,324900,消费,-14.9454,"2026-05-18 10:35:09"
623697,tk-20260518103508-ri3bp6,MX,seedance2.0,324900,消费,-14.9454,"2026-05-18 10:35:08"
623696,tk-20260518103501-01kqq9,MX,seedance2.0,324900,消费,-14.9454,"2026-05-18 10:35:01"
623607,tk-20260518103422-2mkcyd,MX,seedance2.0,151078,消费,-6.9495,"2026-05-18 10:34:22"
623682,tk-20260518103421-d8qyoh,MX,seedance2.0,195300,消费,-8.9838,"2026-05-18 10:34:21"
623757,tk-20260518103407-xoy9k2,MX,seedance2.0,324900,消费,-14.9454,"2026-05-18 10:34:07"
623673,tk-20260518103402-3p45ha,MX,seedance2.0,324900,消费,-14.9454,"2026-05-18 10:34:02"
623667,tk-20260518103350-dm601w,MX,seedance2.0,281700,消费,-12.9582,"2026-05-18 10:33:50"
623591,tk-20260518103345-udm3b0,MX,seedance2.0,151078,消费,-6.9495,"2026-05-18 10:33:45"
623658,tk-20260518103333-ykdw1a,MX,seedance2.0,324900,消费,-14.9454,"2026-05-18 10:33:33"
623587,tk-20260518103329-zoelbo,MX,seedance2.0,151078,消费,-6.9495,"2026-05-18 10:33:29"
623651,tk-20260518103325-1p8cr0,MX,seedance2.0,324900,消费,-14.9454,"2026-05-18 10:33:25"
623581,tk-20260518103318-da12d0,MX,seedance2.0,281700,消费,-12.9582,"2026-05-18 10:33:18"
623647,tk-20260518103314-2f6ui6,MX,seedance2.0,324900,消费,-14.9454,"2026-05-18 10:33:14"
623637,tk-20260518103258-wlkuru,MX,seedance2.0,324900,消费,-14.9454,"2026-05-18 10:32:58"
623638,tk-20260518103258-xsqkpt,MX,seedance2.0,324900,消费,-14.9454,"2026-05-18 10:32:58"
623569,tk-20260518103252-n3647f,MX,seedance2.0,324900,消费,-14.9454,"2026-05-18 10:32:52"
623561,tk-20260518103241-0x4r9e,MX,seedance2.0,324900,消费,-14.9454,"2026-05-18 10:32:41"
623557,tk-20260518103235-hp5hwb,MX,seedance2.0,151078,消费,-6.9495,"2026-05-18 10:32:35"
623543,tk-20260518103209-g70hv9,MX,seedance2.0,324900,消费,-14.9454,"2026-05-18 10:32:09"
623545,tk-20260518103209-hkoekf,MX,seedance2.0,40594,消费,-1.8673,"2026-05-18 10:32:09"
623622,tk-20260518103206-wst77c,MX,seedance2.0,324900,消费,-14.9454,"2026-05-18 10:32:06"
623542,tk-20260518103202-zkvtdz,MX,seedance2.0,216900,消费,-9.9774,"2026-05-18 10:32:02"
623615,tk-20260518103140-uzza85,MX,seedance2.0,324900,消费,-14.9454,"2026-05-18 10:31:40"
623523,tk-20260518103139-ib4vhb,MX,seedance2.0,151078,消费,-6.9495,"2026-05-18 10:31:39"
623518,tk-20260518103127-nkkm2i,MX,seedance2.0,216900,消费,-9.9774,"2026-05-18 10:31:27"
623609,tk-20260518103124-1gjcbw,MX,seedance2.0,324900,消费,-14.9454,"2026-05-18 10:31:24"
623602,tk-20260518103118-29e919,MX,seedance2.0,324900,消费,-14.9454,"2026-05-18 10:31:18"
623507,tk-20260518103106-p23ywh,MX,seedance2.0,260100,消费,-11.9646,"2026-05-18 10:31:06"
623510,tk-20260518103100-5xb98b,MX,seedance2.0,130500,消费,-6.0030,"2026-05-18 10:31:00"
623590,tk-20260518103049-salz61,MX,seedance2.0,324900,消费,-14.9454,"2026-05-18 10:30:49"
623582,tk-20260518103021-10j2w6,MX,seedance2.0,173700,消费,-7.9902,"2026-05-18 10:30:21"
623580,tk-20260518103018-ko15j6,MX,seedance2.0,324900,消费,-14.9454,"2026-05-18 10:30:18"
623579,tk-20260518103015-bmk81h,MX,seedance2.0,216900,消费,-9.9774,"2026-05-18 10:30:15"
623494,tk-20260518103003-hvl3uk,MX,seedance2.0,110902,消费,-5.1014,"2026-05-18 10:30:03"
623568,tk-20260518102952-sd9iot,MX,seedance2.0,216900,消费,-9.9774,"2026-05-18 10:29:52"
623484,tk-20260518102945-eqw6i8,MX,seedance2.0,324900,消费,-14.9454,"2026-05-18 10:29:45"
623550,tk-20260518102925-ni6l45,MX,seedance2.0,151078,消费,-6.9495,"2026-05-18 10:29:25"
623549,tk-20260518102922-85m2mb,MX,seedance2.0,324900,消费,-14.9454,"2026-05-18 10:29:22"
623473,tk-20260518102910-3rydn2,MX,seedance2.0,216900,消费,-9.9774,"2026-05-18 10:29:10"
623534,tk-20260518102852-176be4,MX,seedance2.0,324900,消费,-14.9454,"2026-05-18 10:28:52"
623528,tk-20260518102845-84uwyh,MX,seedance2.0,324900,消费,-14.9454,"2026-05-18 10:28:45"
623455,tk-20260518102841-bmk25z,MX,seedance2.0,130500,消费,-6.0030,"2026-05-18 10:28:41"
623520,tk-20260518102831-kjmjyy,MX,seedance2.0,195300,消费,-8.9838,"2026-05-18 10:28:31"
623515,tk-20260518102816-w6g0v6,MX,seedance2.0,324900,消费,-14.9454,"2026-05-18 10:28:16"
623514,tk-20260518102813-206pt6,MX,seedance2.0,324900,消费,-14.9454,"2026-05-18 10:28:13"
623511,tk-20260518102808-u0ffkj,MX,seedance2.0,87300,消费,-4.0158,"2026-05-18 10:28:08"
623445,tk-20260518102802-6tnyk6,MX,seedance2.0,324900,消费,-14.9454,"2026-05-18 10:28:02"
623505,tk-20260518102751-gu2pv0,MX,seedance2.0,324900,消费,-14.9454,"2026-05-18 10:27:51"
623438,tk-20260518102747-qyj2s6,MX,seedance2.0,87300,消费,-4.0158,"2026-05-18 10:27:47"
623500,tk-20260518102738-2wr9ci,MX,seedance2.0,303300,消费,-13.9518,"2026-05-18 10:27:38"
623434,tk-20260518102736-tonl9z,MX,seedance2.0,195300,消费,-8.9838,"2026-05-18 10:27:36"
623436,tk-20260518102736-eglh80,MX,seedance2.0,108900,消费,-5.0094,"2026-05-18 10:27:36"
623501,tk-20260518102735-9x1c6l,MX,seedance2.0,87300,消费,-4.0158,"2026-05-18 10:27:35"
623499,tk-20260518102727-c4go9t,MX,seedance2.0,324900,消费,-14.9454,"2026-05-18 10:27:27"
623584,tk-20260518102721-c0zaj8,MX,seedance2.0,324900,消费,-14.9454,"2026-05-18 10:27:21"
623578,tk-20260518102718-ygkrh4,MX,seedance2.0,324900,消费,-14.9454,"2026-05-18 10:27:18"
623496,tk-20260518102715-639kwi,MX,seedance2.0,324900,消费,-14.9454,"2026-05-18 10:27:15"
623493,tk-20260518102711-dzvv82,MX,seedance2.0,87300,消费,-4.0158,"2026-05-18 10:27:11"
623495,tk-20260518102711-auexcn,MX,seedance2.0,324900,消费,-14.9454,"2026-05-18 10:27:11"
623492,tk-20260518102701-8yesuh,MX,seedance2.0,324900,消费,-14.9454,"2026-05-18 10:27:01"
623483,tk-20260518102645-qqbdd2,MX,seedance2.0,108900,消费,-5.0094,"2026-05-18 10:26:45"
623412,tk-20260518102634-3gnu7m,MX,seedance2.0,80770,消费,-3.7154,"2026-05-18 10:26:34"
623479,tk-20260518102630-bld28c,MX,seedance2.0,324900,消费,-14.9454,"2026-05-18 10:26:30"
623478,tk-20260518102629-e5fy3v,MX,seedance2.0,324900,消费,-14.9454,"2026-05-18 10:26:29"
623552,tk-20260518102627-iwbgzi,MX,seedance2.0,260100,消费,-11.9646,"2026-05-18 10:26:27"
623402,tk-20260518102609-xjr35m,MX,seedance2.0,141034,消费,-6.4875,"2026-05-18 10:26:09"
623465,tk-20260518102606-3q70cc,MX,seedance2.0,324900,消费,-14.9454,"2026-05-18 10:26:06"
623463,tk-20260518102559-xp75ma,MX,seedance2.0,324900,消费,-14.9454,"2026-05-18 10:25:59"
623461,tk-20260518102558-fkd6zb,MX,seedance2.0,324900,消费,-14.9454,"2026-05-18 10:25:58"
623462,tk-20260518102554-l4g4i6,MX,seedance2.0,324900,消费,-14.9454,"2026-05-18 10:25:54"
623458,tk-20260518102545-z5es7h,MX,seedance2.0,324900,消费,-14.9454,"2026-05-18 10:25:45"
623521,tk-20260518102534-wm7aul,MX,seedance2.0,324900,消费,-14.9454,"2026-05-18 10:25:34"
623450,tk-20260518102516-d9cdgy,MX,seedance2.0,324900,消费,-14.9454,"2026-05-18 10:25:16"
623442,tk-20260518102449-q707k4,MX,seedance2.0,324900,消费,-14.9454,"2026-05-18 10:24:49"
623425,tk-20260518102358-un954v,MX,seedance2.0,324900,消费,-14.9454,"2026-05-18 10:23:58"
623418,tk-20260518102345-2w9vi3,MX,seedance2.0,324900,消费,-14.9454,"2026-05-18 10:23:45"
623404,tk-20260518102312-zfobvq,MX,seedance2.0,260100,消费,-11.9646,"2026-05-18 10:23:12"
623403,tk-20260518102309-p6ekom,MX,seedance2.0,324900,消费,-14.9454,"2026-05-18 10:23:09"
623390,tk-20260518102237-1yxyva,MX,seedance2.0,324900,消费,-14.9454,"2026-05-18 10:22:37"
623393,tk-20260518102236-7ivb8k,MX,seedance2.0,260100,消费,-11.9646,"2026-05-18 10:22:36"
623392,tk-20260518102235-wntff5,MX,seedance2.0,151078,消费,-6.9495,"2026-05-18 10:22:35"
623380,tk-20260518102226-xm2b2m,MX,seedance2.0,324900,消费,-14.9454,"2026-05-18 10:22:26"
623384,tk-20260518102225-kbr7ft,MX,seedance2.0,324900,消费,-14.9454,"2026-05-18 10:22:25"
623383,tk-20260518102219-4g5pz0,MX,seedance2.0,324900,消费,-14.9454,"2026-05-18 10:22:19"
623373,tk-20260518102209-wo9vvf,MX,seedance2.0,324900,消费,-14.9454,"2026-05-18 10:22:09"
623319,tk-20260518102208-68025n,MX,seedance2.0,50638,消费,-2.3293,"2026-05-18 10:22:08"
623372,tk-20260518102204-umgqox,MX,seedance2.0,216900,消费,-9.9774,"2026-05-18 10:22:04"
623363,tk-20260518102147-a64v6w,MX,seedance2.0,260100,消费,-11.9646,"2026-05-18 10:21:47"
623361,tk-20260518102134-35ugoq,MX,seedance2.0,324900,消费,-14.9454,"2026-05-18 10:21:34"
623429,tk-20260518102120-2o5lqh,MX,seedance2.0,151078,消费,-6.9495,"2026-05-18 10:21:20"
623358,tk-20260518102114-vk3xr7,MX,seedance2.0,324900,消费,-14.9454,"2026-05-18 10:21:14"
623298,tk-20260518102053-8488jb,MX,seedance2.0,151078,消费,-6.9495,"2026-05-18 10:20:53"
623349,tk-20260518102053-er9oc6,MX,seedance2.0,324900,消费,-14.9454,"2026-05-18 10:20:53"
623350,tk-20260518102048-g1a02z,MX,seedance2.0,324900,消费,-14.9454,"2026-05-18 10:20:48"
623345,tk-20260518102046-rc7ncn,MX,seedance2.0,324900,消费,-14.9454,"2026-05-18 10:20:46"
623295,tk-20260518102038-qow89y,MX,seedance2.0,173700,消费,-7.9902,"2026-05-18 10:20:38"
623294,tk-20260518102036-20fbec,MX,seedance2.0,195300,消费,-8.9838,"2026-05-18 10:20:36"
623341,tk-20260518102031-21mro3,MX,seedance2.0,151078,消费,-6.9495,"2026-05-18 10:20:31"
623339,tk-20260518102020-krm6h5,MX,seedance2.0,324900,消费,-14.9454,"2026-05-18 10:20:20"
623337,tk-20260518102010-9g6u04,MX,seedance2.0,324900,消费,-14.9454,"2026-05-18 10:20:10"
623331,tk-20260518101949-l1ast7,MX,seedance2.0,260100,消费,-11.9646,"2026-05-18 10:19:49"
623327,tk-20260518101935-cgf57u,MX,seedance2.0,324900,消费,-14.9454,"2026-05-18 10:19:35"
623273,tk-20260518101932-qu4rlu,MX,seedance2.0,216900,消费,-9.9774,"2026-05-18 10:19:32"
623272,tk-20260518101931-cui440,MX,seedance2.0,87300,消费,-4.0158,"2026-05-18 10:19:31"
623270,tk-20260518101918-bjgt8b,MX,seedance2.0,281700,消费,-12.9582,"2026-05-18 10:19:18"
623269,tk-20260518101905-3x4hnc,MX,seedance2.0,324900,消费,-14.9454,"2026-05-18 10:19:05"
623314,tk-20260518101848-vk1q27,MX,seedance2.0,195300,消费,-8.9838,"2026-05-18 10:18:48"
623313,tk-20260518101837-0yy2sm,MX,seedance2.0,324900,消费,-14.9454,"2026-05-18 10:18:37"
623312,tk-20260518101834-2kuvf9,MX,seedance2.0,216900,消费,-9.9774,"2026-05-18 10:18:34"
623307,tk-20260518101825-mfc0hj,MX,seedance2.0,173700,消费,-7.9902,"2026-05-18 10:18:25"
623306,tk-20260518101822-168mhu,MX,seedance2.0,324900,消费,-14.9454,"2026-05-18 10:18:22"
623305,tk-20260518101817-4gbuo8,MX,seedance2.0,324900,消费,-14.9454,"2026-05-18 10:18:17"
623301,tk-20260518101758-11lkco,MX,seedance2.0,324900,消费,-14.9454,"2026-05-18 10:17:58"
623296,tk-20260518101745-34t0s1,MX,seedance2.0,324900,消费,-14.9454,"2026-05-18 10:17:45"
623290,tk-20260518101730-rtm15p,MX,seedance2.0,324900,消费,-14.9454,"2026-05-18 10:17:30"
623287,tk-20260518101715-3h0rit,MX,seedance2.0,195300,消费,-8.9838,"2026-05-18 10:17:15"
623281,tk-20260518101654-qd09c7,MX,seedance2.0,195300,消费,-8.9838,"2026-05-18 10:16:54"
623280,tk-20260518101653-geesbc,MX,seedance2.0,324900,消费,-14.9454,"2026-05-18 10:16:53"
623457,tk-20260518101649-hrdty5,MX,seedance2.0,324900,消费,-14.9454,"2026-05-18 10:16:49"
623396,tk-20260518101645-n3yltj,MX,seedance2.0,152100,消费,-6.9966,"2026-05-18 10:16:45"
623231,tk-20260518101637-sj4zs6,MX,seedance2.0,216900,消费,-9.9774,"2026-05-18 10:16:37"
623266,tk-20260518101557-j20hhx,MX,seedance2.0,324900,消费,-14.9454,"2026-05-18 10:15:57"
623260,tk-20260518101523-if0gka,MX,seedance2.0,324900,消费,-14.9454,"2026-05-18 10:15:23"
623256,tk-20260518101515-n9wv4a,MX,seedance2.0,324900,消费,-14.9454,"2026-05-18 10:15:15"
623208,tk-20260518101506-ecu0e1,MX,seedance2.0,50638,消费,-2.3293,"2026-05-18 10:15:06"
623253,tk-20260518101504-55odue,MX,seedance2.0,324900,消费,-14.9454,"2026-05-18 10:15:04"
623250,tk-20260518101448-d87782,MX,seedance2.0,324900,消费,-14.9454,"2026-05-18 10:14:48"
623241,tk-20260518101414-e8bytv,MX,seedance2.0,260100,消费,-11.9646,"2026-05-18 10:14:14"
623238,tk-20260518101401-anmowr,MX,seedance2.0,324900,消费,-14.9454,"2026-05-18 10:14:01"
623183,tk-20260518101358-u4x0tn,MX,seedance2.0,195300,消费,-8.9838,"2026-05-18 10:13:58"
623235,tk-20260518101353-2ri1fl,MX,seedance2.0,324900,消费,-14.9454,"2026-05-18 10:13:53"
623233,tk-20260518101351-wd0ybe,MX,seedance2.0,324900,消费,-14.9454,"2026-05-18 10:13:51"
623180,tk-20260518101350-evyqif,MX,seedance2.0,108900,消费,-5.0094,"2026-05-18 10:13:50"
623232,tk-20260518101344-8uibhk,MX,seedance2.0,324900,消费,-14.9454,"2026-05-18 10:13:44"
623173,tk-20260518101319-lbvdku,MX,seedance2.0,216900,消费,-9.9774,"2026-05-18 10:13:19"
623224,tk-20260518101316-hggv56,MX,seedance2.0,324900,消费,-14.9454,"2026-05-18 10:13:16"
623168,tk-20260518101310-qpl5pd,MX,seedance2.0,324900,消费,-14.9454,"2026-05-18 10:13:10"
623220,tk-20260518101259-5qq6bi,MX,seedance2.0,108900,消费,-5.0094,"2026-05-18 10:12:59"
623155,tk-20260518101242-3o5jz3,MX,seedance2.0,324900,消费,-14.9454,"2026-05-18 10:12:42"
623213,tk-20260518101232-eydaxx,MX,seedance2.0,324900,消费,-14.9454,"2026-05-18 10:12:32"
623211,tk-20260518101226-al5mhc,MX,seedance2.0,324900,消费,-14.9454,"2026-05-18 10:12:26"
623210,tk-20260518101224-agg534,MX,seedance2.0,238500,消费,-10.9710,"2026-05-18 10:12:24"
623134,tk-20260518101148-7ofkx3,MX,seedance2.0,324900,消费,-14.9454,"2026-05-18 10:11:49"
623135,tk-20260518101149-fic65k,MX,seedance2.0,130500,消费,-6.0030,"2026-05-18 10:11:49"
623200,tk-20260518101141-y9d1tl,MX,seedance2.0,324900,消费,-14.9454,"2026-05-18 10:11:41"
623196,tk-20260518101128-3ncery,MX,seedance2.0,324900,消费,-14.9454,"2026-05-18 10:11:28"
623128,tk-20260518101127-xwnosy,MX,seedance2.0,324900,消费,-14.9454,"2026-05-18 10:11:27"
623194,tk-20260518101127-ze6s9w,MX,seedance2.0,324900,消费,-14.9454,"2026-05-18 10:11:27"
623193,tk-20260518101125-ixj0pp,MX,seedance2.0,324900,消费,-14.9454,"2026-05-18 10:11:25"
623192,tk-20260518101121-i81rzl,MX,seedance2.0,260100,消费,-11.9646,"2026-05-18 10:11:21"
623125,tk-20260518101120-hwsrv1,MX,seedance2.0,120946,消费,-5.5635,"2026-05-18 10:11:20"
623117,tk-20260518101058-0npan8,MX,seedance2.0,151078,消费,-6.9495,"2026-05-18 10:10:58"
623186,tk-20260518101055-s3anjd,MX,seedance2.0,324900,消费,-14.9454,"2026-05-18 10:10:55"
623181,tk-20260518101047-bucdg0,MX,seedance2.0,324900,消费,-14.9454,"2026-05-18 10:10:47"
623110,tk-20260518101042-yz489p,MX,seedance2.0,324900,消费,-14.9454,"2026-05-18 10:10:42"
623179,tk-20260518101036-om13sm,MX,seedance2.0,324900,消费,-14.9454,"2026-05-18 10:10:36"
623106,tk-20260518101028-jl8f5t,MX,seedance2.0,324900,消费,-14.9454,"2026-05-18 10:10:28"
623175,tk-20260518101026-qk3fru,MX,seedance2.0,324900,消费,-14.9454,"2026-05-18 10:10:26"
623174,tk-20260518101024-p867f2,MX,seedance2.0,324900,消费,-14.9454,"2026-05-18 10:10:24"
623103,tk-20260518101020-frqrtb,MX,seedance2.0,195300,消费,-8.9838,"2026-05-18 10:10:20"
623172,tk-20260518101020-a01c5p,MX,seedance2.0,324900,消费,-14.9454,"2026-05-18 10:10:20"
623097,tk-20260518101007-5qquxt,MX,seedance2.0,324900,消费,-14.9454,"2026-05-18 10:10:07"
623166,tk-20260518101003-6x0gm3,MX,seedance2.0,260100,消费,-11.9646,"2026-05-18 10:10:03"
623153,tk-20260518100944-xfb6yk,MX,seedance2.0,324900,消费,-14.9454,"2026-05-18 10:09:44"
623161,tk-20260518100943-6xh92h,MX,seedance2.0,324900,消费,-14.9454,"2026-05-18 10:09:43"
623149,tk-20260518100937-l91wqa,MX,seedance2.0,324900,消费,-14.9454,"2026-05-18 10:09:37"
623150,tk-20260518100933-9if81g,MX,seedance2.0,216900,消费,-9.9774,"2026-05-18 10:09:33"
623081,tk-20260518100927-lexfmh,MX,seedance2.0,324900,消费,-14.9454,"2026-05-18 10:09:27"
623076,tk-20260518100914-1wtpl4,MX,seedance2.0,324900,消费,-14.9454,"2026-05-18 10:09:14"
623141,tk-20260518100911-i9sev0,MX,seedance2.0,281700,消费,-12.9582,"2026-05-18 10:09:11"
623140,tk-20260518100909-5tn3v9,MX,seedance2.0,260100,消费,-11.9646,"2026-05-18 10:09:09"
623075,tk-20260518100907-xneb65,MX,seedance2.0,324900,消费,-14.9454,"2026-05-18 10:09:07"
623065,tk-20260518100840-lphp7x,MX,seedance2.0,216900,消费,-9.9774,"2026-05-18 10:08:40"
623131,tk-20260518100834-s743u3,MX,seedance2.0,281700,消费,-12.9582,"2026-05-18 10:08:34"
623061,tk-20260518100823-jlxn7m,MX,seedance2.0,324900,消费,-14.9454,"2026-05-18 10:08:23"
623126,tk-20260518100820-60asuh,MX,seedance2.0,324900,消费,-14.9454,"2026-05-18 10:08:20"
623055,tk-20260518100816-fxzg7i,MX,seedance2.0,151078,消费,-6.9495,"2026-05-18 10:08:16"
623051,tk-20260518100759-8g1j64,MX,seedance2.0,324900,消费,-14.9454,"2026-05-18 10:07:59"
623120,tk-20260518100756-vn3q3f,MX,seedance2.0,324900,消费,-14.9454,"2026-05-18 10:07:56"
623047,tk-20260518100749-0bijgz,MX,seedance2.0,324900,消费,-14.9454,"2026-05-18 10:07:49"
623049,tk-20260518100746-i26od2,MX,seedance2.0,50638,消费,-2.3293,"2026-05-18 10:07:46"
623045,tk-20260518100743-rrsv3j,MX,seedance2.0,216900,消费,-9.9774,"2026-05-18 10:07:43"
623042,tk-20260518100740-2zyh1f,MX,seedance2.0,151078,消费,-6.9495,"2026-05-18 10:07:40"
623109,tk-20260518100738-awnns6,MX,seedance2.0,260100,消费,-11.9646,"2026-05-18 10:07:38"
623039,tk-20260518100727-o705c6,MX,seedance2.0,151078,消费,-6.9495,"2026-05-18 10:07:27"
623102,tk-20260518100720-bgrkw9,MX,seedance2.0,281700,消费,-12.9582,"2026-05-18 10:07:20"
623035,tk-20260518100718-b5anva,MX,seedance2.0,324900,消费,-14.9454,"2026-05-18 10:07:18"
623037,tk-20260518100710-xa3w9p,MX,seedance2.0,216900,消费,-9.9774,"2026-05-18 10:07:10"
623033,tk-20260518100704-ej812z,MX,seedance2.0,108900,消费,-5.0094,"2026-05-18 10:07:04"
623094,tk-20260518100659-z6wd9q,MX,seedance2.0,195300,消费,-8.9838,"2026-05-18 10:06:59"
623093,tk-20260518100655-r6n0b1,MX,seedance2.0,120946,消费,-5.5635,"2026-05-18 10:06:55"
623032,tk-20260518100654-zf1muz,MX,seedance2.0,195300,消费,-8.9838,"2026-05-18 10:06:54"
623083,tk-20260518100633-vhv7rn,MX,seedance2.0,216900,消费,-9.9774,"2026-05-18 10:06:33"
623080,tk-20260518100630-0vygxs,MX,seedance2.0,324900,消费,-14.9454,"2026-05-18 10:06:30"
623139,tk-20260518100620-egswb7,MX,seedance2.0,324900,消费,-14.9454,"2026-05-18 10:06:20"
623015,tk-20260518100615-b2dl9m,MX,seedance2.0,151078,消费,-6.9495,"2026-05-18 10:06:15"
623013,tk-20260518100608-2wk1ov,MX,seedance2.0,90814,消费,-4.1774,"2026-05-18 10:06:08"
623012,tk-20260518100604-arf96z,MX,seedance2.0,173700,消费,-7.9902,"2026-05-18 10:06:04"
623009,tk-20260518100600-0im9q8,MX,seedance2.0,324900,消费,-14.9454,"2026-05-18 10:06:00"
623008,tk-20260518100557-t0tc3d,MX,seedance2.0,324900,消费,-14.9454,"2026-05-18 10:05:57"
623059,tk-20260518100522-9ipqef,MX,seedance2.0,324900,消费,-14.9454,"2026-05-18 10:05:22"
622995,tk-20260518100503-cz5g3h,MX,seedance2.0,324900,消费,-14.9454,"2026-05-18 10:05:03"
622991,tk-20260518100446-uscgfp,MX,seedance2.0,130500,消费,-6.0030,"2026-05-18 10:04:46"
623118,tk-20260518100445-ou3vpy,MX,seedance2.0,324900,消费,-14.9454,"2026-05-18 10:04:45"
623111,tk-20260518100437-uzhjwl,MX,seedance2.0,195300,消费,-8.9838,"2026-05-18 10:04:37"
623043,tk-20260518100433-vitzch,MX,seedance2.0,87300,消费,-4.0158,"2026-05-18 10:04:33"
622983,tk-20260518100410-p1yq7k,MX,seedance2.0,324900,消费,-14.9454,"2026-05-18 10:04:10"
623029,tk-20260518100356-gv8yt2,MX,seedance2.0,324900,消费,-14.9454,"2026-05-18 10:03:56"
622980,tk-20260518100355-r3u44r,MX,seedance2.0,151078,消费,-6.9495,"2026-05-18 10:03:55"
623092,tk-20260518100351-1mzmmi,MX,seedance2.0,324900,消费,-14.9454,"2026-05-18 10:03:51"
623026,tk-20260518100339-91i5bg,MX,seedance2.0,324900,消费,-14.9454,"2026-05-18 10:03:39"
623011,tk-20260518100306-npcmrv,MX,seedance2.0,324900,消费,-14.9454,"2026-05-18 10:03:06"
623072,tk-20260518100257-emvttz,MX,seedance2.0,216900,消费,-9.9774,"2026-05-18 10:02:57"
623069,tk-20260518100248-5sgct8,MX,seedance2.0,324900,消费,-14.9454,"2026-05-18 10:02:48"
623000,tk-20260518100233-c8alr9,MX,seedance2.0,151078,消费,-6.9495,"2026-05-18 10:02:33"
623062,tk-20260518100229-84gwga,MX,seedance2.0,108900,消费,-5.0094,"2026-05-18 10:02:29"
622949,tk-20260518100222-pwkgsu,MX,seedance2.0,324900,消费,-14.9454,"2026-05-18 10:02:22"
622996,tk-20260518100206-y4rjo3,MX,seedance2.0,216900,消费,-9.9774,"2026-05-18 10:02:06"
622994,tk-20260518100159-jc2pbw,MX,seedance2.0,281700,消费,-12.9582,"2026-05-18 10:01:59"
622938,tk-20260518100151-f12mnz,MX,seedance2.0,108900,消费,-5.0094,"2026-05-18 10:01:51"
622990,tk-20260518100144-kvy863,MX,seedance2.0,151078,消费,-6.9495,"2026-05-18 10:01:44"
622929,tk-20260518100115-rh2rjg,MX,seedance2.0,324900,消费,-14.9454,"2026-05-18 10:01:15"
622981,tk-20260518100114-v2i5tl,MX,seedance2.0,324900,消费,-14.9454,"2026-05-18 10:01:14"
622925,tk-20260518100109-0aanf4,MX,seedance2.0,324900,消费,-14.9454,"2026-05-18 10:01:10"
622982,tk-20260518100110-vozxyj,MX,seedance2.0,324900,消费,-14.9454,"2026-05-18 10:01:10"
622978,tk-20260518100103-93wlyh,MX,seedance2.0,324900,消费,-14.9454,"2026-05-18 10:01:03"
622979,tk-20260518100059-1atnhp,MX,seedance2.0,324900,消费,-14.9454,"2026-05-18 10:00:59"
623031,tk-20260518100056-kfkfkm,MX,seedance2.0,324900,消费,-14.9454,"2026-05-18 10:00:56"
622975,tk-20260518100046-vii882,MX,seedance2.0,216900,消费,-9.9774,"2026-05-18 10:00:46"
623087,tk-20260518100040-tboifs,MX,seedance2.0,324900,消费,-14.9454,"2026-05-18 10:00:40"
623021,tk-20260518100030-7osyyp,MX,seedance2.0,324900,消费,-14.9454,"2026-05-18 10:00:30"
622970,tk-20260518100027-x9q3yf,MX,seedance2.0,87300,消费,-4.0158,"2026-05-18 10:00:27"
622967,tk-20260518100012-xiuc50,MX,seedance2.0,216900,消费,-9.9774,"2026-05-18 10:00:12"
622964,tk-20260518100009-eh22qa,MX,seedance2.0,324900,消费,-14.9454,"2026-05-18 10:00:09"
622965,tk-20260518100009-6sa7dj,MX,seedance2.0,324900,消费,-14.9454,"2026-05-18 10:00:09"
622951,tk-20260518095925-h3l0hc,MX,seedance2.0,324900,消费,-14.9454,"2026-05-18 09:59:25"
622948,tk-20260518095917-zo5js7,MX,seedance2.0,324900,消费,-14.9454,"2026-05-18 09:59:17"
622952,tk-20260518095917-5s3yju,MX,seedance2.0,281700,消费,-12.9582,"2026-05-18 09:59:17"
622944,tk-20260518095905-ufxgu0,MX,seedance2.0,324900,消费,-14.9454,"2026-05-18 09:59:05"
622942,tk-20260518095859-6fbdd4,MX,seedance2.0,324900,消费,-14.9454,"2026-05-18 09:58:59"
622941,tk-20260518095858-m732c4,MX,seedance2.0,324900,消费,-14.9454,"2026-05-18 09:58:58"
622935,tk-20260518095829-cps52s,MX,seedance2.0,324900,消费,-14.9454,"2026-05-18 09:58:29"
622934,tk-20260518095826-kahoad,MX,seedance2.0,324900,消费,-14.9454,"2026-05-18 09:58:26"
622927,tk-20260518095803-9h6rb0,MX,seedance2.0,216900,消费,-9.9774,"2026-05-18 09:58:03"
622926,tk-20260518095801-p44n21,MX,seedance2.0,216900,消费,-9.9774,"2026-05-18 09:58:01"
622922,tk-20260518095753-43q049,MX,seedance2.0,151078,消费,-6.9495,"2026-05-18 09:57:53"
622923,tk-20260518095752-pn3oi8,MX,seedance2.0,324900,消费,-14.9454,"2026-05-18 09:57:52"
622919,tk-20260518095743-x5nro4,MX,seedance2.0,324900,消费,-14.9454,"2026-05-18 09:57:43"
622913,tk-20260518095717-tz3w7k,MX,seedance2.0,281700,消费,-12.9582,"2026-05-18 09:57:17"
622908,tk-20260518095658-7199n2,MX,seedance2.0,324900,消费,-14.9454,"2026-05-18 09:56:58"
622905,tk-20260518095649-cn6vvm,MX,seedance2.0,324900,消费,-14.9454,"2026-05-18 09:56:49"
622900,tk-20260518095626-ey92de,MX,seedance2.0,216900,消费,-9.9774,"2026-05-18 09:56:26"
622856,tk-20260518095612-43bsyt,MX,seedance2.0,216900,消费,-9.9774,"2026-05-18 09:56:12"
622898,tk-20260518095603-v1do8t,MX,seedance2.0,324900,消费,-14.9454,"2026-05-18 09:56:03"
622895,tk-20260518095547-dlgg4m,MX,seedance2.0,324900,消费,-14.9454,"2026-05-18 09:55:47"
622896,tk-20260518095547-lq5pvg,MX,seedance2.0,216900,消费,-9.9774,"2026-05-18 09:55:47"
622891,tk-20260518095538-c5nbq3,MX,seedance2.0,324900,消费,-14.9454,"2026-05-18 09:55:38"
622890,tk-20260518095537-iwieuc,MX,seedance2.0,324900,消费,-14.9454,"2026-05-18 09:55:37"
622838,tk-20260518095522-v21xyo,MX,seedance2.0,151078,消费,-6.9495,"2026-05-18 09:55:22"
622886,tk-20260518095520-zvr1c2,MX,seedance2.0,151078,消费,-6.9495,"2026-05-18 09:55:20"
622837,tk-20260518095515-7jmyrm,MX,seedance2.0,324900,消费,-14.9454,"2026-05-18 09:55:15"
622836,tk-20260518095511-dah5xo,MX,seedance2.0,151078,消费,-6.9495,"2026-05-18 09:55:11"
622830,tk-20260518095503-cg3psn,MX,seedance2.0,151078,消费,-6.9495,"2026-05-18 09:55:03"
622828,tk-20260518095457-yk8h4y,MX,seedance2.0,281700,消费,-12.9582,"2026-05-18 09:54:57"
622875,tk-20260518095432-bxlb9w,MX,seedance2.0,324900,消费,-14.9454,"2026-05-18 09:54:32"
622873,tk-20260518095416-4i8m4b,MX,seedance2.0,260100,消费,-11.9646,"2026-05-18 09:54:16"
622862,tk-20260518095335-7izzn4,MX,seedance2.0,216900,消费,-9.9774,"2026-05-18 09:53:35"
622799,tk-20260518095320-z53tk0,MX,seedance2.0,173700,消费,-7.9902,"2026-05-18 09:53:20"
622852,tk-20260518095301-darv5q,MX,seedance2.0,324900,消费,-14.9454,"2026-05-18 09:53:01"
622789,tk-20260518095252-rw1h97,MX,seedance2.0,151078,消费,-6.9495,"2026-05-18 09:52:52"
622850,tk-20260518095249-k4olyb,MX,seedance2.0,152100,消费,-6.9966,"2026-05-18 09:52:49"
622843,tk-20260518095245-z8dwyg,MX,seedance2.0,195300,消费,-8.9838,"2026-05-18 09:52:45"
622835,tk-20260518095205-kgfaj5,MX,seedance2.0,260100,消费,-11.9646,"2026-05-18 09:52:05"
622823,tk-20260518095145-xufufa,MX,seedance2.0,324900,消费,-14.9454,"2026-05-18 09:51:45"
622820,tk-20260518095124-ujl2lr,MX,seedance2.0,324900,消费,-14.9454,"2026-05-18 09:51:24"
622774,tk-20260518095114-cn3pmk,MX,seedance2.0,324900,消费,-14.9454,"2026-05-18 09:51:14"
622802,tk-20260518095050-t54lkv,MX,seedance2.0,324900,消费,-14.9454,"2026-05-18 09:50:50"
622853,tk-20260518095003-pp3j4q,MX,seedance2.0,260100,消费,-11.9646,"2026-05-18 09:50:03"
622796,tk-20260518094957-ulfjpk,MX,seedance2.0,152100,消费,-6.9966,"2026-05-18 09:49:57"
622792,tk-20260518094956-3a5neh,MX,seedance2.0,324900,消费,-14.9454,"2026-05-18 09:49:56"
622849,tk-20260518094956-rs9kq5,MX,seedance2.0,324900,消费,-14.9454,"2026-05-18 09:49:56"
622748,tk-20260518094947-7wbu61,MX,seedance2.0,260100,消费,-11.9646,"2026-05-18 09:49:47"
622785,tk-20260518094931-th6amk,MX,seedance2.0,324900,消费,-14.9454,"2026-05-18 09:49:31"
622736,tk-20260518094909-mhz1ld,MX,seedance2.0,151078,消费,-6.9495,"2026-05-18 09:49:09"
622783,tk-20260518094906-ks4m49,MX,seedance2.0,151078,消费,-6.9495,"2026-05-18 09:49:06"
622834,tk-20260518094855-u9hnv3,MX,seedance2.0,324900,消费,-14.9454,"2026-05-18 09:48:55"
622781,tk-20260518094851-xhqt4g,MX,seedance2.0,324900,消费,-14.9454,"2026-05-18 09:48:51"
622779,tk-20260518094850-9397vi,MX,seedance2.0,324900,消费,-14.9454,"2026-05-18 09:48:50"
622813,tk-20260518094812-mh04ei,MX,seedance2.0,324900,消费,-14.9454,"2026-05-18 09:48:12"
622770,tk-20260518094805-ufm09w,MX,seedance2.0,324900,消费,-14.9454,"2026-05-18 09:48:05"
622769,tk-20260518094802-sy16pa,MX,seedance2.0,324900,消费,-14.9454,"2026-05-18 09:48:02"
622714,tk-20260518094751-n9oz8y,MX,seedance2.0,324900,消费,-14.9454,"2026-05-18 09:47:51"
622764,tk-20260518094748-mcdcky,MX,seedance2.0,324900,消费,-14.9454,"2026-05-18 09:47:48"
622762,tk-20260518094746-9rsue4,MX,seedance2.0,151078,消费,-6.9495,"2026-05-18 09:47:46"
622763,tk-20260518094745-alfzw1,MX,seedance2.0,324900,消费,-14.9454,"2026-05-18 09:47:45"
622713,tk-20260518094740-49hakt,MX,seedance2.0,216900,消费,-9.9774,"2026-05-18 09:47:40"
622761,tk-20260518094738-knstmp,MX,seedance2.0,324900,消费,-14.9454,"2026-05-18 09:47:38"
622760,tk-20260518094726-05xz1w,MX,seedance2.0,324900,消费,-14.9454,"2026-05-18 09:47:26"
622758,tk-20260518094715-lhxgqf,MX,seedance2.0,324900,消费,-14.9454,"2026-05-18 09:47:15"
622757,tk-20260518094705-a8zeno,MX,seedance2.0,324900,消费,-14.9454,"2026-05-18 09:47:05"
622759,tk-20260518094705-wo8ybf,MX,seedance2.0,108900,消费,-5.0094,"2026-05-18 09:47:05"
622745,tk-20260518094648-ybis07,MX,seedance2.0,151078,消费,-6.9495,"2026-05-18 09:46:48"
622746,tk-20260518094648-fte0t7,MX,seedance2.0,260100,消费,-11.9646,"2026-05-18 09:46:48"
622992,tk-20260518094640-dnxn2z,MX,seedance2.0,151078,消费,-6.9495,"2026-05-18 09:46:40"
622744,tk-20260518094636-81utsp,MX,seedance2.0,216900,消费,-9.9774,"2026-05-18 09:46:36"
622738,tk-20260518094624-deq4tq,MX,seedance2.0,324900,消费,-14.9454,"2026-05-18 09:46:24"
622679,tk-20260518094606-b8m5lb,MX,seedance2.0,130500,消费,-6.0030,"2026-05-18 09:46:06"
622735,tk-20260518094603-np0jvb,MX,seedance2.0,151078,消费,-6.9495,"2026-05-18 09:46:03"
622676,tk-20260518094553-swfrn9,MX,seedance2.0,324900,消费,-14.9454,"2026-05-18 09:45:53"
622733,tk-20260518094553-bmdq2a,MX,seedance2.0,324900,消费,-14.9454,"2026-05-18 09:45:53"
622731,tk-20260518094548-wk8xzv,MX,seedance2.0,324900,消费,-14.9454,"2026-05-18 09:45:48"
622730,tk-20260518094546-6wn5um,MX,seedance2.0,324900,消费,-14.9454,"2026-05-18 09:45:46"
622729,tk-20260518094544-qu020p,MX,seedance2.0,324900,消费,-14.9454,"2026-05-18 09:45:44"
622728,tk-20260518094543-bk43p8,MX,seedance2.0,324900,消费,-14.9454,"2026-05-18 09:45:43"
622726,tk-20260518094533-3i2lh4,MX,seedance2.0,324900,消费,-14.9454,"2026-05-18 09:45:33"
622724,tk-20260518094526-vxz07y,MX,seedance2.0,324900,消费,-14.9454,"2026-05-18 09:45:26"
622720,tk-20260518094515-8u3781,MX,seedance2.0,324900,消费,-14.9454,"2026-05-18 09:45:15"
622768,tk-20260518094506-f5kbuz,MX,seedance2.0,260100,消费,-11.9646,"2026-05-18 09:45:06"
622716,tk-20260518094454-mpjyw5,MX,seedance2.0,324900,消费,-14.9454,"2026-05-18 09:44:54"
622712,tk-20260518094451-rlv2ju,MX,seedance2.0,324900,消费,-14.9454,"2026-05-18 09:44:51"
622711,tk-20260518094449-yrncrn,MX,seedance2.0,324900,消费,-14.9454,"2026-05-18 09:44:49"
622660,tk-20260518094442-sv3wlo,MX,seedance2.0,324900,消费,-14.9454,"2026-05-18 09:44:42"
622708,tk-20260518094442-orb3jl,MX,seedance2.0,324900,消费,-14.9454,"2026-05-18 09:44:42"
622706,tk-20260518094440-tfntxf,MX,seedance2.0,324900,消费,-14.9454,"2026-05-18 09:44:40"
622658,tk-20260518094435-fgo85p,MX,seedance2.0,324900,消费,-14.9454,"2026-05-18 09:44:35"
622705,tk-20260518094434-kouwyx,MX,seedance2.0,324900,消费,-14.9454,"2026-05-18 09:44:34"
622704,tk-20260518094432-1k4yas,MX,seedance2.0,324900,消费,-14.9454,"2026-05-18 09:44:32"
622701,tk-20260518094424-1ek65j,MX,seedance2.0,324900,消费,-14.9454,"2026-05-18 09:44:24"
622699,tk-20260518094412-5jiwq6,MX,seedance2.0,324900,消费,-14.9454,"2026-05-18 09:44:12"
622697,tk-20260518094407-tm6qep,MX,seedance2.0,324900,消费,-14.9454,"2026-05-18 09:44:07"
622647,tk-20260518094357-0xtrm6,MX,seedance2.0,324900,消费,-14.9454,"2026-05-18 09:43:57"
622749,tk-20260518094356-ycq98k,MX,seedance2.0,324900,消费,-14.9454,"2026-05-18 09:43:56"
622848,tk-20260518094356-sj5537,MX,seedance2.0,324900,消费,-14.9454,"2026-05-18 09:43:56"
622695,tk-20260518094353-1nqjf8,MX,seedance2.0,324900,消费,-14.9454,"2026-05-18 09:43:53"
622693,tk-20260518094346-imrbkd,MX,seedance2.0,324900,消费,-14.9454,"2026-05-18 09:43:46"
622694,tk-20260518094346-xofc15,MX,seedance2.0,324900,消费,-14.9454,"2026-05-18 09:43:46"
622688,tk-20260518094328-3nsrto,MX,seedance2.0,324900,消费,-14.9454,"2026-05-18 09:43:28"
622683,tk-20260518094321-bqmlt9,MX,seedance2.0,216900,消费,-9.9774,"2026-05-18 09:43:21"
622681,tk-20260518094306-utub30,MX,seedance2.0,324900,消费,-14.9454,"2026-05-18 09:43:06"
622678,tk-20260518094304-1k12zp,MX,seedance2.0,303300,消费,-13.9518,"2026-05-18 09:43:04"
622675,tk-20260518094248-jles6g,MX,seedance2.0,324900,消费,-14.9454,"2026-05-18 09:42:48"
622674,tk-20260518094241-x9qwse,MX,seedance2.0,324900,消费,-14.9454,"2026-05-18 09:42:41"
622670,tk-20260518094229-46h4md,MX,seedance2.0,324900,消费,-14.9454,"2026-05-18 09:42:29"
622666,tk-20260518094212-td9q0c,MX,seedance2.0,324900,消费,-14.9454,"2026-05-18 09:42:12"
622665,tk-20260518094202-b17oue,MX,seedance2.0,324900,消费,-14.9454,"2026-05-18 09:42:02"
622663,tk-20260518094155-hgpv84,MX,seedance2.0,324900,消费,-14.9454,"2026-05-18 09:41:55"
622661,tk-20260518094146-btn7j0,MX,seedance2.0,324900,消费,-14.9454,"2026-05-18 09:41:46"
622657,tk-20260518094131-gwni4a,MX,seedance2.0,260100,消费,-11.9646,"2026-05-18 09:41:31"
622655,tk-20260518094130-iywjnc,MX,seedance2.0,324900,消费,-14.9454,"2026-05-18 09:41:30"
622656,tk-20260518094126-m09qnr,MX,seedance2.0,152100,消费,-6.9966,"2026-05-18 09:41:26"
622653,tk-20260518094122-23zzbb,MX,seedance2.0,324900,消费,-14.9454,"2026-05-18 09:41:22"
622652,tk-20260518094117-14tvxe,MX,seedance2.0,324900,消费,-14.9454,"2026-05-18 09:41:17"
622649,tk-20260518094104-8ltmmi,MX,seedance2.0,281700,消费,-12.9582,"2026-05-18 09:41:04"
622698,tk-20260518094102-ol6vky,MX,seedance2.0,324900,消费,-14.9454,"2026-05-18 09:41:02"
622645,tk-20260518094049-qzsb6i,MX,seedance2.0,324900,消费,-14.9454,"2026-05-18 09:40:49"
622610,tk-20260518094039-ujdjb5,MX,seedance2.0,87300,消费,-4.0158,"2026-05-18 09:40:39"
622644,tk-20260518094036-6yzhvw,MX,seedance2.0,324900,消费,-14.9454,"2026-05-18 09:40:36"
622639,tk-20260518094007-mlhr9a,MX,seedance2.0,324900,消费,-14.9454,"2026-05-18 09:40:07"
622640,tk-20260518094002-v50h8g,MX,seedance2.0,152100,消费,-6.9966,"2026-05-18 09:40:02"
622638,tk-20260518093954-bgyikw,MX,seedance2.0,324900,消费,-14.9454,"2026-05-18 09:39:54"
622634,tk-20260518093937-g507u9,MX,seedance2.0,324900,消费,-14.9454,"2026-05-18 09:39:37"
622598,tk-20260518093936-1u8p3j,MX,seedance2.0,324900,消费,-14.9454,"2026-05-18 09:39:36"
622633,tk-20260518093930-xricli,MX,seedance2.0,260100,消费,-11.9646,"2026-05-18 09:39:30"
622632,tk-20260518093922-peduvo,MX,seedance2.0,324900,消费,-14.9454,"2026-05-18 09:39:22"
622629,tk-20260518093917-tyd1pd,MX,seedance2.0,324900,消费,-14.9454,"2026-05-18 09:39:17"
622628,tk-20260518093911-si4vz3,MX,seedance2.0,324900,消费,-14.9454,"2026-05-18 09:39:11"
622627,tk-20260518093910-n1swlh,MX,seedance2.0,216900,消费,-9.9774,"2026-05-18 09:39:10"
622593,tk-20260518093851-13wl9y,MX,seedance2.0,108900,消费,-5.0094,"2026-05-18 09:38:51"
622587,tk-20260518093837-11zx63,MX,seedance2.0,324900,消费,-14.9454,"2026-05-18 09:38:37"
622621,tk-20260518093824-41lkys,MX,seedance2.0,324900,消费,-14.9454,"2026-05-18 09:38:24"
622618,tk-20260518093818-gwwgkq,MX,seedance2.0,324900,消费,-14.9454,"2026-05-18 09:38:18"
622581,tk-20260518093811-zka6ia,MX,seedance2.0,130500,消费,-6.0030,"2026-05-18 09:38:11"
622582,tk-20260518093810-64dmxq,MX,seedance2.0,87300,消费,-4.0158,"2026-05-18 09:38:10"
622580,tk-20260518093809-jpmqgw,MX,seedance2.0,260100,消费,-11.9646,"2026-05-18 09:38:09"
622616,tk-20260518093809-5jeypl,MX,seedance2.0,195300,消费,-8.9838,"2026-05-18 09:38:09"
622613,tk-20260518093742-qinaj2,MX,seedance2.0,324900,消费,-14.9454,"2026-05-18 09:37:42"
622574,tk-20260518093732-h19n5h,MX,seedance2.0,324900,消费,-14.9454,"2026-05-18 09:37:32"
622572,tk-20260518093718-juh3wj,MX,seedance2.0,324900,消费,-14.9454,"2026-05-18 09:37:18"
622606,tk-20260518093653-ojcs6t,MX,seedance2.0,324900,消费,-14.9454,"2026-05-18 09:36:53"
622602,tk-20260518093652-ak19q2,MX,seedance2.0,324900,消费,-14.9454,"2026-05-18 09:36:52"
622601,tk-20260518093638-bl37ek,MX,seedance2.0,260100,消费,-11.9646,"2026-05-18 09:36:38"
622596,tk-20260518093623-gtw35s,MX,seedance2.0,324900,消费,-14.9454,"2026-05-18 09:36:23"
622566,tk-20260518093619-i6n2t8,MX,seedance2.0,152100,消费,-6.9966,"2026-05-18 09:36:19"
622592,tk-20260518093550-rw18j9,MX,seedance2.0,324900,消费,-14.9454,"2026-05-18 09:35:50"
622561,tk-20260518093536-oythor,MX,seedance2.0,130500,消费,-6.0030,"2026-05-18 09:35:36"
622560,tk-20260518093535-ed3uoj,MX,seedance2.0,324900,消费,-14.9454,"2026-05-18 09:35:35"
622555,tk-20260518093502-1iqvs1,MX,seedance2.0,108900,消费,-5.0094,"2026-05-18 09:35:02"
622553,tk-20260518093458-9ewnuz,MX,seedance2.0,324900,消费,-14.9454,"2026-05-18 09:34:58"
622577,tk-20260518093443-b0ejp7,MX,seedance2.0,324900,消费,-14.9454,"2026-05-18 09:34:43"
622568,tk-20260518093343-xxx1v6,MX,seedance2.0,324900,消费,-14.9454,"2026-05-18 09:33:43"
622569,tk-20260518093343-5zxodo,MX,seedance2.0,324900,消费,-14.9454,"2026-05-18 09:33:43"
622545,tk-20260518093323-hc14j7,MX,seedance2.0,324900,消费,-14.9454,"2026-05-18 09:33:23"
622563,tk-20260518093305-j912g8,MX,seedance2.0,173700,消费,-7.9902,"2026-05-18 09:33:05"
622541,tk-20260518093302-my1mzx,MX,seedance2.0,151078,消费,-6.9495,"2026-05-18 09:33:02"
622540,tk-20260518093253-tc7kqb,MX,seedance2.0,324900,消费,-14.9454,"2026-05-18 09:32:53"
622556,tk-20260518093216-smn6mm,MX,seedance2.0,324900,消费,-14.9454,"2026-05-18 09:32:16"
622549,tk-20260518093146-7xttkc,MX,seedance2.0,238500,消费,-10.9710,"2026-05-18 09:31:46"
622522,tk-20260518093124-1p2z2n,MX,seedance2.0,216900,消费,-9.9774,"2026-05-18 09:31:24"
622521,tk-20260518093104-bnrx78,MX,seedance2.0,152100,消费,-6.9966,"2026-05-18 09:31:04"
622547,tk-20260518093102-hy4thq,MX,seedance2.0,238500,消费,-10.9710,"2026-05-18 09:31:02"
622518,tk-20260518093051-m8quhb,MX,seedance2.0,216900,消费,-9.9774,"2026-05-18 09:30:51"
622516,tk-20260518093035-0p1v9p,MX,seedance2.0,130500,消费,-6.0030,"2026-05-18 09:30:35"
622508,tk-20260518092954-w22na2,MX,seedance2.0,195300,消费,-8.9838,"2026-05-18 09:29:54"
622538,tk-20260518092948-l7nn1l,MX,seedance2.0,324900,消费,-14.9454,"2026-05-18 09:29:48"
622537,tk-20260518092943-t2b7z3,MX,seedance2.0,324900,消费,-14.9454,"2026-05-18 09:29:43"
622506,tk-20260518092937-e8budv,MX,seedance2.0,216900,消费,-9.9774,"2026-05-18 09:29:37"
622471,tk-20260518092917-ooucv1,MX,seedance2.0,130500,消费,-6.0030,"2026-05-18 09:29:17"
622532,tk-20260518092910-zqpom3,MX,seedance2.0,324900,消费,-14.9454,"2026-05-18 09:29:10"
622498,tk-20260518092858-7t4w2d,MX,seedance2.0,216900,消费,-9.9774,"2026-05-18 09:28:58"
622530,tk-20260518092854-unygy9,MX,seedance2.0,324900,消费,-14.9454,"2026-05-18 09:28:54"
622529,tk-20260518092846-2mnni9,MX,seedance2.0,152100,消费,-6.9966,"2026-05-18 09:28:46"
622519,tk-20260518092757-8szrpb,MX,seedance2.0,281700,消费,-12.9582,"2026-05-18 09:27:57"
622484,tk-20260518092732-5vh116,MX,seedance2.0,324900,消费,-14.9454,"2026-05-18 09:27:32"
622483,tk-20260518092730-uiflio,MX,seedance2.0,324900,消费,-14.9454,"2026-05-18 09:27:30"
622486,tk-20260518092728-l8oxe8,MX,seedance2.0,324900,消费,-14.9454,"2026-05-18 09:27:28"
622482,tk-20260518092724-ehezhg,MX,seedance2.0,324900,消费,-14.9454,"2026-05-18 09:27:24"
622511,tk-20260518092715-en0jox,MX,seedance2.0,324900,消费,-14.9454,"2026-05-18 09:27:15"
622513,tk-20260518092710-1ggc4b,MX,seedance2.0,324900,消费,-14.9454,"2026-05-18 09:27:10"
622505,tk-20260518092645-jhq4r4,MX,seedance2.0,324900,消费,-14.9454,"2026-05-18 09:26:45"
622474,tk-20260518092624-ufp4d3,MX,seedance2.0,151078,消费,-6.9495,"2026-05-18 09:26:24"
622503,tk-20260518092622-3tq3qz,MX,seedance2.0,173700,消费,-7.9902,"2026-05-18 09:26:22"
622465,tk-20260518092515-v7cew2,MX,seedance2.0,108900,消费,-5.0094,"2026-05-18 09:25:15"
622492,tk-20260518092515-0hd9as,MX,seedance2.0,324900,消费,-14.9454,"2026-05-18 09:25:15"
622495,tk-20260518092515-xgx2z2,MX,seedance2.0,216900,消费,-9.9774,"2026-05-18 09:25:15"
622494,tk-20260518092514-74f66g,MX,seedance2.0,151078,消费,-6.9495,"2026-05-18 09:25:14"
622487,tk-20260518092440-330jhu,MX,seedance2.0,324900,消费,-14.9454,"2026-05-18 09:24:40"
622463,tk-20260518092437-zi4tv3,MX,seedance2.0,87300,消费,-4.0158,"2026-05-18 09:24:37"
622485,tk-20260518092437-fi9gw8,MX,seedance2.0,324900,消费,-14.9454,"2026-05-18 09:24:37"
622479,tk-20260518092406-kkjv0f,MX,seedance2.0,260100,消费,-11.9646,"2026-05-18 09:24:06"
622459,tk-20260518092348-czejcq,MX,seedance2.0,151078,消费,-6.9495,"2026-05-18 09:23:48"
622455,tk-20260518092335-cbsa5n,MX,seedance2.0,152100,消费,-6.9966,"2026-05-18 09:23:35"
622453,tk-20260518092321-dxhtie,MX,seedance2.0,324900,消费,-14.9454,"2026-05-18 09:23:21"
622452,tk-20260518092320-3g00x7,MX,seedance2.0,152100,消费,-6.9966,"2026-05-18 09:23:20"
622472,tk-20260518092319-qiqt0d,MX,seedance2.0,324900,消费,-14.9454,"2026-05-18 09:23:19"
622450,tk-20260518092317-w4sgda,MX,seedance2.0,151078,消费,-6.9495,"2026-05-18 09:23:17"
622441,tk-20260518092231-ig565p,MX,seedance2.0,324900,消费,-14.9454,"2026-05-18 09:22:31"
622437,tk-20260518092150-2cuk2x,MX,seedance2.0,130990,消费,-6.0255,"2026-05-18 09:21:50"
622431,tk-20260518092100-94vwtn,MX,seedance2.0,324900,消费,-14.9454,"2026-05-18 09:21:00"
622428,tk-20260518092044-zkvh49,MX,seedance2.0,216900,消费,-9.9774,"2026-05-18 09:20:44"
622458,tk-20260518092035-8nbhgi,MX,seedance2.0,195300,消费,-8.9838,"2026-05-18 09:20:35"
622425,tk-20260518092002-hr6evo,MX,seedance2.0,216900,消费,-9.9774,"2026-05-18 09:20:02"
622447,tk-20260518091950-3sos0m,MX,seedance2.0,324900,消费,-14.9454,"2026-05-18 09:19:50"
622445,tk-20260518091945-tmkhpw,MX,seedance2.0,281700,消费,-12.9582,"2026-05-18 09:19:45"
622422,tk-20260518091943-kk1kmk,MX,seedance2.0,324900,消费,-14.9454,"2026-05-18 09:19:43"
622443,tk-20260518091939-8an89w,MX,seedance2.0,324900,消费,-14.9454,"2026-05-18 09:19:39"
622442,tk-20260518091934-jvjycq,MX,seedance2.0,324900,消费,-14.9454,"2026-05-18 09:19:34"
622439,tk-20260518091923-wp9b2c,MX,seedance2.0,324900,消费,-14.9454,"2026-05-18 09:19:23"
622434,tk-20260518091809-t64cp0,MX,seedance2.0,216900,消费,-9.9774,"2026-05-18 09:18:09"
622419,tk-20260518091808-snkzbg,MX,seedance2.0,87300,消费,-4.0158,"2026-05-18 09:18:08"
622429,tk-20260518091754-v5hiiv,MX,seedance2.0,87300,消费,-4.0158,"2026-05-18 09:17:54"
622415,tk-20260518091745-a0dbs4,MX,seedance2.0,324900,消费,-14.9454,"2026-05-18 09:17:45"
622414,tk-20260518091725-oqxg7k,MX,seedance2.0,324900,消费,-14.9454,"2026-05-18 09:17:25"
622451,tk-20260518091717-5wej0e,MX,seedance2.0,260100,消费,-11.9646,"2026-05-18 09:17:17"
622423,tk-20260518091640-xlre0v,MX,seedance2.0,195300,消费,-8.9838,"2026-05-18 09:16:40"
622420,tk-20260518091634-rbdpp3,MX,seedance2.0,324900,消费,-14.9454,"2026-05-18 09:16:34"
622413,tk-20260518091617-pt3wy4,MX,seedance2.0,151078,消费,-6.9495,"2026-05-18 09:16:17"
622411,tk-20260518091602-u3uta1,MX,seedance2.0,130500,消费,-6.0030,"2026-05-18 09:16:02"
622417,tk-20260518091455-gxsgks,MX,seedance2.0,324900,消费,-14.9454,"2026-05-18 09:14:55"
622412,tk-20260518091302-xrv9od,MX,seedance2.0,173700,消费,-7.9902,"2026-05-18 09:13:02"
622409,tk-20260518091245-p9uufy,MX,seedance2.0,151078,消费,-6.9495,"2026-05-18 09:12:45"
622407,tk-20260518091234-j5hal5,MX,seedance2.0,216900,消费,-9.9774,"2026-05-18 09:12:34"
622406,tk-20260518091227-sddi9g,MX,seedance2.0,324900,消费,-14.9454,"2026-05-18 09:12:27"
622405,tk-20260518091214-2v6xeh,MX,seedance2.0,324900,消费,-14.9454,"2026-05-18 09:12:14"
622384,tk-20260518091047-aryyem,MX,seedance2.0,141034,消费,-6.4875,"2026-05-18 09:10:47"
622383,tk-20260518091000-104zzo,MX,seedance2.0,108900,消费,-5.0094,"2026-05-18 09:10:00"
622396,tk-20260518090952-o9cnly,MX,seedance2.0,324900,消费,-14.9454,"2026-05-18 09:09:52"
622395,tk-20260518090949-y9wy9u,MX,seedance2.0,324900,消费,-14.9454,"2026-05-18 09:09:49"
622408,tk-20260518090944-zeribm,MX,seedance2.0,324900,消费,-14.9454,"2026-05-18 09:09:44"
622381,tk-20260518090940-e1nkgy,MX,seedance2.0,324900,消费,-14.9454,"2026-05-18 09:09:40"
622379,tk-20260518090935-8fmu94,MX,seedance2.0,324900,消费,-14.9454,"2026-05-18 09:09:35"
622391,tk-20260518090854-d186t8,MX,seedance2.0,324900,消费,-14.9454,"2026-05-18 09:08:54"
622377,tk-20260518090850-2zbig4,MX,seedance2.0,173700,消费,-7.9902,"2026-05-18 09:08:50"
622388,tk-20260518090839-plhgfr,MX,seedance2.0,324900,消费,-14.9454,"2026-05-18 09:08:39"
622387,tk-20260518090823-5wxlf2,MX,seedance2.0,324900,消费,-14.9454,"2026-05-18 09:08:23"
622386,tk-20260518090803-yqiqy5,MX,seedance2.0,324900,消费,-14.9454,"2026-05-18 09:08:03"
622400,tk-20260518090734-pw7b6i,MX,seedance2.0,324900,消费,-14.9454,"2026-05-18 09:07:34"
622393,tk-20260518090619-7r05bi,MX,seedance2.0,324900,消费,-14.9454,"2026-05-18 09:06:19"
622374,tk-20260518090605-c0ri1r,MX,seedance2.0,324900,消费,-14.9454,"2026-05-18 09:06:05"
622373,tk-20260518090558-7yakyf,MX,seedance2.0,60682,消费,-2.7913,"2026-05-18 09:05:58"
622390,tk-20260518090548-fqumk1,MX,seedance2.0,324900,消费,-14.9454,"2026-05-18 09:05:48"
622376,tk-20260518090534-nbzlx1,MX,seedance2.0,324900,消费,-14.9454,"2026-05-18 09:05:34"
622375,tk-20260518090518-0ikjp2,MX,seedance2.0,324900,消费,-14.9454,"2026-05-18 09:05:18"
622368,tk-20260518090411-0sd8ai,MX,seedance2.0,324900,消费,-14.9454,"2026-05-18 09:04:11"
622366,tk-20260518090220-lpqfkg,MX,seedance2.0,324900,消费,-14.9454,"2026-05-18 09:02:20"
622365,tk-20260518090123-va1765,MX,seedance2.0,130500,消费,-6.0030,"2026-05-18 09:01:23"
622360,tk-20260518090035-u9t2qz,MX,seedance2.0,90814,消费,-4.1774,"2026-05-18 09:00:35"
622363,tk-20260518085918-4idimq,MX,seedance2.0,281700,消费,-12.9582,"2026-05-18 08:59:18"
622362,tk-20260518085816-28ylh9,MX,seedance2.0,152100,消费,-6.9966,"2026-05-18 08:58:16"
622361,tk-20260518085733-6q2qc1,MX,seedance2.0,324900,消费,-14.9454,"2026-05-18 08:57:33"
622267,tk-20260518024050-xpxhh7,MX,seedance2.0,324900,消费,-14.9454,"2026-05-18 02:40:50"
622266,tk-20260518023943-44bx2y,MX,seedance2.0,324900,消费,-14.9454,"2026-05-18 02:39:43"
622265,tk-20260518023931-a2gos8,MX,seedance2.0,324900,消费,-14.9454,"2026-05-18 02:39:31"
622261,tk-20260518023226-8sb2q9,MX,seedance2.0,324900,消费,-14.9454,"2026-05-18 02:32:26"
622258,tk-20260518021938-fp9nmg,MX,seedance2.0,324900,消费,-14.9454,"2026-05-18 02:19:38"
622257,tk-20260518021932-a7l0eg,MX,seedance2.0,324900,消费,-14.9454,"2026-05-18 02:19:32"
622256,tk-20260518021444-0vci7v,MX,seedance2.0,324900,消费,-14.9454,"2026-05-18 02:14:44"
622251,tk-20260518014906-1v11op,MX,seedance2.0,324900,消费,-14.9454,"2026-05-18 01:49:06"
622245,tk-20260518013716-lvlapp,MX,seedance2.0,324900,消费,-14.9454,"2026-05-18 01:37:16"
622234,tk-20260518010625-7yvmg3,MX,seedance2.0,324900,消费,-14.9454,"2026-05-18 01:06:25"
622212,tk-20260518004227-4vhv1r,MX,seedance2.0,324900,消费,-14.9454,"2026-05-18 00:42:27"
622208,tk-20260518003808-hvo90d,MX,seedance2.0,324900,消费,-14.9454,"2026-05-18 00:38:08"
622206,tk-20260518003708-0808jy,MX,seedance2.0,324900,消费,-14.9454,"2026-05-18 00:37:08"
622209,tk-20260518003512-fvkrl7,MX,seedance2.0,324900,消费,-14.9454,"2026-05-18 00:35:12"
622202,tk-20260518003358-mw3l8z,MX,seedance2.0,324900,消费,-14.9454,"2026-05-18 00:33:58"
622188,tk-20260518002049-3n2aft,MX,seedance2.0,324900,消费,-14.9454,"2026-05-18 00:20:49"
